Date,Max TemperatureC,Mean TemperatureC,Min TemperatureC,Dew PointC,MeanDew PointC,Min DewpointC,Max Humidity, Mean Humidity, Min Humidity, Max Sea Level PressurehPa, Mean Sea Level PressurehPa, Min Sea Level PressurehPa, Max VisibilityKm, Mean VisibilityKm, Min VisibilitykM, Max Wind SpeedKm/h, Mean Wind SpeedKm/h, Max Gust SpeedKm/h,Precipitationmm, CloudCover, Events,WindDirDegrees,LocationId
 2016-1-1,29,27,24,26,24,23,100,84,64,1014,1013,1011,14,9,5,24,8,NULL,0.76,5,Rain,16,12
 2016-1-2,28,26,23,26,24,23,100,90,82,1016,1013,1011,16,9,2,27,6,45,38.1,6,Rain-Thunderstorm,9,12
 2016-1-3,27,24,23,25,24,23,100,92,83,1016,1013,1011,14,8,2,11,5,NULL,8.89,6,Rain,343,12
 2016-1-4,32,28,24,26,24,23,100,83,62,1015,1013,1011,18,10,7,23,8,NULL,0,6,NULL,48,12
 2016-1-5,32,29,26,26,25,23,94,82,55,1014,1013,1009,16,11,10,21,8,NULL,0,5,NULL,40,12
 2016-1-6,31,29,26,25,25,24,89,80,62,1015,1013,1010,19,11,5,21,11,NULL,0,5,Rain,43,12
 2016-1-7,32,29,27,25,24,22,89,76,57,1015,1013,1011,18,11,10,21,11,NULL,0,6,NULL,37,12
 2016-1-8,32,29,26,25,24,23,89,76,48,1014,1012,1010,18,11,10,24,10,NULL,2.03,5,NULL,39,12
 2016-1-9,32,29,26,25,24,23,94,78,54,1014,1012,1010,16,10,6,26,11,NULL,2.03,6,Rain,33,12
 2016-1-10,32,29,27,25,24,23,89,78,57,1014,1012,1010,18,11,10,21,10,NULL,0,6,NULL,36,12
 2016-1-11,32,29,26,25,24,23,89,78,58,1014,1012,1009,18,10,8,19,8,NULL,0,5,Thunderstorm,36,12
 2016-1-12,32,29,27,25,24,23,89,76,54,1013,1011,1008,19,11,10,23,11,NULL,0,6,NULL,39,12
 2016-1-13,32,29,27,25,24,24,89,77,58,1012,1010,1008,16,10,10,24,11,NULL,0,6,NULL,42,12
 2016-1-14,32,29,27,26,25,24,94,79,63,1012,1010,1008,16,11,10,19,8,NULL,0.25,6,Rain,36,12
 2016-1-15,32,29,26,25,24,23,89,82,62,1011,1009,1007,16,10,2,16,6,NULL,5.08,5,Rain,359,12
 2016-1-16,33,29,26,26,25,24,94,84,54,1011,1009,1007,16,10,3,13,5,NULL,11.94,6,Rain,11,12
 2016-1-17,32,28,24,26,25,23,100,86,67,1012,1010,1007,16,10,1,13,6,NULL,28.96,5,Rain-Thunderstorm,9,12
 2016-1-18,32,28,23,26,25,23,94,81,59,1011,1009,1006,16,9,4,23,6,NULL,3.05,6,Rain,27,12
 2016-1-19,32,29,26,26,24,23,91,79,61,1014,1010,1008,16,11,10,23,8,NULL,2.03,6,Rain,30,12
 2016-1-20,31,29,27,26,24,23,94,78,56,1014,1012,1009,16,10,9,21,6,NULL,0.51,6,Rain,31,12
 2016-1-21,32,29,27,25,24,22,89,77,55,1013,1011,1010,18,11,10,19,10,NULL,0.51,6,Rain,30,12
 2016-1-22,31,29,26,26,25,24,94,79,64,1014,1011,1009,16,10,8,21,8,NULL,0,5,Rain-Thunderstorm,23,12
 2016-1-23,32,29,26,25,24,23,89,77,53,1014,1012,1010,18,10,7,23,10,NULL,0,5,Rain,21,12
 2016-1-24,32,29,27,25,24,24,89,77,57,1015,1012,1010,18,11,8,32,11,42,0,6,Rain,26,12
 2016-1-25,32,29,27,25,24,22,84,76,59,1014,1013,1010,14,10,8,32,13,NULL,2.03,6,Rain,39,12
 2016-1-26,30,28,25,25,24,23,89,81,66,1014,1012,1009,14,10,5,24,11,NULL,2.03,5,Rain,39,12
 2016-1-27,32,29,26,26,25,23,94,79,59,1013,1011,1009,18,10,3,24,11,NULL,1.02,6,Rain,41,12
 2016-1-28,33,29,26,26,25,24,89,77,55,1013,1011,1008,16,10,8,21,10,NULL,0,6,Rain,37,12
 2016-1-29,32,29,26,26,25,24,94,79,60,1013,1011,1009,16,10,7,23,10,NULL,0,6,NULL,19,12
 2016-1-30,32,29,26,25,24,23,89,77,52,1013,1011,1008,18,11,10,23,8,NULL,0,6,NULL,22,12
 2016-1-31,32,29,26,25,24,23,84,75,53,1012,1010,1008,18,10,10,21,8,NULL,0,6,NULL,17,12
 2016-2-1,32,29,26,25,24,22,94,74,54,1012,1010,1008,18,11,10,26,10,35,0,6,NULL,17,12
 2016-2-2,32,28,24,25,24,23,100,79,54,1012,1010,1008,18,10,3,21,8,32,8.89,6,Rain,11,12
 2016-2-3,32,29,25,25,24,22,89,77,51,1012,1010,1008,18,11,10,23,8,NULL,0,6,NULL,23,12
 2016-2-4,32,29,26,25,24,24,89,79,64,1012,1010,1007,18,11,10,16,8,NULL,0.25,5,Rain,21,12
 2016-2-5,31,28,26,26,25,24,94,81,61,1011,1009,1006,16,11,10,19,8,NULL,0.25,5,Rain,36,12
 2016-2-6,32,29,26,26,25,24,94,81,60,1011,1009,1007,18,10,8,27,14,NULL,0.25,5,Rain-Thunderstorm,40,12
 2016-2-7,28,27,25,26,24,23,100,85,70,1012,1010,1008,10,7,3,32,16,42,9.91,6,Rain-Thunderstorm,37,12
 2016-2-8,29,27,25,24,23,22,83,74,64,1013,1011,1009,11,9,6,23,16,40,0,6,Rain,27,12
 2016-2-9,28,27,26,23,23,22,83,79,68,1013,1011,1010,10,9,6,11,8,NULL,0,6,Rain,360,12
 2016-2-10,28,27,25,25,23,23,89,82,70,1013,1011,1009,11,9,6,14,8,34,0.25,6,Rain,8,12
 2016-2-11,30,28,26,25,24,24,94,84,65,1012,1010,1009,19,10,9,16,10,NULL,0.25,6,Rain,25,12
 2016-2-12,32,28,24,26,24,20,94,81,61,1012,1010,1008,18,10,7,21,10,NULL,0.51,6,Rain,27,12
 2016-2-13,32,28,24,26,25,24,94,81,57,1012,1011,1008,18,10,9,21,11,NULL,0,6,NULL,50,12
 2016-2-14,32,29,26,26,25,24,94,81,62,1013,1011,1009,16,10,5,21,10,NULL,1.02,6,Rain,53,12
 2016-2-15,32,29,26,26,25,24,94,79,57,1014,1012,1009,18,10,10,24,11,NULL,0,6,NULL,39,12
 2016-2-16,32,29,27,25,24,22,89,76,54,1015,1013,1011,19,11,10,26,14,35,0,6,NULL,35,12
 2016-2-17,31,28,26,23,22,20,79,69,48,1015,1013,1011,18,11,10,26,14,NULL,0,6,NULL,37,12
 2016-2-18,31,28,25,24,23,22,89,76,57,1014,1012,1010,16,10,8,26,8,NULL,7.87,6,Rain,33,12
 2016-2-19,28,26,23,25,24,23,100,93,79,1015,1013,1010,10,6,2,21,6,35,21.08,7,Rain,348,12
 2016-2-20,29,27,23,26,24,23,100,86,67,1015,1013,1011,14,8,4,19,6,NULL,2.03,7,Rain,12,12
 2016-2-21,31,28,24,24,23,23,89,78,61,1016,1013,1011,14,10,10,32,10,NULL,0,6,NULL,24,12
 2016-2-22,32,28,25,24,23,22,84,73,51,1016,1014,1012,18,10,10,21,10,NULL,0,6,NULL,24,12
 2016-2-23,32,29,26,25,24,23,89,78,59,1015,1013,1010,18,10,9,21,8,NULL,0,5,NULL,20,12
 2016-2-24,29,26,23,25,24,23,100,89,78,1014,1012,1011,11,8,1,19,8,47,58.93,5,Rain-Thunderstorm,9,12
 2016-2-25,31,27,23,24,23,22,94,77,55,1015,1013,1011,14,10,9,27,11,42,0,6,Rain,22,12
 2016-2-26,31,28,26,24,23,22,83,72,52,1015,1013,1011,18,10,10,24,13,NULL,0,5,NULL,36,12
 2016-2-27,32,28,25,25,24,23,94,77,56,1015,1013,1011,18,10,7,24,11,NULL,0,5,NULL,31,12
 2016-2-28,32,29,26,25,24,23,89,76,56,1015,1013,1011,16,10,6,27,13,NULL,0,6,NULL,27,12
 2016-2-29,32,29,27,25,24,23,84,75,55,1015,1013,1011,14,9,7,27,16,NULL,0,6,NULL,35,12
 2016-3-1,32,29,26,24,24,23,89,75,54,1015,1013,1010,16,10,9,24,13,42,0,6,NULL,28,12
 2016-3-2,31,29,26,24,24,23,89,77,59,1014,1013,1011,18,10,7,26,13,40,0,6,Rain,29,12
 2016-3-3,32,29,27,25,24,23,84,76,59,1015,1013,1010,16,10,8,26,11,34,0,6,NULL,30,12
 2016-3-4,31,29,27,25,24,23,89,77,57,1014,1012,1009,16,10,9,24,11,NULL,0.51,6,Rain,30,12
 2016-3-5,32,29,26,26,24,24,94,80,58,1013,1011,1008,19,11,10,26,10,NULL,0,6,NULL,29,12
 2016-3-6,32,29,27,26,24,23,89,77,53,1013,1011,1008,19,11,10,23,11,NULL,0,5,NULL,39,12
 2016-3-7,32,29,26,26,25,24,89,80,58,1013,1011,1008,18,11,10,23,10,NULL,0,6,Rain,35,12
 2016-3-8,32,29,27,26,25,24,89,81,65,1012,1010,1008,16,10,9,13,8,NULL,0.51,5,Rain-Thunderstorm,50,12
 2016-3-9,33,30,27,26,25,24,89,77,53,1012,1010,1007,18,11,10,19,11,NULL,0,6,NULL,44,12
 2016-3-10,33,30,27,26,25,24,89,78,53,1013,1011,1009,16,11,8,21,8,NULL,2.03,5,Rain,45,12
 2016-3-11,33,30,27,26,24,23,94,76,49,1013,1011,1008,19,10,6,23,10,NULL,0,6,NULL,40,12
 2016-3-12,32,29,26,25,24,22,89,75,54,1013,1011,1009,16,10,10,23,10,NULL,0,6,NULL,26,12
 2016-3-13,33,29,26,25,24,23,89,77,50,1014,1012,1010,19,10,7,21,11,NULL,2.03,5,Rain,39,12
 2016-3-14,33,29,26,26,25,24,89,77,59,1014,1011,1009,16,10,8,23,11,NULL,0,6,Rain,53,12
 2016-3-15,33,30,27,25,24,22,89,74,50,1013,1011,1008,18,11,10,23,11,NULL,0,6,NULL,35,12
 2016-3-16,33,29,25,24,23,22,89,71,43,1013,1011,1009,18,10,10,21,10,NULL,0,6,NULL,34,12
 2016-3-17,33,29,26,25,23,22,89,73,46,1013,1011,1008,18,10,8,24,10,NULL,0,6,NULL,48,12
 2016-3-18,33,29,26,24,23,23,89,73,48,1013,1010,1008,16,10,7,19,10,NULL,0,6,NULL,49,12
 2016-3-19,33,29,26,24,24,22,89,73,53,1012,1010,1007,16,11,9,23,11,NULL,0,6,NULL,46,12
 2016-3-20,33,30,26,25,24,24,84,74,51,1013,1010,1007,14,10,9,21,11,NULL,0,6,NULL,42,12
 2016-3-21,34,31,27,26,25,24,89,78,52,1012,1009,1006,11,10,7,23,8,NULL,0.25,5,Rain,44,12
 2016-3-22,33,29,26,26,25,24,94,81,58,1012,1009,1006,14,9,3,21,6,NULL,1.02,5,Rain-Thunderstorm,29,12
 2016-3-23,33,29,26,26,25,24,94,80,53,1013,1010,1008,14,9,6,16,6,NULL,0,6,NULL,24,12
 2016-3-24,33,30,26,26,24,23,89,74,54,1013,1011,1009,14,10,9,21,10,NULL,0,6,NULL,50,12
 2016-3-25,33,29,26,25,24,21,89,72,46,1016,1013,1011,14,10,8,23,8,NULL,0,6,NULL,38,12
 2016-3-26,33,30,26,25,23,21,84,67,45,1015,1013,1012,19,11,10,26,13,NULL,0,6,NULL,47,12
 2016-3-27,33,30,27,25,24,23,84,71,46,1015,1013,1011,18,10,9,24,13,39,0,6,NULL,40,12
 2016-3-28,34,30,27,24,23,22,84,69,43,1015,1013,1010,16,10,9,27,14,NULL,0,6,NULL,48,12
 2016-3-29,33,30,27,24,23,22,84,70,47,1015,1013,1010,14,9,6,26,13,NULL,0,6,NULL,39,12
 2016-3-30,33,30,27,24,23,22,84,70,46,1015,1013,1011,14,9,6,26,11,NULL,0,6,NULL,36,12
 2016-3-31,33,30,27,24,23,22,84,70,44,1013,1011,1009,18,9,3,21,11,NULL,0,6,NULL,30,12
 2016-4-1,34,30,27,24,23,22,84,70,44,1012,1010,1007,16,10,8,24,11,NULL,0,5,NULL,38,12
 2016-4-2,34,30,26,25,24,23,89,71,45,1013,1011,1008,18,10,8,24,10,NULL,0,6,NULL,44,12
 2016-4-3,32,29,26,26,25,23,89,79,58,1014,1011,1009,16,10,5,14,8,NULL,7.11,5,Rain-Thunderstorm,47,12
 2016-4-4,32,29,26,26,25,24,94,79,58,1013,1010,1007,16,10,5,19,8,NULL,5.08,6,Rain,53,12
 2016-4-5,32,29,27,26,25,25,89,79,60,1013,1010,1008,16,10,10,23,10,NULL,0,6,NULL,64,12
 2016-4-6,33,30,26,26,24,22,94,75,49,1013,1010,1008,18,10,9,21,8,NULL,0,6,NULL,57,12
 2016-4-7,33,29,26,25,24,20,89,72,45,1013,1010,1007,16,9,3,23,8,NULL,0,6,NULL,45,12
 2016-4-8,34,30,26,25,24,22,89,71,42,1012,1010,1008,16,10,3,21,10,NULL,0,6,NULL,45,12
 2016-4-9,33,29,26,26,25,24,94,79,62,1013,1010,1009,16,10,5,16,6,NULL,1.02,6,Rain-Thunderstorm,43,12
 2016-4-10,35,31,26,26,25,24,94,76,43,1013,1010,1008,14,9,4,21,8,NULL,0,6,Rain,46,12
 2016-4-11,33,30,27,26,25,23,89,75,52,1012,1009,1007,14,10,10,13,6,NULL,0,6,Rain,62,12
 2016-4-12,34,30,26,27,25,23,89,76,46,1012,1009,1006,14,9,1,14,5,45,8.89,6,Rain-Thunderstorm,292,12
 2016-4-13,33,29,26,26,24,23,84,74,51,1010,1009,1005,16,10,3,16,6,NULL,0,6,Rain-Thunderstorm,274,12
 2016-4-14,33,29,26,27,25,23,89,77,56,1011,1010,1008,14,9,6,13,5,NULL,8.89,5,Rain-Thunderstorm,210,12
 2016-4-15,31,28,26,27,25,23,94,79,59,1013,1010,1009,18,10,3,13,8,NULL,3.05,5,Rain-Thunderstorm,183,12
 2016-4-16,33,30,26,26,25,24,89,74,55,1012,1010,1006,16,11,10,23,8,NULL,0,5,Thunderstorm,93,12
 2016-4-17,34,30,27,26,25,23,84,75,51,1012,1009,1006,16,11,10,26,11,NULL,0,6,NULL,102,12
 2016-4-18,34,31,27,26,24,23,94,72,49,1012,1010,1006,14,10,5,23,6,NULL,0,6,NULL,88,12
 2016-4-19,34,31,27,26,25,24,89,72,45,1012,1010,1007,18,11,10,21,10,NULL,0.25,6,Rain-Thunderstorm,44,12
 2016-4-20,33,30,27,26,25,24,89,77,59,1012,1010,1008,16,9,3,14,6,NULL,0.51,6,Rain-Thunderstorm,54,12
 2016-4-21,34,31,27,25,24,22,89,69,40,1012,1010,1007,16,10,4,24,10,NULL,0,6,NULL,44,12
 2016-4-22,33,31,28,26,25,24,89,76,56,1012,1009,1007,14,10,6,24,10,NULL,0,6,Rain-Thunderstorm,97,12
 2016-4-23,33,30,28,26,25,23,84,74,54,1011,1009,1007,16,11,8,23,10,NULL,0,6,Thunderstorm,121,12
 2016-4-24,31,28,26,27,26,24,94,79,58,1011,1008,1005,16,10,3,16,6,NULL,11.94,5,Rain-Thunderstorm,192,12
 2016-4-25,32,29,25,26,25,23,94,79,56,1011,1009,1007,16,10,5,14,5,27,13.97,5,Rain-Thunderstorm,208,12
 2016-4-26,32,29,25,26,25,24,94,79,57,1012,1010,1007,18,10,6,11,5,NULL,6.1,5,Rain-Thunderstorm,223,12
 2016-4-27,33,29,26,27,25,22,100,80,54,1011,1009,1006,16,10,4,21,6,NULL,4.06,6,Rain-Thunderstorm,105,12
 2016-4-28,32,29,25,27,26,24,94,82,55,1011,1009,1007,18,9,6,23,5,NULL,6.1,6,Rain-Thunderstorm,141,12
 2016-4-29,33,30,27,27,25,22,94,77,58,1011,1009,1007,14,10,7,19,6,NULL,0.51,6,Rain-Thunderstorm,89,12
 2016-4-30,33,30,26,26,24,24,94,79,58,1011,1009,1007,14,8,3,27,6,NULL,0,6,Rain-Thunderstorm,329,12
 2016-5-1,33,30,27,27,24,20,94,75,40,1011,1009,1007,19,8,2,21,6,NULL,0,6,Thunderstorm,97,12
 2016-5-2,33,30,28,26,25,24,84,76,62,1012,1010,1008,16,10,3,16,8,NULL,0,5,NULL,97,12
 2016-5-3,33,30,27,27,24,21,94,73,43,1011,1009,1007,18,10,6,23,6,NULL,0,6,NULL,119,12
 2016-5-4,34,31,28,26,25,23,84,70,49,1011,1009,1006,19,11,10,19,10,NULL,0,6,NULL,82,12
 2016-5-5,33,30,27,27,25,22,89,77,52,1011,1009,1006,16,10,6,24,6,NULL,0.51,5,Rain-Thunderstorm,31,12
 2016-5-6,34,31,27,26,26,23,89,77,56,1011,1008,1006,16,10,5,23,6,NULL,0,5,Rain-Thunderstorm,56,12
 2016-5-7,33,30,27,26,26,24,89,76,55,1010,1008,1006,16,9,3,24,8,NULL,0,6,Thunderstorm,103,12
 2016-5-8,33,30,27,26,25,24,89,75,56,1012,1009,1007,18,9,5,13,6,NULL,0,6,NULL,258,12
 2016-5-9,34,30,27,26,25,22,89,74,51,1012,1010,1007,18,10,7,26,6,NULL,0,6,Thunderstorm,79,12
 2016-5-10,34,31,28,26,25,23,84,70,49,1011,1008,1006,19,11,10,23,10,NULL,0,6,NULL,92,12
 2016-5-11,34,30,26,27,25,23,94,78,54,1009,1008,1006,16,10,5,21,6,NULL,7.87,6,Rain-Thunderstorm,21,12
 2016-5-12,33,29,26,27,26,24,94,78,54,1009,1007,1005,18,10,6,27,6,NULL,0,5,NULL,185,12
 2016-5-13,32,29,27,26,25,23,89,80,51,1010,1008,1006,18,9,5,16,6,47,0.76,5,Rain-Thunderstorm,336,12
 2016-5-14,33,29,26,26,26,24,94,86,62,1012,1010,1008,16,8,3,32,5,NULL,10.92,5,Rain-Thunderstorm,256,12
 2016-5-15,33,29,25,26,25,24,94,80,58,1011,1009,1006,16,10,3,13,5,NULL,0,6,NULL,262,12
 2016-5-16,34,29,25,26,25,23,100,82,46,1011,1009,1006,11,9,1,32,5,NULL,32,6,Rain-Thunderstorm,331,12
 2016-5-17,32,28,24,27,26,24,94,80,59,1010,1008,1006,14,9,4,11,5,NULL,0,6,Thunderstorm,211,12
 2016-5-18,33,29,25,27,26,24,100,83,63,1010,1009,1007,18,9,0,21,10,29,45.97,6,Rain-Thunderstorm,120,12
 2016-5-19,33,29,24,27,26,24,100,83,65,1011,1009,1006,16,8,3,23,6,NULL,0,5,Rain-Thunderstorm,176,12
 2016-5-20,32,29,27,26,26,25,89,79,60,1010,1008,1005,16,10,3,21,8,NULL,2.03,6,Rain-Thunderstorm,150,12
 2016-5-21,31,28,25,27,25,23,94,78,60,1013,1010,1008,16,10,3,13,6,NULL,18.03,6,Rain-Thunderstorm,291,12
 2016-5-22,32,28,24,27,25,23,100,83,63,1013,1011,1008,18,9,3,16,6,37,18.03,6,Rain-Thunderstorm,229,12
 2016-5-23,33,29,24,27,24,22,94,78,55,1012,1010,1008,19,10,6,21,6,NULL,2.03,6,Rain-Thunderstorm,166,12
 2016-5-24,32,29,26,27,25,23,89,75,56,1012,1010,1008,18,11,10,13,10,NULL,0,5,Thunderstorm,201,12
 2016-5-25,33,30,27,27,26,25,89,77,59,1011,1009,1007,16,11,10,23,10,NULL,0,5,NULL,141,12
 2016-5-26,31,29,26,25,24,22,94,76,54,1012,1010,1008,19,11,9,14,6,NULL,0,6,Thunderstorm,217,12
 2016-5-27,33,30,27,26,26,23,89,75,62,1012,1010,1008,18,11,10,14,8,32,0,6,NULL,191,12
 2016-5-28,32,28,24,26,24,22,94,77,65,1012,1010,1008,18,10,1,19,8,NULL,21.08,5,Rain-Thunderstorm,172,12
 2016-5-29,32,29,25,26,24,22,89,74,51,1011,1009,1007,18,10,6,11,5,NULL,0,6,Rain-Thunderstorm,212,12
 2016-5-30,32,28,25,26,24,23,94,81,56,1012,1010,1008,16,9,3,16,5,32,9.91,5,Rain-Thunderstorm,151,12
 2016-5-31,32,29,26,25,24,22,94,74,49,1012,1010,1008,18,10,6,16,6,NULL,0,5,NULL,14,12
 2016-6-1,32,29,26,26,24,23,89,81,57,1013,1011,1009,16,10,5,16,6,NULL,0.51,5,Rain-Thunderstorm,51,12
 2016-6-2,32,29,26,26,24,24,94,79,62,1012,1010,1008,14,9,3,14,5,NULL,0,5,Rain,223,12
 2016-6-3,32,29,27,26,24,21,84,76,59,1012,1010,1009,16,10,6,32,6,NULL,0,5,Thunderstorm,140,12
 2016-6-4,28,27,25,25,24,23,94,84,70,1013,1011,1010,16,8,5,13,5,NULL,2.03,6,Rain,88,12
 2016-6-5,32,28,25,26,25,24,94,81,62,1013,1011,1008,16,10,6,16,5,NULL,0,6,Rain,213,12
 2016-6-6,32,29,27,26,25,23,89,74,51,1013,1011,1009,18,11,10,19,8,NULL,0,6,Thunderstorm,146,12
 2016-6-7,32,30,28,26,25,23,84,74,49,1013,1011,1008,16,10,9,26,11,NULL,0,6,Rain-Thunderstorm,147,12
 2016-6-8,31,28,26,27,24,22,94,81,60,1014,1011,1009,14,9,3,27,5,NULL,4.06,6,Rain-Thunderstorm,271,12
 2016-6-9,32,28,25,26,25,23,94,81,58,1013,1011,1009,14,8,3,13,5,NULL,0.51,5,Rain-Thunderstorm,307,12
 2016-6-10,32,29,26,26,25,23,94,79,59,1013,1011,1009,16,9,3,14,6,NULL,0,6,Thunderstorm,251,12
 2016-6-11,32,28,25,26,25,24,94,82,58,1013,1011,1010,16,10,3,24,6,40,11.94,6,Rain-Thunderstorm,199,12
 2016-6-12,31,28,25,25,24,23,89,78,59,1013,1011,1009,16,11,10,16,5,NULL,0,5,Rain,208,12
 2016-6-13,32,29,27,26,24,23,94,77,55,1013,1011,1008,16,10,6,13,5,NULL,6.1,6,Rain-Thunderstorm,240,12
 2016-6-14,32,29,26,26,24,22,94,80,55,1011,1010,1008,14,9,5,21,6,39,0,5,Rain-Thunderstorm,240,12
 2016-6-15,31,28,24,26,24,23,100,78,62,1012,1009,1007,16,10,1,16,8,35,35.05,5,Rain-Thunderstorm,214,12
 2016-6-16,31,28,24,26,24,23,89,78,59,1011,1008,1006,16,11,10,16,5,NULL,4.06,6,Rain,195,12
 2016-6-17,31,27,24,26,24,23,94,87,75,1011,1009,1007,14,9,3,19,6,39,8.89,5,Rain-Thunderstorm,286,12
 2016-6-18,29,27,24,25,24,23,94,84,65,1011,1010,1008,16,11,10,11,5,NULL,0.25,6,Rain,352,12
 2016-6-19,30,28,25,25,23,22,94,76,58,1012,1010,1008,18,10,8,11,5,NULL,0,6,Rain-Thunderstorm,5,12
 2016-6-20,33,29,26,25,23,21,89,69,44,1012,1009,1006,16,11,9,13,5,NULL,0,6,Rain,286,12
 2016-6-21,31,29,27,26,24,23,89,74,62,1010,1009,1007,14,10,3,11,3,NULL,0,5,Rain,191,12
 2016-6-22,31,28,24,26,24,22,89,82,59,1011,1010,1008,14,9,5,16,6,NULL,2.03,6,Rain-Thunderstorm,156,12
 2016-6-23,32,28,24,26,25,23,94,76,55,1011,1009,1007,18,11,10,16,6,NULL,0,6,Rain,193,12
 2016-6-24,29,26,22,26,24,22,100,84,68,1012,1010,1008,18,9,2,23,10,NULL,48.01,6,Rain-Thunderstorm,183,12
 2016-6-25,32,28,23,26,24,22,89,75,53,1012,1010,1008,18,10,10,21,8,NULL,0,6,NULL,191,12
 2016-6-26,31,28,26,26,24,24,94,78,65,1012,1010,1008,18,11,7,16,10,NULL,0.51,6,Rain-Thunderstorm,177,12
 2016-6-27,31,28,26,26,24,22,84,73,55,1011,1009,1007,18,11,10,14,6,NULL,0,6,Rain,207,12
 2016-6-28,32,29,27,25,24,21,89,70,48,1011,1009,1007,19,11,10,16,8,NULL,0,6,NULL,201,12
 2016-6-29,33,31,28,25,24,21,84,67,42,1011,1010,1008,18,11,10,13,8,NULL,0,6,NULL,177,12
 2016-6-30,33,30,28,26,25,22,84,73,51,1012,1010,1008,16,11,10,19,11,NULL,0,6,NULL,126,12
 2016-7-1,32,29,27,26,25,24,89,76,57,1012,1010,1007,16,11,10,19,10,29,0,6,NULL,119,12
 2016-7-2,32,30,28,26,25,23,84,74,57,1013,1011,1008,18,11,10,19,13,29,0,6,NULL,150,12
 2016-7-3,33,31,28,26,25,23,84,73,51,1012,1011,1008,16,11,10,23,13,NULL,0,6,Thunderstorm,143,12
 2016-7-4,33,30,28,26,25,23,84,72,54,1011,1010,1008,18,11,10,21,13,NULL,0,6,NULL,144,12
 2016-7-5,33,30,28,26,24,22,84,71,43,1011,1009,1007,18,11,10,21,13,NULL,0,5,NULL,157,12
 2016-7-6,32,29,27,26,24,20,84,75,53,1011,1009,1006,16,10,5,19,10,NULL,1.02,5,Rain-Thunderstorm,171,12
 2016-7-7,32,29,27,26,24,23,89,75,54,1011,1009,1007,16,10,5,21,6,NULL,0.76,6,Rain,204,12
 2016-7-8,32,28,25,25,24,22,94,73,58,1012,1010,1007,16,10,7,19,10,39,4.06,6,Rain,191,12
 2016-7-9,33,28,24,25,24,23,84,70,49,1011,1009,1008,18,11,10,23,10,NULL,0,6,NULL,168,12
 2016-7-10,32,30,27,25,24,23,84,71,49,1011,1009,1007,16,11,10,21,8,NULL,0,6,NULL,177,12
 2016-7-11,30,28,26,26,25,23,89,82,67,1011,1010,1008,16,10,6,14,6,35,1.02,5,Rain,209,12
 2016-7-12,33,29,25,26,25,24,84,74,54,1011,1009,1007,18,11,10,16,6,29,0,6,NULL,167,12
 2016-7-13,31,28,26,26,24,23,89,78,59,1010,1009,1007,16,10,5,16,8,NULL,1.02,6,Rain-Thunderstorm,166,12
 2016-7-14,30,28,25,25,24,22,94,82,68,1010,1009,1006,14,10,6,13,6,32,0.76,6,Rain,187,12
 2016-7-15,31,28,25,26,24,22,94,81,66,1011,1009,1008,16,10,5,21,5,NULL,0.25,6,Rain-Thunderstorm,271,12
 2016-7-16,33,29,25,25,24,22,94,76,46,1012,1010,1007,16,10,4,14,5,NULL,2.03,6,Rain-Thunderstorm,235,12
 2016-7-17,33,29,25,25,24,22,94,79,55,1013,1011,1008,16,10,6,23,5,NULL,0.25,5,Rain-Thunderstorm,343,12
 2016-7-18,32,29,25,26,24,23,100,85,62,1012,1009,1007,14,9,1,11,5,NULL,43.94,6,Rain-Thunderstorm,311,12
 2016-7-19,33,28,24,25,23,22,94,76,55,1011,1009,1006,16,11,9,16,8,NULL,0.51,6,Rain-Thunderstorm,285,12
 2016-7-20,30,27,23,25,24,23,100,84,67,1011,1009,1008,18,9,3,16,6,NULL,9.91,6,Rain-Thunderstorm,233,12
 2016-7-21,30,26,22,25,24,22,100,83,56,1011,1010,1008,16,9,2,16,5,NULL,55.12,5,Rain-Thunderstorm,233,12
 2016-7-22,30,27,24,25,24,23,96,89,74,1012,1010,1009,13,7,1,14,5,NULL,26.92,6,Rain-Thunderstorm,56,12
 2016-7-23,31,27,23,25,24,22,94,82,60,1012,1010,1008,16,10,3,21,8,NULL,5.08,6,Rain,149,12
 2016-7-24,31,28,26,26,24,22,94,80,60,1011,1010,1008,14,10,7,14,5,NULL,0.76,5,Rain-Thunderstorm,189,12
 2016-7-25,28,27,26,24,23,22,89,77,65,1012,1010,1008,16,11,10,14,5,NULL,0.25,6,Rain,150,12
 2016-7-26,29,27,24,25,23,20,89,82,72,1012,1010,1008,14,10,3,23,6,42,1.02,6,Rain-Thunderstorm,53,12
 2016-7-27,32,28,24,26,24,23,94,78,50,1011,1009,1007,14,10,10,13,5,NULL,0,6,NULL,203,12
 2016-7-28,31,28,26,25,24,22,84,74,58,1011,1010,1007,16,10,9,16,8,NULL,0,6,Rain-Thunderstorm,174,12
 2016-7-29,32,29,26,25,23,22,94,73,49,1011,1009,1007,16,10,5,14,6,NULL,0,6,NULL,216,12
 2016-7-30,31,29,27,25,24,22,89,74,60,1011,1009,1007,18,10,6,16,6,NULL,0.51,6,Rain,164,12
 2016-7-31,32,28,25,26,24,22,94,81,53,1011,1009,1007,16,10,4,13,5,NULL,4.06,5,Rain-Thunderstorm,236,12
 2016-8-1,31,27,23,25,24,22,100,80,60,1011,1009,1006,16,10,1,14,5,NULL,22.1,5,Rain-Thunderstorm,230,12
 2016-8-2,32,28,23,24,23,19,84,69,44,1011,1008,1005,16,11,10,16,6,29,0,6,NULL,205,12
 2016-8-3,30,26,22,25,23,21,89,77,60,1010,1008,1006,18,10,2,29,10,60,7.11,6,Rain,194,12
 2016-8-4,30,27,23,25,23,22,84,73,56,1011,1009,1008,16,10,10,13,8,NULL,0,6,NULL,211,12
 2016-8-5,32,29,27,25,23,22,79,70,54,1012,1010,1008,16,10,9,16,11,NULL,0.25,5,Rain,175,12
 2016-8-6,32,29,26,25,24,23,89,78,55,1012,1010,1008,14,9,4,16,8,26,5.08,5,Rain-Thunderstorm,154,12
 2016-8-7,32,29,26,26,25,24,94,76,60,1012,1010,1008,14,10,6,14,10,32,0,5,Rain,172,12
 2016-8-8,32,30,27,26,24,20,84,71,45,1012,1010,1008,14,10,10,13,10,NULL,0,6,NULL,173,12
 2016-8-9,32,30,27,26,24,23,89,77,59,1012,1010,1007,18,10,3,16,6,NULL,0,6,NULL,188,12
 2016-8-10,33,30,27,25,24,23,79,71,52,1012,1010,1008,18,11,10,13,8,NULL,0,6,NULL,207,12
 2016-8-11,31,29,28,26,24,22,89,74,52,1012,1010,1009,16,11,3,16,6,NULL,4.06,6,Rain-Thunderstorm,210,12
 2016-8-12,31,28,25,25,24,22,89,72,55,1013,1011,1008,14,10,3,14,6,34,3.05,5,Rain,208,12
 2016-8-13,32,28,25,25,24,23,84,72,54,1012,1010,1007,14,10,9,13,6,32,0,6,NULL,209,12
 2016-8-14,33,29,26,25,23,21,84,71,52,1012,1009,1006,18,11,9,19,6,32,0.25,6,Rain-Thunderstorm,226,12
 2016-8-15,32,30,27,25,24,21,84,72,50,1011,1009,1006,18,11,10,21,10,NULL,0,6,NULL,195,12
 2016-8-16,32,30,27,25,24,22,84,70,55,1010,1009,1006,18,11,8,19,11,NULL,0,6,NULL,186,12
 2016-8-17,32,29,27,26,25,21,89,76,55,1011,1009,1006,16,10,5,23,11,32,2.03,5,Rain-Thunderstorm,166,12
 2016-8-18,32,29,26,26,24,22,89,71,47,1009,1008,1005,18,11,10,23,13,42,0,6,NULL,184,12
 2016-8-19,31,27,22,26,24,22,94,76,59,1010,1008,1006,16,10,3,21,11,39,10.92,6,Rain-Thunderstorm,190,12
 2016-8-20,32,28,24,25,24,22,84,72,52,1010,1008,1006,16,11,10,19,11,NULL,0,6,Rain,195,12
 2016-8-21,29,26,23,26,24,23,100,81,71,1011,1009,1007,16,10,2,19,11,NULL,30.99,5,Rain-Thunderstorm,188,12
 2016-8-22,32,27,23,25,24,22,84,74,56,1010,1008,1007,16,11,10,13,6,NULL,0.25,6,Rain,215,12
 2016-8-23,32,29,25,26,24,23,100,75,50,1009,1007,1004,16,10,2,13,5,NULL,18.03,6,Rain-Thunderstorm,213,12
 2016-8-24,31,27,24,26,24,23,100,80,60,1009,1007,1005,18,10,3,19,10,39,11.94,6,Rain,218,12
 2016-8-25,32,29,26,25,23,21,89,68,46,1010,1008,1006,18,11,10,19,8,NULL,0,6,Rain,210,12
 2016-8-26,33,29,26,24,23,19,89,67,37,1011,1009,1007,14,6,2,21,8,35,0,6,Rain,224,12
 2016-8-27,33,30,27,26,24,19,84,72,41,1012,1010,1008,10,8,4,11,5,NULL,0,6,Rain,219,12
 2016-8-28,32,29,27,25,23,22,89,71,47,1012,1010,1008,10,8,5,14,5,NULL,0,6,NULL,194,12
 2016-8-29,32,29,26,26,25,22,94,79,57,1011,1009,1006,14,9,5,23,8,34,9.91,6,Rain,142,12
 2016-8-30,29,27,25,25,24,23,94,84,74,1013,1010,1008,16,9,2,19,8,NULL,6.1,6,Rain-Thunderstorm,176,12
 2016-8-31,32,28,24,26,24,23,94,79,63,1013,1011,1009,16,10,5,23,5,42,0,6,Rain,213,12
 2016-9-1,31,28,25,26,24,21,94,83,58,1013,1011,1010,16,8,4,19,5,NULL,4.06,5,Rain-Thunderstorm,259,12
 2016-9-2,31,28,24,25,23,21,94,71,49,1013,1010,1008,16,10,6,13,6,NULL,0,6,NULL,229,12
 2016-9-3,32,29,26,24,23,21,89,72,47,1012,1010,1007,14,10,6,13,6,NULL,0,5,NULL,196,12
 2016-9-4,33,30,27,25,24,22,89,75,53,1013,1011,1008,14,10,6,14,6,35,2.03,5,Rain-Thunderstorm,59,12
 2016-9-5,31,28,26,25,24,23,89,80,62,1013,1011,1009,16,8,2,11,5,NULL,11.94,5,Rain-Thunderstorm,247,12
 2016-9-6,32,29,26,25,23,21,84,72,51,1013,1011,1008,16,11,9,21,6,NULL,1.02,5,Rain,214,12
 2016-9-7,28,26,24,25,24,21,94,79,60,1013,1011,1010,14,10,5,23,8,47,4.06,6,Rain,217,12
 2016-9-8,32,28,25,25,24,23,79,73,56,1013,1011,1009,16,11,8,21,6,NULL,0,6,Rain,202,12
 2016-9-9,32,29,25,25,24,22,89,79,54,1013,1011,1010,14,10,3,16,8,35,7.11,5,Rain-Thunderstorm,176,12
 2016-9-10,29,26,23,25,24,21,94,82,66,1013,1010,1008,16,9,3,23,6,52,3.05,6,Rain-Thunderstorm,222,12
 2016-9-11,32,27,23,26,24,20,94,75,58,1011,1009,1006,16,11,10,24,6,NULL,0.25,5,Rain,207,12
 2016-9-12,28,26,24,25,24,21,94,85,70,1012,1010,1008,11,9,3,13,5,NULL,3.05,5,Rain-Thunderstorm,328,12
 2016-9-13,32,28,24,26,24,22,100,74,48,1012,1010,1007,16,10,8,21,6,NULL,0,6,NULL,194,12
 2016-9-14,30,27,23,25,24,22,100,85,70,1013,1010,1007,16,9,2,14,8,39,17.02,6,Rain-Thunderstorm,190,12
 2016-9-15,32,28,23,26,24,22,94,77,49,1012,1010,1007,18,10,5,16,6,NULL,0,6,NULL,204,12
 2016-9-16,32,27,22,25,23,20,94,71,50,1012,1009,1006,18,10,1,23,8,45,9.91,5,Rain,207,12
 2016-9-17,32,28,24,25,23,20,89,68,51,1011,1009,1007,16,11,10,13,5,NULL,0,6,Rain-Thunderstorm,287,12
 2016-9-18,33,28,22,25,23,22,94,75,48,1011,1009,1007,16,10,5,19,5,47,7.11,6,Rain-Thunderstorm,257,12
 2016-9-19,32,28,24,25,24,23,100,76,52,1011,1009,1006,18,10,3,16,6,37,9.91,6,Rain-Thunderstorm,265,12
 2016-9-20,33,29,25,24,22,20,83,66,41,1011,1009,1005,16,10,7,21,8,39,0,6,Rain-Thunderstorm,279,12
 2016-9-21,34,29,24,25,23,20,100,74,41,1012,1010,1008,16,10,7,26,6,NULL,14.99,6,Rain-Thunderstorm,293,12
 2016-9-22,32,28,24,25,24,22,94,77,44,1012,1010,1008,11,9,6,13,5,NULL,0,6,NULL,341,12
 2016-9-23,32,29,25,24,22,21,89,69,46,1011,1009,1006,16,10,10,14,5,NULL,0,5,Thunderstorm,234,12
 2016-9-24,32,29,26,24,23,21,84,70,49,1010,1008,1005,14,10,8,14,6,NULL,0,6,NULL,268,12
 2016-1-1,30,28,26,26,25,24,94,82,70,1014,1012,1011,10,10,9,32,13,NULL,0,6,Rain,34,39
 2016-1-2,28,26,24,25,24,23,94,90,83,1015,1013,1011,10,8,2,19,13,NULL,0,5,Rain-Thunderstorm,41,39
 2016-1-3,27,26,25,25,24,23,100,89,83,1015,1013,1011,10,9,5,19,6,NULL,0,6,Rain,6,39
 2016-1-4,33,29,26,27,25,24,94,80,63,1014,1012,1010,10,10,6,21,10,NULL,0,5,Rain,43,39
 2016-1-5,33,30,27,25,25,24,89,78,59,1014,1012,1009,10,10,9,19,11,NULL,0,6,NULL,48,39
 2016-1-6,33,30,27,26,25,24,89,77,63,1014,1012,1010,10,10,10,24,13,NULL,0,6,NULL,47,39
 2016-1-7,33,30,27,25,24,23,89,73,55,1014,1012,1010,10,10,10,24,16,NULL,0,6,NULL,47,39
 2016-1-8,33,29,26,26,24,23,89,75,55,1013,1012,1010,10,10,10,23,14,NULL,0,6,NULL,49,39
 2016-1-9,33,30,27,26,24,24,94,74,59,1013,1011,1009,10,10,9,26,16,NULL,0,6,NULL,45,39
 2016-1-10,34,30,27,25,24,23,89,71,55,1013,1011,1009,10,10,8,21,13,NULL,0,6,NULL,56,39
 2016-1-11,34,30,27,26,25,24,89,75,63,1013,1011,1009,10,10,10,23,13,NULL,0,6,NULL,48,39
 2016-1-12,34,30,27,25,24,24,89,73,56,1012,1010,1007,10,10,10,23,14,NULL,0,6,NULL,50,39
 2016-1-13,34,30,27,25,24,24,89,74,56,1011,1010,1007,10,10,10,24,13,NULL,0,6,NULL,53,39
 2016-1-14,33,30,27,26,25,24,89,76,59,1012,1010,1007,10,10,10,23,13,NULL,0,6,Rain-Thunderstorm,47,39
 2016-1-15,33,30,27,26,25,24,94,81,63,1010,1009,1007,10,9,4,16,8,NULL,0,5,Rain-Thunderstorm,28,39
 2016-1-16,33,30,27,26,26,24,89,83,63,1010,1008,1007,10,8,1,19,5,NULL,0,5,Rain-Thunderstorm,50,39
 2016-1-17,32,29,26,27,25,24,94,86,70,1011,1009,1007,10,9,3,21,6,NULL,0,6,Rain-Thunderstorm,20,39
 2016-1-18,34,30,27,26,25,24,89,74,56,1011,1008,1006,10,10,9,16,6,NULL,0,5,Rain-Thunderstorm,35,39
 2016-1-19,32,29,27,26,25,24,94,77,66,1013,1010,1008,10,10,8,23,13,NULL,0,6,Rain,51,39
 2016-1-20,32,29,27,26,25,24,94,79,62,1013,1011,1009,10,10,10,16,10,NULL,0,5,Rain-Thunderstorm,6,39
 2016-1-21,32,29,27,26,24,22,94,75,59,1012,1011,1009,10,10,10,24,10,NULL,0,6,Rain,42,39
 2016-1-22,32,29,27,27,26,25,89,79,66,1013,1010,1008,10,9,6,21,11,NULL,0,5,Rain-Thunderstorm,41,39
 2016-1-23,33,29,26,26,24,23,94,76,55,1014,1012,1009,10,9,3,34,18,NULL,0,6,Rain-Thunderstorm,29,39
 2016-1-24,33,30,27,25,24,23,89,72,59,1014,1012,1010,10,10,10,35,19,NULL,0,6,Rain,45,39
 2016-1-25,32,29,27,25,24,23,89,77,59,1014,1012,1010,10,9,3,40,18,NULL,0,5,Rain,45,39
 2016-1-26,30,28,26,26,25,24,94,82,70,1013,1011,1009,10,9,2,23,13,NULL,0,5,Rain,50,39
 2016-1-27,34,30,27,26,25,24,89,75,56,1012,1010,1008,10,10,10,24,11,NULL,0,6,NULL,56,39
 2016-1-28,35,31,27,25,24,24,89,73,53,1012,1010,1008,10,10,10,21,11,NULL,0,6,Thunderstorm,43,39
 2016-1-29,32,29,27,26,25,25,89,77,66,1012,1010,1009,10,10,9,26,14,NULL,0,6,Rain-Thunderstorm,34,39
 2016-1-30,34,30,27,25,24,23,89,73,55,1012,1010,1008,10,10,10,26,14,NULL,0,6,NULL,39,39
 2016-1-31,34,30,27,25,24,24,84,72,56,1011,1009,1007,10,10,8,23,16,NULL,0,6,NULL,34,39
 2016-2-1,34,30,27,25,23,23,89,68,52,1011,1009,1007,10,10,10,34,19,NULL,0,6,NULL,29,39
 2016-2-2,32,29,26,26,24,23,94,78,59,1012,1010,1008,10,9,4,32,14,NULL,0,6,Rain,30,39
 2016-2-3,33,29,26,25,24,23,89,72,55,1011,1010,1007,10,10,10,24,10,NULL,0,5,NULL,30,39
 2016-2-4,32,29,27,26,24,24,84,77,62,1011,1009,1007,10,9,4,24,14,NULL,0,6,Rain,39,39
 2016-2-5,32,29,27,26,25,25,89,80,66,1010,1008,1005,10,9,3,19,8,NULL,0,6,Rain,26,39
 2016-2-6,32,29,27,26,26,25,94,82,66,1011,1009,1007,10,9,3,26,16,45,0,6,Rain,52,39
 2016-2-7,29,27,25,26,24,23,94,87,74,1011,1010,1008,10,8,2,35,23,NULL,0,6,Rain,42,39
 2016-2-8,30,28,27,24,23,23,79,75,70,1012,1010,1009,10,9,8,32,24,NULL,0,6,Rain,32,39
 2016-2-9,30,28,26,24,23,22,83,75,66,1013,1011,1010,10,10,9,23,16,NULL,0,6,Rain,22,39
 2016-2-10,30,28,26,24,24,23,89,79,70,1012,1011,1009,10,10,10,24,16,NULL,0,6,Rain,23,39
 2016-2-11,31,28,26,25,25,24,94,81,66,1012,1010,1008,10,10,10,19,14,NULL,0,6,NULL,40,39
 2016-2-12,33,29,25,26,24,21,94,79,63,1012,1010,1007,10,9,3,23,13,NULL,0,5,Rain-Thunderstorm,50,39
 2016-2-13,33,30,27,26,26,24,94,77,63,1012,1010,1008,10,10,10,23,11,NULL,0,6,NULL,51,39
 2016-2-14,32,29,27,26,26,24,94,80,66,1012,1010,1008,10,10,8,16,8,NULL,0,5,Rain-Thunderstorm,47,39
 2016-2-15,33,30,27,26,25,25,94,77,63,1013,1011,1009,10,10,10,26,11,NULL,0,6,NULL,45,39
 2016-2-16,32,29,27,25,24,21,89,72,52,1014,1012,1010,10,10,10,37,21,NULL,0,6,NULL,39,39
 2016-2-17,32,29,26,23,22,20,83,66,49,1015,1013,1011,10,10,10,34,19,NULL,0,6,NULL,42,39
 2016-2-18,32,29,26,25,24,23,89,75,62,1014,1012,1010,10,10,10,24,11,NULL,0,6,NULL,37,39
 2016-2-19,28,26,24,25,24,23,100,93,84,1014,1012,1010,10,6,3,13,6,NULL,0,7,Rain,350,39
 2016-2-20,30,28,25,26,24,22,100,87,70,1015,1012,1011,10,8,3,26,11,NULL,0,6,Rain,30,39
 2016-2-21,31,28,26,25,24,23,84,75,62,1015,1013,1011,10,10,10,27,13,NULL,0,6,NULL,34,39
 2016-2-22,33,29,26,24,23,23,83,71,55,1016,1013,1011,10,10,10,26,16,NULL,0,6,NULL,42,39
 2016-2-23,33,29,26,25,24,24,89,75,59,1014,1012,1009,10,10,10,32,18,NULL,0,6,NULL,40,39
 2016-2-24,30,28,25,25,24,23,94,87,70,1013,1012,1010,10,8,1,24,16,NULL,0,5,Rain-Thunderstorm,27,39
 2016-2-25,32,29,26,24,23,21,83,70,52,1015,1013,1011,10,10,10,37,23,58,0,6,NULL,35,39
 2016-2-26,32,29,26,24,23,22,89,71,55,1014,1013,1011,10,10,10,29,18,NULL,0,5,NULL,37,39
 2016-2-27,33,29,26,25,24,23,89,73,55,1014,1012,1010,10,10,10,32,16,NULL,0,5,NULL,35,39
 2016-2-28,32,29,27,25,24,24,89,74,62,1014,1013,1011,10,10,10,32,21,45,0,6,NULL,37,39
 2016-2-29,33,30,27,25,24,23,89,74,55,1015,1013,1011,10,10,10,35,23,NULL,0,6,NULL,36,39
 2016-3-1,33,30,27,25,24,23,84,72,55,1014,1012,1009,10,10,10,35,19,NULL,0,5,NULL,39,39
 2016-3-2,32,29,26,24,24,23,89,73,59,1014,1012,1010,10,10,10,39,24,NULL,0,6,NULL,35,39
 2016-3-3,32,29,27,25,24,23,84,73,62,1015,1012,1010,10,10,10,32,19,NULL,0,6,NULL,40,39
 2016-3-4,32,29,27,26,25,23,89,78,62,1013,1011,1009,10,10,10,32,18,NULL,0,5,Rain,40,39
 2016-3-5,33,30,27,25,25,24,89,77,63,1012,1010,1008,10,10,10,24,14,NULL,0,5,NULL,52,39
 2016-3-6,33,30,27,26,25,25,89,75,63,1013,1010,1007,10,10,10,24,16,NULL,0,5,NULL,47,39
 2016-3-7,33,30,27,26,25,25,89,77,63,1013,1010,1008,10,10,10,24,14,NULL,0,6,NULL,54,39
 2016-3-8,33,30,27,26,25,24,89,80,66,1011,1009,1007,10,9,2,16,11,NULL,0,4,Rain-Thunderstorm,39,39
 2016-3-9,35,31,27,26,26,24,94,74,53,1012,1009,1007,10,10,10,19,13,NULL,0,6,NULL,57,39
 2016-3-10,34,30,27,26,25,24,89,74,56,1013,1011,1008,10,10,8,14,10,NULL,0,6,NULL,49,39
 2016-3-11,35,31,27,26,25,24,89,72,53,1013,1010,1008,10,10,9,24,14,NULL,0,6,NULL,55,39
 2016-3-12,33,30,27,25,24,23,89,71,55,1012,1011,1008,10,10,10,26,16,NULL,0,6,NULL,43,39
 2016-3-13,34,30,26,26,25,24,94,80,59,1013,1011,1010,10,9,0,23,11,NULL,0,5,Rain,24,39
 2016-3-14,34,30,27,26,26,25,94,75,59,1013,1011,1008,10,10,7,21,10,NULL,0,5,Rain,54,39
 2016-3-15,33,30,27,25,24,23,89,72,59,1012,1010,1007,10,10,10,26,14,NULL,0,6,NULL,48,39
 2016-3-16,34,30,27,25,24,23,84,70,55,1013,1011,1009,10,10,10,21,11,NULL,0,6,NULL,55,39
 2016-3-17,34,30,27,25,24,23,84,70,52,1012,1010,1008,10,10,8,24,13,NULL,0,6,NULL,53,39
 2016-3-18,34,30,27,25,24,23,84,70,56,1012,1010,1007,10,9,7,19,11,NULL,0,6,NULL,67,39
 2016-3-19,33,29,26,25,24,24,89,73,59,1011,1009,1007,10,10,8,23,13,NULL,0,6,NULL,55,39
 2016-3-20,33,30,27,27,26,24,89,78,63,1012,1009,1007,10,9,3,16,10,NULL,0,5,Rain,58,39
 2016-3-21,34,30,27,27,26,25,94,82,63,1011,1008,1006,10,8,1,14,10,NULL,0,5,Rain-Thunderstorm,46,39
 2016-3-22,34,30,27,26,25,24,94,77,62,1011,1009,1006,10,9,6,19,8,NULL,0,6,Rain-Thunderstorm,1,39
 2016-3-23,35,31,27,26,26,24,89,74,53,1012,1009,1008,10,9,8,16,6,NULL,0,6,NULL,19,39
 2016-3-24,34,30,27,26,25,24,94,73,56,1012,1011,1008,10,10,8,21,11,NULL,0,6,NULL,59,39
 2016-3-25,34,30,27,26,24,21,89,72,56,1015,1013,1011,10,10,7,23,10,NULL,0,6,Rain-Thunderstorm,48,39
 2016-3-26,33,30,28,25,23,22,79,68,52,1015,1013,1011,10,10,6,24,13,NULL,0,6,NULL,54,39
 2016-3-27,33,30,28,25,24,23,84,71,59,1014,1012,1010,10,10,10,32,18,NULL,0,6,NULL,38,39
 2016-3-28,34,30,27,25,24,22,89,68,52,1014,1012,1010,10,10,10,27,16,NULL,0,6,NULL,49,39
 2016-3-29,33,30,27,25,24,23,89,70,55,1015,1013,1010,10,9,5,29,16,NULL,0,6,NULL,47,39
 2016-3-30,34,30,27,24,24,23,84,69,52,1015,1012,1010,10,9,6,26,16,NULL,0,6,NULL,46,39
 2016-3-31,33,30,27,25,24,23,84,70,55,1013,1011,1008,10,9,6,24,18,NULL,0,6,NULL,43,39
 2016-4-1,34,30,27,25,24,23,89,70,52,1011,1009,1006,10,10,10,26,14,NULL,0,6,NULL,50,39
 2016-4-2,35,30,26,25,24,23,94,70,52,1012,1010,1008,10,9,5,26,13,NULL,0,6,NULL,49,39
 2016-4-3,34,30,27,26,26,24,94,77,56,1013,1010,1009,10,9,4,19,10,NULL,0,5,Rain-Thunderstorm,50,39
 2016-4-4,34,30,27,27,26,25,100,77,63,1012,1010,1006,10,9,6,21,10,NULL,0,6,NULL,64,39
 2016-4-5,33,30,28,26,26,24,89,77,63,1012,1009,1008,10,10,8,16,10,NULL,0,5,NULL,56,39
 2016-4-6,35,31,27,26,24,23,94,70,49,1012,1010,1008,10,10,8,19,11,NULL,0,6,NULL,62,39
 2016-4-7,35,31,27,25,24,23,89,69,49,1012,1010,1007,10,9,6,19,8,NULL,0,6,NULL,59,39
 2016-4-8,35,31,27,26,25,24,89,72,56,1011,1009,1007,10,9,6,21,11,NULL,0,6,NULL,64,39
 2016-4-9,35,30,26,26,25,24,94,83,53,1012,1010,1008,10,8,1,14,8,NULL,0,5,Rain-Thunderstorm,20,39
 2016-4-10,35,31,27,26,26,25,94,75,59,1012,1009,1007,10,9,4,21,11,NULL,0,6,Thunderstorm,63,39
 2016-4-11,33,30,28,26,26,23,89,74,59,1011,1009,1006,10,9,5,14,8,NULL,0,6,Rain-Thunderstorm,104,39
 2016-4-12,35,30,26,27,26,24,94,75,56,1011,1009,1006,10,8,1,24,8,NULL,0,5,Rain-Thunderstorm,300,39
 2016-4-13,35,31,28,26,25,24,84,69,53,1010,1008,1005,10,10,10,24,11,NULL,0,5,Thunderstorm,277,39
 2016-4-14,35,31,28,28,26,24,89,77,56,1011,1009,1007,10,9,3,16,10,NULL,0,6,Rain-Thunderstorm,159,39
 2016-4-15,32,29,27,26,25,24,89,78,66,1013,1010,1008,10,10,8,16,10,NULL,0,6,Rain-Thunderstorm,188,39
 2016-4-16,35,30,26,27,26,25,94,77,59,1010,1008,1006,10,9,1,16,5,NULL,0,6,Rain-Thunderstorm,97,39
 2016-4-17,36,32,28,26,25,23,84,71,50,1011,1009,1006,10,10,10,16,6,NULL,0,6,NULL,100,39
 2016-4-18,35,31,28,26,25,22,84,67,47,1011,1009,1006,10,10,9,14,5,NULL,0,6,NULL,83,39
 2016-4-19,36,32,28,26,26,24,89,69,50,1011,1009,1007,10,9,5,21,11,NULL,0,6,NULL,54,39
 2016-4-20,35,32,29,27,26,24,84,73,56,1011,1009,1008,10,10,8,19,6,NULL,0,6,Rain-Thunderstorm,72,39
 2016-4-21,36,32,28,25,24,23,84,66,47,1011,1009,1007,10,10,7,16,11,NULL,0,5,NULL,53,39
 2016-4-22,35,31,28,27,26,24,89,77,53,1010,1009,1007,10,9,4,26,6,NULL,0,6,Rain-Thunderstorm,81,39
 2016-4-23,33,30,28,26,25,24,84,73,62,1010,1008,1006,10,10,10,16,5,NULL,0,5,Thunderstorm,111,39
 2016-4-24,32,30,28,27,26,24,94,78,66,1010,1008,1005,10,10,9,14,5,NULL,0,5,Thunderstorm,191,39
 2016-4-25,33,29,26,26,25,23,89,75,62,1011,1008,1006,10,9,5,16,5,NULL,0,5,Rain-Thunderstorm,69,39
 2016-4-26,32,29,27,26,25,24,94,76,62,1011,1009,1007,10,10,5,14,8,NULL,0,6,Rain-Thunderstorm,182,39
 2016-4-27,33,30,27,27,26,24,89,78,63,1010,1008,1006,10,9,4,19,5,NULL,0,5,Rain-Thunderstorm,157,39
 2016-4-28,33,30,27,27,26,24,94,78,63,1010,1008,1007,10,10,8,16,5,NULL,0,6,Thunderstorm,109,39
 2016-4-29,33,29,25,26,25,22,94,82,63,1010,1009,1007,10,8,0,21,6,NULL,0,6,Rain-Thunderstorm,45,39
 2016-4-30,33,30,27,26,25,24,94,79,63,1011,1008,1007,10,8,3,13,5,NULL,0,5,Rain-Thunderstorm,342,39
 2016-5-1,34,30,27,26,24,22,94,72,55,1010,1009,1006,10,9,4,14,3,NULL,0,6,Thunderstorm,95,39
 2016-5-2,34,31,28,27,26,24,89,76,59,1011,1009,1007,10,10,10,13,3,NULL,0,5,Rain-Thunderstorm,83,39
 2016-5-3,36,32,28,26,25,20,89,70,39,1010,1009,1007,10,9,6,14,5,NULL,0,6,NULL,103,39
 2016-5-4,36,32,28,27,25,23,94,66,47,1010,1008,1005,10,10,10,14,6,NULL,0,6,NULL,68,39
 2016-5-5,35,31,28,26,25,24,89,70,53,1010,1008,1006,10,10,8,14,5,NULL,0,6,Rain-Thunderstorm,46,39
 2016-5-6,34,31,28,27,26,24,89,75,59,1010,1008,1006,10,10,10,16,5,NULL,0,6,Thunderstorm,46,39
 2016-5-7,34,31,28,26,26,24,89,75,59,1010,1008,1006,10,10,7,19,3,NULL,0,5,NULL,129,39
 2016-5-8,33,30,28,26,25,24,89,72,59,1011,1009,1007,10,10,7,14,5,NULL,0,6,NULL,184,39
 2016-5-9,34,31,28,26,25,24,89,73,56,1011,1009,1007,10,9,7,14,5,NULL,0,5,Rain-Thunderstorm,89,39
 2016-5-10,35,31,28,27,26,24,89,71,59,1009,1007,1005,10,10,10,14,5,NULL,0,6,NULL,70,39
 2016-5-11,34,30,26,27,26,24,94,82,59,1009,1007,1005,10,8,0,23,5,NULL,0,5,Rain-Thunderstorm,199,39
 2016-5-12,34,31,28,27,26,25,94,76,59,1009,1006,1004,10,10,9,21,6,NULL,0,5,Thunderstorm,174,39
 2016-5-13,32,29,26,26,25,24,89,78,62,1010,1008,1005,10,9,4,24,5,NULL,0,5,Rain-Thunderstorm,253,39
 2016-5-14,32,29,26,27,26,24,100,85,66,1011,1010,1008,10,9,2,16,3,NULL,0,6,Rain-Thunderstorm,125,39
 2016-5-15,33,30,27,27,26,24,89,82,59,1010,1008,1006,10,10,5,19,6,NULL,0,5,Rain-Thunderstorm,250,39
 2016-5-16,34,29,25,26,25,24,100,81,56,1010,1008,1005,10,9,0,19,5,NULL,0,5,Rain-Thunderstorm,318,39
 2016-5-17,33,30,27,26,26,24,94,77,66,1010,1008,1006,10,9,5,13,3,NULL,0,6,Rain-Thunderstorm,194,39
 2016-5-18,32,29,26,27,26,24,94,83,66,1010,1008,1007,10,9,1,13,6,NULL,0,6,Rain-Thunderstorm,338,39
 2016-5-19,33,30,27,27,26,25,94,80,66,1010,1008,1006,10,10,8,23,5,NULL,0,5,Rain-Thunderstorm,192,39
 2016-5-20,34,31,28,27,26,24,94,73,59,1009,1007,1005,10,10,10,11,3,NULL,0,6,NULL,299,39
 2016-5-21,32,28,25,26,25,23,94,76,66,1012,1009,1008,10,10,3,14,10,NULL,0,6,Rain-Thunderstorm,284,39
 2016-5-22,34,29,25,27,25,23,94,80,63,1013,1010,1008,10,9,6,37,8,50,0,6,Rain-Thunderstorm,116,39
 2016-5-23,34,30,26,27,25,24,94,76,56,1012,1009,1008,10,9,2,39,6,NULL,0,5,Rain-Thunderstorm,145,39
 2016-5-24,33,30,28,27,25,24,84,72,59,1012,1009,1007,10,10,8,16,10,NULL,0,6,Thunderstorm,216,39
 2016-5-25,34,31,29,27,26,24,84,74,63,1010,1008,1006,10,10,10,11,6,NULL,0,5,Thunderstorm,137,39
 2016-5-26,32,30,28,26,24,23,84,73,62,1012,1009,1007,10,10,10,23,11,NULL,0,6,NULL,212,39
 2016-5-27,33,31,29,27,26,24,84,74,62,1012,1010,1008,10,10,10,23,13,NULL,0,6,NULL,186,39
 2016-5-28,32,29,26,26,26,25,94,80,66,1012,1009,1007,10,9,1,14,6,35,0,6,Rain-Thunderstorm,168,39
 2016-5-29,34,31,28,26,25,23,84,71,56,1011,1009,1006,10,10,8,14,5,NULL,0,5,Rain-Thunderstorm,207,39
 2016-5-30,33,30,27,26,25,23,89,78,66,1011,1009,1008,10,10,8,14,6,NULL,0,5,Rain-Thunderstorm,148,39
 2016-5-31,34,30,27,26,23,21,84,67,52,1012,1010,1008,10,10,8,14,6,NULL,0,6,NULL,9,39
 2016-6-1,31,29,27,27,25,23,94,81,74,1012,1010,1008,10,9,6,19,5,NULL,0,5,Rain-Thunderstorm,40,39
 2016-6-2,33,30,27,26,24,23,89,76,59,1011,1009,1007,10,10,8,16,3,NULL,0,5,Rain-Thunderstorm,199,39
 2016-6-3,33,30,27,26,24,23,89,74,55,1011,1010,1008,10,10,8,14,5,NULL,0,5,Thunderstorm,113,39
 2016-6-4,28,27,27,25,24,22,89,82,70,1012,1011,1009,10,9,6,14,3,NULL,0,6,Rain-Thunderstorm,129,39
 2016-6-5,33,29,26,26,26,25,94,80,66,1012,1010,1008,10,10,9,13,5,NULL,0,6,Rain,182,39
 2016-6-6,33,30,28,26,24,22,89,71,59,1013,1011,1009,10,10,10,16,6,NULL,0,6,Thunderstorm,141,39
 2016-6-7,33,31,29,26,24,23,84,70,55,1012,1010,1008,10,10,10,14,6,NULL,0,6,Thunderstorm,140,39
 2016-6-8,31,28,25,26,24,23,89,81,66,1013,1011,1009,10,9,5,29,5,NULL,0,6,Rain-Thunderstorm,242,39
 2016-6-9,33,29,26,27,25,23,94,81,55,1012,1011,1009,10,9,3,16,3,NULL,0,5,Rain-Thunderstorm,262,39
 2016-6-10,32,29,27,26,25,23,89,78,66,1012,1011,1009,10,8,2,23,6,NULL,0,6,Rain-Thunderstorm,198,39
 2016-6-11,32,29,27,26,25,24,94,82,62,1012,1011,1009,10,9,5,23,10,NULL,0,6,Rain-Thunderstorm,187,39
 2016-6-12,32,29,27,26,24,23,84,73,62,1012,1011,1008,10,10,10,19,8,NULL,0,6,Thunderstorm,196,39
 2016-6-13,33,30,27,25,24,23,79,70,55,1012,1010,1008,10,10,10,14,6,NULL,0,6,Thunderstorm,251,39
 2016-6-14,32,30,28,25,24,23,84,73,62,1011,1009,1007,10,10,8,19,6,NULL,0,6,Rain-Thunderstorm,199,39
 2016-6-15,31,28,25,26,24,23,94,78,62,1012,1009,1006,10,8,1,23,10,NULL,0,5,Rain-Thunderstorm,234,39
 2016-6-16,31,29,27,26,24,24,84,77,66,1009,1008,1006,10,9,4,19,6,NULL,0,5,Rain-Thunderstorm,178,39
 2016-6-17,30,28,25,26,24,23,94,86,70,1010,1009,1007,10,8,3,21,8,NULL,0,5,Rain-Thunderstorm,284,39
 2016-6-18,31,28,26,26,24,23,89,80,66,1011,1009,1007,10,10,10,8,5,NULL,0,6,Rain,5,39
 2016-6-19,31,28,26,24,23,22,89,73,62,1012,1009,1007,10,10,10,13,3,NULL,0,6,Rain-Thunderstorm,12,39
 2016-6-20,33,29,26,24,23,22,83,66,55,1010,1008,1006,10,10,10,16,5,NULL,0,6,NULL,286,39
 2016-6-21,33,30,28,25,24,23,79,71,55,1010,1008,1007,10,10,9,13,5,NULL,0,5,Rain,199,39
 2016-6-22,32,29,26,25,24,23,94,84,66,1010,1009,1008,10,10,8,16,5,NULL,0,5,Rain-Thunderstorm,131,39
 2016-6-23,32,29,27,26,25,23,89,75,62,1010,1008,1006,10,10,10,14,8,NULL,0,6,Rain,171,39
 2016-6-24,29,26,23,25,23,22,100,86,70,1011,1010,1007,10,8,1,16,8,NULL,0,6,Rain-Thunderstorm,172,39
 2016-6-25,33,30,28,26,24,23,89,72,55,1011,1010,1008,10,10,10,16,8,NULL,0,6,NULL,190,39
 2016-6-26,31,29,28,26,25,24,84,76,66,1011,1010,1007,10,10,10,23,8,NULL,0,6,Rain-Thunderstorm,174,39
 2016-6-27,31,29,28,25,24,21,84,71,55,1010,1009,1007,10,10,10,19,11,NULL,0,6,NULL,199,39
 2016-6-28,35,31,28,25,23,20,84,64,41,1011,1009,1007,10,10,10,14,10,NULL,0,6,NULL,204,39
 2016-6-29,35,31,28,26,24,21,89,64,44,1011,1009,1008,10,10,10,16,6,NULL,0,6,NULL,188,39
 2016-6-30,34,31,29,26,25,23,84,70,52,1011,1009,1007,10,10,10,11,6,NULL,0,6,NULL,126,39
 2016-7-1,33,30,27,26,25,24,89,72,59,1011,1009,1007,10,10,10,13,6,NULL,0,6,Thunderstorm,129,39
 2016-7-2,33,30,28,27,26,24,89,74,59,1012,1010,1008,10,10,10,16,8,NULL,0,6,NULL,155,39
 2016-7-3,34,31,29,26,25,24,84,72,56,1012,1010,1008,10,10,10,13,8,NULL,0,6,NULL,144,39
 2016-7-4,34,31,29,26,25,23,84,69,55,1011,1009,1007,10,10,10,14,8,NULL,0,6,NULL,154,39
 2016-7-5,34,31,29,26,24,22,84,69,49,1010,1008,1006,10,10,10,19,10,NULL,0,4,NULL,164,39
 2016-7-6,33,30,27,26,24,21,84,72,55,1011,1009,1006,10,10,3,19,8,NULL,0,5,Rain-Thunderstorm,185,39
 2016-7-7,32,29,27,25,24,23,89,74,62,1010,1009,1006,10,10,3,29,10,NULL,0,6,Rain,181,39
 2016-7-8,31,28,25,26,24,22,94,76,58,1012,1009,1007,10,9,2,23,11,NULL,0,6,Rain-Thunderstorm,201,39
 2016-7-9,33,30,28,25,24,21,84,67,49,1010,1009,1007,10,10,10,19,11,NULL,0,6,NULL,170,39
 2016-7-10,33,30,28,25,24,23,84,70,55,1010,1009,1007,10,10,10,16,8,NULL,0,6,NULL,178,39
 2016-7-11,30,28,25,26,24,24,94,83,70,1011,1009,1007,10,9,1,24,8,NULL,0,5,Rain-Thunderstorm,225,39
 2016-7-12,33,30,28,26,25,24,89,73,59,1010,1008,1006,10,10,10,13,8,NULL,0,6,NULL,166,39
 2016-7-13,31,28,26,26,24,23,89,79,70,1010,1008,1006,10,9,4,23,8,NULL,0,6,Rain-Thunderstorm,189,39
 2016-7-14,29,27,26,26,24,23,89,84,74,1010,1008,1006,10,10,5,23,6,47,0,5,Rain-Thunderstorm,198,39
 2016-7-15,30,28,26,26,24,23,94,82,74,1011,1009,1007,10,9,3,16,5,NULL,0,6,Rain-Thunderstorm,286,39
 2016-7-16,33,29,26,25,24,23,94,72,55,1012,1010,1007,10,10,10,14,5,NULL,0,6,Rain-Thunderstorm,250,39
 2016-7-17,32,29,27,26,24,23,89,78,62,1012,1010,1008,10,9,2,13,5,NULL,0,5,Rain-Thunderstorm,287,39
 2016-7-18,32,29,26,26,25,23,94,82,62,1011,1009,1007,10,8,1,21,5,NULL,0,6,Rain-Thunderstorm,310,39
 2016-7-19,33,29,25,25,24,23,89,73,59,1010,1008,1006,10,10,10,14,10,NULL,0,6,NULL,280,39
 2016-7-20,30,27,24,26,24,23,100,85,70,1010,1009,1008,10,8,1,16,8,NULL,0,5,Rain-Thunderstorm,204,39
 2016-7-21,31,28,25,25,24,23,100,82,62,1010,1009,1007,10,9,3,24,5,NULL,0,6,Rain-Thunderstorm,194,39
 2016-7-22,28,27,25,25,24,23,94,89,84,1011,1010,1008,10,9,3,19,6,NULL,0,6,Rain-Thunderstorm,167,39
 2016-7-23,32,28,25,25,24,23,94,81,62,1011,1009,1007,10,10,6,21,8,NULL,0,5,Rain-Thunderstorm,152,39
 2016-7-24,31,28,26,26,24,23,89,82,66,1011,1009,1008,10,9,3,21,8,NULL,0,5,Rain-Thunderstorm,154,39
 2016-7-25,30,28,26,25,23,22,89,76,66,1011,1009,1008,10,10,10,16,6,NULL,0,6,Rain,152,39
 2016-7-26,30,27,24,25,24,21,89,85,74,1011,1010,1008,10,9,1,27,6,NULL,0,6,Rain-Thunderstorm,193,39
 2016-7-27,32,28,25,25,24,22,94,74,58,1010,1008,1006,10,10,10,16,5,NULL,0,6,NULL,178,39
 2016-7-28,31,29,27,25,24,22,89,78,66,1011,1009,1007,10,9,3,16,6,NULL,0,5,Rain-Thunderstorm,192,39
 2016-7-29,33,30,27,25,24,22,89,71,52,1011,1009,1007,10,10,9,21,8,NULL,0,6,NULL,197,39
 2016-7-30,31,29,28,25,24,24,84,74,66,1010,1009,1007,10,10,10,11,6,NULL,0,6,NULL,162,39
 2016-7-31,33,29,25,26,24,23,89,81,59,1011,1008,1007,10,9,1,27,6,NULL,0,5,Rain-Thunderstorm,131,39
 2016-8-1,32,29,26,25,24,22,94,79,62,1011,1009,1006,10,9,1,19,6,NULL,0,6,Rain-Thunderstorm,211,39
 2016-8-2,34,31,28,25,23,22,79,67,49,1010,1007,1004,10,10,10,19,11,NULL,0,6,NULL,207,39
 2016-8-3,31,27,23,26,23,21,94,78,58,1010,1008,1006,10,9,3,35,13,58,0,6,Rain,202,39
 2016-8-4,31,29,28,25,23,22,84,70,62,1011,1009,1007,10,10,10,19,13,NULL,0,6,NULL,199,39
 2016-8-5,33,30,28,25,24,23,84,70,55,1011,1009,1007,10,10,10,19,8,NULL,0,6,Rain,167,39
 2016-8-6,33,29,26,26,24,23,94,79,59,1011,1009,1008,10,9,2,19,6,NULL,0,6,Rain-Thunderstorm-Tornado,124,39
 2016-8-7,33,30,28,26,25,24,89,75,62,1011,1009,1008,10,10,10,21,8,NULL,0,6,NULL,173,39
 2016-8-8,34,31,28,26,24,20,89,68,46,1011,1009,1007,10,10,8,14,6,NULL,0,6,NULL,189,39
 2016-8-9,33,30,28,26,25,23,89,74,55,1012,1009,1006,10,10,8,19,8,NULL,0,6,NULL,195,39
 2016-8-10,33,31,29,26,24,24,79,68,59,1011,1009,1007,10,10,10,19,11,NULL,0,6,NULL,193,39
 2016-8-11,32,30,29,26,24,23,84,71,59,1012,1010,1008,10,10,10,24,10,NULL,0,5,Thunderstorm,201,39
 2016-8-12,32,29,27,26,24,22,89,73,58,1012,1010,1008,10,9,3,26,11,NULL,0,6,Rain,199,39
 2016-8-13,33,30,28,26,24,23,84,69,55,1011,1009,1006,10,10,8,19,8,NULL,0,6,Rain,214,39
 2016-8-14,33,30,27,24,23,22,79,69,52,1011,1008,1006,10,10,9,23,10,NULL,0,6,Rain,223,39
 2016-8-15,33,30,28,26,24,23,84,73,55,1011,1008,1006,10,10,10,21,13,NULL,0,6,NULL,184,39
 2016-8-16,32,30,28,26,24,23,84,71,62,1010,1008,1006,10,10,10,21,10,NULL,0,6,NULL,184,39
 2016-8-17,33,31,29,26,25,23,84,74,62,1010,1008,1006,10,10,6,21,11,NULL,0,5,Rain-Thunderstorm,153,39
 2016-8-18,33,31,29,26,25,23,84,71,55,1009,1007,1005,10,10,10,26,13,NULL,0,6,NULL,175,39
 2016-8-19,32,27,23,26,24,22,94,79,62,1009,1008,1006,10,9,1,23,11,NULL,0,5,Rain-Thunderstorm,195,39
 2016-8-20,33,30,27,26,24,23,89,73,55,1010,1008,1005,10,9,3,19,11,NULL,0,5,Rain-Thunderstorm,190,39
 2016-8-21,30,27,24,26,24,23,94,83,74,1010,1008,1007,10,9,3,16,8,35,0,6,Rain-Thunderstorm,181,39
 2016-8-22,33,30,28,26,24,23,89,71,55,1009,1008,1006,10,10,10,14,10,NULL,0,5,NULL,213,39
 2016-8-23,33,30,27,26,25,24,94,76,59,1008,1006,1004,10,9,1,21,6,NULL,0,5,Rain-Thunderstorm,215,39
 2016-8-24,31,28,26,26,24,24,94,78,66,1009,1007,1004,10,10,7,21,10,NULL,0,6,Rain,205,39
 2016-8-25,33,30,27,25,23,22,84,65,52,1009,1007,1006,10,10,10,23,13,NULL,0,6,NULL,205,39
 2016-8-26,33,30,28,24,23,20,79,61,46,1010,1009,1007,10,7,3,23,10,NULL,0,6,Rain,233,39
 2016-8-27,34,31,28,26,24,19,89,69,41,1012,1009,1007,10,8,5,19,6,NULL,0,6,Rain-Thunderstorm,217,39
 2016-8-28,33,30,28,25,24,23,84,71,55,1012,1010,1007,10,8,5,13,5,NULL,0,6,Thunderstorm,142,39
 2016-8-29,33,30,27,26,26,24,94,74,62,1010,1008,1006,10,9,5,14,8,NULL,0,6,NULL,133,39
 2016-8-30,30,28,26,26,24,23,94,84,70,1012,1010,1008,10,8,1,21,8,NULL,0,5,Rain-Thunderstorm,191,39
 2016-8-31,33,29,26,26,24,24,89,75,63,1012,1010,1008,10,10,10,23,5,NULL,0,6,Thunderstorm,192,39
 2016-9-1,32,28,25,25,24,22,89,81,62,1012,1011,1009,10,8,5,32,6,NULL,0,6,Rain-Thunderstorm,174,39
 2016-9-2,33,29,26,25,23,21,89,68,52,1012,1010,1007,10,10,10,16,6,NULL,0,6,NULL,206,39
 2016-9-3,34,30,27,25,24,22,84,67,52,1011,1009,1007,10,10,9,19,5,NULL,0,6,NULL,178,39
 2016-9-4,33,30,28,26,24,23,89,74,59,1012,1010,1008,10,9,7,16,5,NULL,0,5,Rain-Thunderstorm,22,39
 2016-9-5,32,29,27,25,24,24,84,73,62,1013,1011,1008,10,9,5,23,6,NULL,0,6,Rain-Thunderstorm,231,39
 2016-9-6,34,30,27,25,24,22,84,69,52,1013,1010,1008,10,9,6,16,10,NULL,0,6,Rain-Thunderstorm,222,39
 2016-9-7,29,27,24,26,24,23,94,82,70,1012,1011,1009,10,8,1,32,16,52,0,6,Rain-Thunderstorm,223,39
 2016-9-8,32,30,28,26,25,24,84,73,62,1013,1011,1009,10,10,10,19,11,NULL,0,6,NULL,189,39
 2016-9-9,33,29,26,26,24,22,89,76,55,1013,1011,1009,10,10,6,21,8,NULL,0,6,Rain-Thunderstorm,147,39
 2016-9-10,31,27,24,25,24,22,94,80,66,1012,1010,1007,10,9,2,32,8,52,0,6,Rain-Thunderstorm,197,39
 2016-9-11,32,29,26,26,24,21,89,73,62,1011,1008,1006,10,10,10,26,10,NULL,0,6,NULL,193,39
 2016-9-12,29,27,26,25,25,24,94,87,79,1011,1010,1008,10,8,1,23,6,NULL,0,5,Rain-Thunderstorm,295,39
 2016-9-13,32,29,26,26,24,23,94,72,59,1011,1009,1007,10,10,10,19,8,NULL,0,6,NULL,178,39
 2016-9-14,30,27,24,25,24,22,100,88,70,1012,1010,1007,10,8,0,21,10,NULL,0,5,Rain-Thunderstorm,171,39
 2016-9-15,33,29,26,26,24,22,94,72,55,1011,1009,1007,10,10,8,16,6,NULL,0,6,NULL,179,39
 2016-9-16,34,29,24,24,23,21,94,71,52,1011,1009,1005,10,9,3,23,13,47,0,6,Rain-Thunderstorm,230,39
 2016-9-17,33,29,26,25,23,22,84,67,55,1010,1009,1006,10,10,9,11,8,NULL,0,5,Rain-Thunderstorm,276,39
 2016-9-18,34,28,23,25,24,22,100,74,52,1010,1009,1006,10,9,1,19,10,NULL,0,6,Rain-Thunderstorm,249,39
 2016-9-19,32,29,26,25,24,24,94,77,62,1010,1008,1006,10,9,4,16,10,NULL,0,6,Rain-Thunderstorm,249,39
 2016-9-20,32,28,25,24,23,22,89,70,55,1011,1008,1005,10,10,10,23,13,NULL,0,6,Rain-Thunderstorm,268,39
 2016-9-21,34,30,26,25,23,21,89,70,49,1011,1009,1008,10,10,9,24,10,NULL,0,6,Rain-Thunderstorm,306,39
 2016-9-22,33,30,27,24,23,22,84,69,55,1011,1009,1007,10,10,9,14,6,NULL,0,6,NULL,305,39
 2016-9-23,33,30,27,25,23,21,79,65,49,1010,1008,1005,10,10,10,21,8,NULL,0,6,NULL,269,39
 2016-9-24,33,30,27,25,24,23,84,69,55,1010,1007,1004,10,10,10,16,6,NULL,0,6,NULL,201,39
 2016-1-1,30,28,26,26,24,22,94,80,66,1014,1012,1011,10,10,9,32,13,NULL,0,5,Rain,4,43
 2016-1-2,28,26,24,25,24,23,100,90,79,1015,1013,1011,10,8,1,26,11,45,0,5,Rain-Thunderstorm,37,43
 2016-1-3,27,26,25,25,24,23,100,89,83,1015,1013,1011,10,9,6,14,5,NULL,0,6,Rain,352,43
 2016-1-4,31,28,26,25,24,23,94,78,62,1015,1013,1010,10,9,4,21,11,NULL,0,5,Rain,37,43
 2016-1-5,32,29,26,25,24,22,94,76,55,1014,1012,1009,10,10,10,21,13,NULL,0,5,NULL,31,43
 2016-1-6,32,29,27,25,24,23,89,76,62,1014,1012,1010,10,10,10,24,13,NULL,0,6,NULL,36,43
 2016-1-7,33,29,26,25,23,22,89,70,52,1014,1012,1010,10,10,10,26,18,NULL,0,5,NULL,23,43
 2016-1-8,32,29,26,24,23,21,89,70,52,1013,1012,1010,10,10,10,24,14,NULL,0,5,NULL,26,43
 2016-1-9,33,30,27,25,23,20,89,70,46,1013,1011,1009,10,10,10,29,16,NULL,0,5,NULL,26,43
 2016-1-10,33,30,27,24,23,22,84,68,52,1013,1011,1009,10,10,10,23,13,NULL,0,6,NULL,31,43
 2016-1-11,32,29,27,24,23,21,84,72,52,1013,1011,1009,10,10,10,16,10,NULL,0,4,Rain,21,43
 2016-1-12,33,30,27,24,23,22,84,69,52,1012,1010,1007,10,10,10,26,16,NULL,0,5,NULL,21,43
 2016-1-13,33,30,27,24,23,22,84,69,52,1012,1010,1007,10,10,10,24,13,NULL,0,5,NULL,37,43
 2016-1-14,33,29,26,25,24,21,89,71,49,1012,1009,1007,10,10,10,23,13,NULL,0,5,Thunderstorm,32,43
 2016-1-15,32,29,26,25,24,22,94,80,55,1011,1009,1007,10,9,3,14,8,NULL,0,5,Rain-Thunderstorm,330,43
 2016-1-16,32,29,26,26,24,21,94,79,52,1011,1009,1007,10,9,7,16,3,NULL,0,5,Rain-Thunderstorm,349,43
 2016-1-17,31,27,24,26,25,23,94,88,66,1011,1009,1007,10,8,1,19,5,NULL,0,5,Rain-Thunderstorm,354,43
 2016-1-18,34,29,25,25,24,21,100,76,46,1011,1009,1006,10,9,6,16,5,NULL,0,5,Rain-Thunderstorm,87,43
 2016-1-19,31,29,27,25,24,23,89,76,62,1013,1010,1008,10,10,4,26,11,45,0,5,Rain,20,43
 2016-1-20,31,29,27,25,24,22,89,75,58,1013,1011,1009,10,10,10,21,6,NULL,0,5,Rain,7,43
 2016-1-21,31,29,27,24,23,21,84,72,58,1013,1011,1010,10,10,10,21,11,NULL,0,6,Rain,13,43
 2016-1-22,32,29,27,25,24,24,84,77,62,1013,1011,1009,10,10,7,23,10,NULL,0,5,Rain-Thunderstorm,5,43
 2016-1-23,33,30,27,25,24,22,84,73,52,1014,1012,1010,10,9,5,24,13,NULL,0,5,Rain,1,43
 2016-1-24,33,30,27,25,24,22,89,72,52,1014,1012,1010,10,10,7,37,19,NULL,0,5,Rain,16,43
 2016-1-25,31,28,26,25,24,23,89,78,62,1014,1012,1010,10,9,2,42,18,60,0,6,Rain,27,43
 2016-1-26,30,28,26,25,24,23,94,77,66,1013,1012,1009,10,10,8,29,14,NULL,0,5,Rain,27,43
 2016-1-27,33,29,26,25,24,23,94,73,55,1013,1010,1008,10,10,10,24,13,NULL,0,5,NULL,35,43
 2016-1-28,33,29,26,25,24,23,94,75,55,1012,1010,1008,10,10,10,21,10,NULL,0,5,Rain,7,43
 2016-1-29,32,29,26,25,24,23,94,76,59,1013,1011,1009,10,10,8,27,11,NULL,0,5,Rain,5,43
 2016-1-30,33,30,27,25,23,21,89,70,49,1012,1010,1008,10,10,10,26,13,NULL,0,6,NULL,3,43
 2016-1-31,33,30,27,24,23,22,84,69,52,1012,1010,1007,10,10,10,26,13,NULL,0,6,Rain,356,43
 2016-2-1,33,29,26,24,22,20,89,65,46,1012,1010,1007,10,10,10,29,16,NULL,0,6,NULL,6,43
 2016-2-2,32,28,25,25,23,21,100,77,55,1012,1010,1008,10,9,3,26,11,NULL,0,5,Rain,3,43
 2016-2-3,32,29,26,24,23,21,89,69,52,1012,1010,1007,10,10,9,24,10,NULL,0,5,NULL,22,43
 2016-2-4,31,29,27,25,24,23,84,76,62,1011,1009,1007,10,10,5,19,10,NULL,0,4,Rain,358,43
 2016-2-5,31,28,26,26,25,24,94,82,66,1011,1008,1006,10,9,3,23,6,NULL,0,4,Rain,344,43
 2016-2-6,32,29,27,26,24,23,94,77,59,1011,1009,1007,10,10,8,32,18,NULL,0,5,Rain,20,43
 2016-2-7,29,27,25,25,24,23,100,85,70,1012,1010,1008,10,8,4,37,23,NULL,0,6,Rain,22,43
 2016-2-8,30,28,26,23,22,22,83,73,66,1012,1011,1009,10,9,6,34,23,NULL,0,6,NULL,13,43
 2016-2-9,29,27,26,23,22,22,79,74,66,1013,1011,1010,10,9,7,14,8,NULL,0,6,Rain,342,43
 2016-2-10,28,27,26,24,23,22,89,80,70,1012,1011,1009,10,9,6,23,11,NULL,0,6,Rain,358,43
 2016-2-11,30,28,26,25,24,23,94,79,66,1012,1010,1008,10,10,10,19,13,NULL,0,6,NULL,24,43
 2016-2-12,33,27,22,25,24,21,100,82,59,1012,1010,1007,10,9,1,26,11,45,0,5,Rain-Thunderstorm,33,43
 2016-2-13,32,29,26,26,24,23,100,77,59,1012,1010,1008,10,9,6,24,14,NULL,0,6,NULL,53,43
 2016-2-14,33,29,26,26,24,23,94,74,59,1012,1010,1009,10,9,7,24,11,NULL,0,5,Thunderstorm,51,43
 2016-2-15,32,29,27,25,24,23,89,74,59,1013,1011,1009,10,10,7,26,13,NULL,0,6,NULL,34,43
 2016-2-16,32,29,27,25,23,19,89,70,49,1014,1012,1010,10,10,10,37,23,NULL,0,5,NULL,21,43
 2016-2-17,32,29,26,22,21,17,78,63,40,1015,1013,1011,10,10,10,32,19,NULL,0,6,NULL,19,43
 2016-2-18,32,29,26,24,23,22,84,72,58,1014,1012,1010,10,10,7,26,11,NULL,0,5,Rain,8,43
 2016-2-19,28,26,24,24,24,24,100,95,79,1014,1012,1011,10,5,3,16,8,NULL,0,7,Rain,286,43
 2016-2-20,30,28,25,25,24,23,94,82,70,1015,1013,1011,10,9,6,24,10,NULL,0,6,Rain,3,43
 2016-2-21,32,28,25,24,23,22,83,72,55,1015,1013,1011,10,10,10,29,11,NULL,0,6,NULL,8,43
 2016-2-22,32,29,26,23,22,20,83,68,49,1016,1014,1011,10,10,9,24,14,NULL,0,6,NULL,12,43
 2016-2-23,32,29,26,24,23,23,89,73,59,1014,1012,1009,10,10,10,29,16,NULL,0,5,NULL,14,43
 2016-2-24,29,27,24,25,24,23,100,87,74,1014,1012,1011,10,8,4,24,10,NULL,0,5,Rain-Thunderstorm,360,43
 2016-2-25,31,28,26,23,22,20,83,67,52,1015,1013,1011,10,10,10,39,21,NULL,0,5,NULL,12,43
 2016-2-26,32,29,26,23,22,20,83,67,49,1014,1013,1011,10,10,10,32,21,NULL,0,4,NULL,18,43
 2016-2-27,33,29,26,24,23,21,89,68,52,1014,1012,1010,10,10,10,29,14,NULL,0,5,NULL,8,43
 2016-2-28,32,29,26,24,23,22,89,71,55,1015,1013,1011,10,10,10,34,19,NULL,0,5,NULL,19,43
 2016-2-29,32,29,27,24,23,21,84,69,52,1015,1013,1011,10,10,10,35,23,NULL,0,5,NULL,18,43
 2016-3-1,32,29,26,25,23,21,89,70,52,1014,1012,1009,10,10,10,32,16,NULL,0,5,NULL,17,43
 2016-3-2,32,29,26,24,23,21,83,69,52,1014,1012,1010,10,10,10,34,19,NULL,0,6,Rain,12,43
 2016-3-3,32,29,26,24,23,21,84,68,52,1015,1012,1010,10,10,10,35,23,NULL,0,5,NULL,17,43
 2016-3-4,32,29,27,24,23,21,84,72,58,1013,1011,1009,10,10,10,32,16,NULL,0,6,Rain,10,43
 2016-3-5,33,29,26,24,23,22,89,71,52,1013,1010,1008,10,10,10,26,16,NULL,0,5,NULL,24,43
 2016-3-6,33,30,27,25,23,21,89,71,49,1013,1010,1007,10,10,10,26,18,NULL,0,6,NULL,29,43
 2016-3-7,32,29,27,25,24,22,89,74,58,1013,1010,1008,10,10,9,24,14,NULL,0,6,Rain,25,43
 2016-3-8,31,28,26,26,24,24,89,81,66,1011,1009,1007,10,9,1,21,10,NULL,0,5,Rain-Thunderstorm,39,43
 2016-3-9,34,30,27,26,24,22,94,72,52,1012,1009,1007,10,10,10,21,13,NULL,0,6,NULL,42,43
 2016-3-10,34,30,27,25,24,22,89,76,49,1013,1011,1008,10,9,1,16,8,26,0,4,Rain,5,43
 2016-3-11,33,30,27,25,24,22,89,71,52,1013,1010,1008,10,10,8,26,13,NULL,0,6,NULL,22,43
 2016-3-12,33,30,27,24,23,21,84,67,52,1012,1011,1009,10,10,10,24,16,NULL,0,6,NULL,20,43
 2016-3-13,34,29,25,26,24,21,94,75,52,1013,1011,1010,10,10,6,26,11,NULL,0,4,Rain,22,43
 2016-3-14,33,30,27,26,24,23,89,73,55,1014,1011,1008,10,9,6,19,11,NULL,0,5,Rain,32,43
 2016-3-15,34,30,26,25,23,20,94,67,46,1012,1010,1007,10,10,10,26,13,NULL,0,6,NULL,18,43
 2016-3-16,34,30,26,23,22,19,83,64,41,1013,1011,1009,10,10,10,16,8,NULL,0,6,NULL,18,43
 2016-3-17,35,30,26,24,23,20,84,66,41,1012,1010,1008,10,10,10,26,11,NULL,0,6,NULL,16,43
 2016-3-18,34,30,26,24,22,21,84,66,46,1012,1010,1008,10,10,7,21,10,NULL,0,6,NULL,35,43
 2016-3-19,33,29,26,23,23,22,83,67,52,1011,1009,1007,10,10,10,23,14,NULL,0,6,NULL,36,43
 2016-3-20,32,29,27,25,24,23,84,72,62,1012,1009,1007,10,9,6,16,11,NULL,0,6,Rain,25,43
 2016-3-21,34,30,27,26,24,22,89,76,49,1011,1009,1006,10,8,3,19,10,NULL,0,5,Rain-Thunderstorm,44,43
 2016-3-22,33,30,27,25,24,22,89,75,58,1011,1009,1006,10,9,5,14,6,NULL,0,5,Rain-Thunderstorm,312,43
 2016-3-23,34,30,27,26,24,21,89,71,46,1012,1010,1008,10,9,5,21,6,NULL,0,6,NULL,4,43
 2016-3-24,33,30,27,25,23,22,89,69,55,1012,1011,1009,10,9,5,23,13,NULL,0,5,NULL,57,43
 2016-3-25,34,29,25,24,23,20,84,69,46,1015,1013,1011,10,9,6,26,8,NULL,0,6,Rain-Thunderstorm,16,43
 2016-3-26,33,30,27,24,22,19,79,64,43,1015,1013,1011,10,10,10,27,13,NULL,0,6,NULL,28,43
 2016-3-27,33,30,27,24,23,21,84,65,49,1014,1012,1010,10,10,8,35,18,NULL,0,6,NULL,19,43
 2016-3-28,34,30,27,24,22,18,84,62,38,1014,1012,1010,10,10,10,29,19,NULL,0,6,NULL,37,43
 2016-3-29,33,30,27,24,22,20,84,65,46,1015,1013,1010,10,9,5,32,18,NULL,0,5,NULL,23,43
 2016-3-30,33,30,27,24,22,19,84,63,43,1015,1013,1010,10,8,3,27,16,NULL,0,6,NULL,22,43
 2016-3-31,33,30,27,23,22,20,79,64,46,1013,1011,1009,10,9,6,24,16,NULL,0,5,NULL,21,43
 2016-4-1,34,30,27,24,22,20,84,63,44,1012,1009,1007,10,9,5,27,14,NULL,0,5,NULL,28,43
 2016-4-2,35,30,26,24,23,20,84,63,44,1012,1010,1008,10,9,4,26,14,NULL,0,6,NULL,40,43
 2016-4-3,34,30,26,25,24,22,94,74,49,1013,1010,1009,10,9,2,23,11,NULL,0,5,Rain-Thunderstorm,58,43
 2016-4-4,34,30,27,26,24,23,94,71,52,1012,1010,1006,10,9,6,24,10,NULL,0,6,NULL,55,43
 2016-4-5,33,30,28,25,24,23,84,72,55,1012,1010,1008,10,10,7,24,10,NULL,0,5,NULL,55,43
 2016-4-6,35,31,27,25,22,20,84,63,41,1012,1010,1008,10,10,8,23,10,NULL,0,6,NULL,43,43
 2016-4-7,35,30,26,24,22,19,84,62,39,1012,1010,1007,10,9,5,19,8,NULL,0,6,NULL,22,43
 2016-4-8,35,31,27,24,23,20,84,65,41,1012,1010,1007,10,9,5,21,10,NULL,0,6,NULL,19,43
 2016-4-9,33,29,26,26,24,23,100,77,55,1012,1010,1008,10,7,3,24,8,NULL,0,6,Rain-Thunderstorm,26,43
 2016-4-10,35,30,26,26,24,22,94,71,47,1012,1010,1007,10,9,5,23,10,NULL,0,6,Thunderstorm,32,43
 2016-4-11,35,31,28,26,24,23,84,70,52,1011,1009,1007,10,9,6,16,6,NULL,0,5,Rain-Thunderstorm,236,43
 2016-4-12,35,31,28,27,24,21,94,69,44,1011,1009,1006,10,8,3,14,5,NULL,0,5,Rain,252,43
 2016-4-13,36,32,28,26,24,22,84,65,47,1010,1008,1005,10,9,6,19,8,NULL,0,6,Thunderstorm,254,43
 2016-4-14,34,31,28,26,24,22,89,68,52,1011,1009,1007,10,8,4,26,6,NULL,0,5,Rain-Thunderstorm,227,43
 2016-4-15,32,29,26,25,24,22,89,75,55,1013,1011,1008,10,9,6,14,6,NULL,0,6,Rain-Thunderstorm,209,43
 2016-4-16,35,31,28,26,24,22,89,70,47,1011,1008,1006,10,9,4,19,6,NULL,0,4,Rain-Thunderstorm,32,43
 2016-4-17,35,31,27,26,24,22,89,68,49,1011,1009,1006,10,10,8,19,10,NULL,0,6,NULL,81,43
 2016-4-18,36,31,27,26,23,18,89,64,38,1011,1009,1006,10,10,8,19,6,NULL,0,6,NULL,72,43
 2016-4-19,35,31,28,25,23,21,84,65,44,1012,1010,1007,10,9,5,23,13,NULL,0,6,NULL,35,43
 2016-4-20,33,30,28,25,24,22,84,70,52,1012,1010,1008,10,10,8,21,6,NULL,0,5,Rain,17,43
 2016-4-21,35,31,28,25,23,21,84,63,44,1011,1009,1007,10,10,8,23,13,NULL,0,6,NULL,26,43
 2016-4-22,33,30,27,26,25,23,94,77,55,1011,1009,1007,10,9,3,29,8,NULL,0,5,Rain-Thunderstorm,88,43
 2016-4-23,33,30,28,26,25,23,89,77,55,1010,1009,1007,10,9,5,16,6,NULL,0,5,Rain-Thunderstorm,38,43
 2016-4-24,33,30,27,27,25,23,89,76,55,1010,1008,1005,10,8,3,14,5,NULL,0,5,Rain-Thunderstorm,180,43
 2016-4-25,33,29,25,26,24,22,94,78,62,1011,1009,1007,10,9,3,24,6,NULL,0,4,Rain-Thunderstorm,117,43
 2016-4-26,34,30,27,26,25,24,89,76,56,1011,1009,1007,10,9,3,11,5,NULL,0,5,Rain-Thunderstorm,209,43
 2016-4-27,34,30,27,26,24,23,94,76,52,1010,1008,1006,10,7,3,23,5,NULL,0,5,Rain-Thunderstorm,110,43
 2016-4-28,34,30,27,26,25,23,94,76,56,1010,1008,1007,10,9,5,21,5,NULL,0,5,Rain-Thunderstorm,55,43
 2016-4-29,35,30,26,26,25,22,94,79,53,1011,1009,1007,10,7,3,13,5,NULL,0,6,Rain-Thunderstorm,63,43
 2016-4-30,35,30,26,25,24,22,89,77,47,1011,1009,1007,10,7,3,26,6,NULL,0,5,Rain-Thunderstorm,318,43
 2016-5-1,34,30,27,25,24,22,89,68,49,1011,1009,1006,10,9,5,16,6,NULL,0,6,NULL,91,43
 2016-5-2,34,31,28,26,24,23,84,75,56,1011,1009,1008,10,10,8,21,5,NULL,0,5,Rain-Thunderstorm,51,43
 2016-5-3,35,31,27,26,24,22,94,69,47,1010,1009,1007,10,9,5,19,8,NULL,0,6,NULL,71,43
 2016-5-4,35,31,28,26,24,22,89,67,47,1010,1008,1005,10,10,10,19,10,NULL,0,6,NULL,63,43
 2016-5-5,34,31,28,26,24,23,89,73,52,1010,1008,1006,10,9,5,26,6,NULL,0,5,Rain-Thunderstorm,359,43
 2016-5-6,35,31,28,26,24,22,89,71,47,1010,1008,1006,10,10,8,19,6,NULL,0,5,Thunderstorm,331,43
 2016-5-7,35,31,27,26,25,24,94,72,53,1010,1007,1006,10,9,5,16,5,NULL,0,6,Rain-Thunderstorm,132,43
 2016-5-8,35,31,27,26,24,22,89,70,47,1011,1009,1007,10,9,6,14,6,NULL,0,5,NULL,257,43
 2016-5-9,35,31,27,25,24,23,84,71,49,1011,1009,1007,10,9,3,24,8,NULL,0,5,Rain-Thunderstorm,63,43
 2016-5-10,35,31,28,26,24,23,89,68,52,1009,1007,1005,10,10,8,19,10,NULL,0,5,NULL,64,43
 2016-5-11,35,30,26,26,25,22,94,79,47,1009,1007,1005,10,8,1,23,6,NULL,0,5,Rain-Thunderstorm,233,43
 2016-5-12,34,30,27,26,25,24,94,76,56,1009,1006,1004,10,9,6,23,6,NULL,0,5,Thunderstorm,199,43
 2016-5-13,31,28,25,26,24,24,94,80,66,1010,1008,1006,10,8,1,35,6,42,0,5,Rain-Thunderstorm,199,43
 2016-5-14,32,29,26,26,25,24,94,84,62,1011,1010,1008,10,9,4,21,6,NULL,0,5,Rain-Thunderstorm,257,43
 2016-5-15,34,30,26,27,25,23,94,82,52,1011,1008,1006,10,8,2,16,6,NULL,0,5,Rain-Thunderstorm,261,43
 2016-5-16,34,29,25,26,24,23,94,81,52,1010,1008,1005,10,8,1,29,5,NULL,0,5,Rain-Thunderstorm,277,43
 2016-5-17,33,30,27,26,26,24,94,79,63,1010,1008,1006,10,7,4,19,5,NULL,0,6,Thunderstorm,221,43
 2016-5-18,33,29,26,27,25,23,89,82,63,1010,1009,1007,10,9,5,13,6,NULL,0,6,Rain-Thunderstorm,262,43
 2016-5-19,34,30,26,26,25,24,94,78,59,1010,1008,1006,10,9,6,23,6,NULL,0,5,Rain-Thunderstorm,49,43
 2016-5-20,35,31,28,27,25,23,89,69,49,1009,1007,1005,10,10,10,11,5,NULL,0,6,Thunderstorm,266,43
 2016-5-21,32,29,26,26,24,23,89,75,66,1012,1010,1008,10,10,9,14,10,NULL,0,6,Rain-Thunderstorm,246,43
 2016-5-22,34,29,25,26,24,23,94,77,59,1013,1010,1008,10,9,6,29,8,27,0,6,Rain-Thunderstorm,22,43
 2016-5-23,35,30,26,25,24,23,89,71,49,1011,1010,1008,10,9,4,21,6,NULL,0,5,Rain-Thunderstorm,137,43
 2016-5-24,33,29,26,26,25,24,100,75,59,1012,1010,1007,10,9,2,21,10,NULL,0,5,Rain-Thunderstorm,213,43
 2016-5-25,33,30,28,26,26,24,89,74,59,1011,1008,1006,10,9,7,19,6,NULL,0,5,Rain-Thunderstorm,106,43
 2016-5-26,33,30,27,25,23,22,84,68,55,1012,1010,1007,10,10,8,23,10,NULL,0,6,Rain,210,43
 2016-5-27,34,31,28,26,25,23,89,69,52,1012,1010,1008,10,10,10,23,10,NULL,0,6,NULL,172,43
 2016-5-28,32,28,24,25,24,23,94,80,62,1012,1010,1007,10,8,2,16,6,NULL,0,5,Rain-Thunderstorm,148,43
 2016-5-29,35,31,27,26,24,22,94,69,49,1011,1009,1007,10,9,6,11,5,NULL,0,6,NULL,275,43
 2016-5-30,33,30,27,25,24,23,84,74,59,1011,1010,1008,10,9,6,19,8,NULL,0,5,Rain-Thunderstorm,166,43
 2016-5-31,34,30,27,25,23,21,79,66,52,1012,1010,1008,10,10,10,13,8,NULL,0,6,NULL,296,43
 2016-6-1,30,28,25,26,25,23,94,84,74,1012,1011,1008,10,7,1,21,6,NULL,0,5,Rain-Thunderstorm,12,43
 2016-6-2,33,28,24,25,24,23,94,82,62,1011,1009,1008,10,8,1,21,3,NULL,0,5,Rain-Thunderstorm,273,43
 2016-6-3,33,29,26,26,24,23,94,80,59,1012,1010,1008,10,8,3,13,3,NULL,0,5,Rain-Thunderstorm,60,43
 2016-6-4,28,27,26,25,24,23,89,83,74,1013,1011,1010,10,8,5,11,3,NULL,0,6,Rain,77,43
 2016-6-5,33,29,26,26,25,24,94,78,59,1012,1010,1008,10,9,7,13,5,NULL,0,6,Rain,187,43
 2016-6-6,34,31,28,26,24,23,89,71,52,1013,1011,1009,10,10,7,16,5,NULL,0,5,Thunderstorm,118,43
 2016-6-7,33,30,28,26,24,22,89,71,52,1013,1010,1008,10,10,9,19,6,NULL,0,5,Thunderstorm,154,43
 2016-6-8,31,27,23,26,24,22,94,83,70,1013,1011,1009,10,7,1,24,6,NULL,0,6,Rain-Thunderstorm,241,43
 2016-6-9,33,29,26,26,25,23,94,79,55,1013,1011,1009,10,8,3,14,6,NULL,0,5,Rain-Thunderstorm,181,43
 2016-6-10,32,29,27,26,24,23,89,75,59,1012,1011,1009,10,9,5,19,5,NULL,0,5,Rain-Thunderstorm,193,43
 2016-6-11,33,30,27,26,25,24,89,82,59,1012,1011,1009,10,9,3,16,6,NULL,0,5,Rain-Thunderstorm,182,43
 2016-6-12,34,30,26,25,24,23,89,73,52,1012,1010,1008,10,10,8,16,5,NULL,0,5,Thunderstorm,178,43
 2016-6-13,33,29,26,25,24,23,89,72,55,1012,1010,1008,10,10,10,13,5,NULL,0,5,Thunderstorm,243,43
 2016-6-14,33,29,26,26,25,24,94,79,63,1011,1009,1007,10,9,4,16,5,NULL,0,5,Rain-Thunderstorm,240,43
 2016-6-15,32,28,25,26,25,24,94,83,62,1011,1009,1006,10,9,3,19,6,NULL,0,5,Rain-Thunderstorm,252,43
 2016-6-16,31,28,26,25,24,24,94,79,70,1009,1008,1006,10,9,5,16,6,NULL,0,5,Rain-Thunderstorm,216,43
 2016-6-17,30,28,25,26,24,23,94,88,70,1011,1009,1007,10,7,3,19,6,NULL,0,5,Rain-Thunderstorm,235,43
 2016-6-18,30,28,25,25,24,23,89,79,70,1011,1010,1007,10,10,10,10,5,NULL,0,6,Rain,321,43
 2016-6-19,30,28,26,24,23,22,89,74,62,1012,1009,1007,10,10,8,11,5,NULL,0,6,Rain-Thunderstorm,312,43
 2016-6-20,33,29,26,24,23,21,89,68,52,1009,1008,1006,10,9,6,14,6,NULL,0,5,NULL,243,43
 2016-6-21,33,30,27,25,24,23,89,73,55,1010,1008,1007,10,10,8,11,3,NULL,0,5,Rain-Thunderstorm,277,43
 2016-6-22,31,28,25,26,24,22,94,82,62,1011,1009,1008,10,9,5,16,6,NULL,0,5,Rain-Thunderstorm,54,43
 2016-6-23,33,29,26,26,24,23,94,72,55,1010,1008,1006,10,10,8,19,6,NULL,0,6,NULL,156,43
 2016-6-24,30,27,23,25,23,22,100,82,62,1011,1010,1008,10,8,3,13,8,NULL,0,6,Rain-Thunderstorm,175,43
 2016-6-25,35,31,27,25,24,22,89,69,47,1011,1010,1008,10,10,10,19,8,NULL,0,6,NULL,171,43
 2016-6-26,32,29,27,26,25,24,94,77,62,1011,1009,1007,10,10,7,19,6,NULL,0,5,Rain-Thunderstorm,120,43
 2016-6-27,32,30,28,25,23,22,79,68,55,1010,1009,1007,10,10,10,16,8,NULL,0,6,Rain,190,43
 2016-6-28,35,31,27,25,22,19,89,59,39,1011,1009,1007,10,10,10,14,6,NULL,0,6,NULL,211,43
 2016-6-29,35,31,28,26,23,19,89,61,39,1011,1009,1008,10,10,10,14,6,NULL,0,6,NULL,192,43
 2016-6-30,34,31,28,26,25,22,84,69,49,1011,1009,1007,10,10,6,14,8,NULL,0,5,Rain,90,43
 2016-7-1,33,30,27,26,25,23,94,72,55,1011,1009,1007,10,9,6,14,10,NULL,0,4,Rain-Thunderstorm,83,43
 2016-7-2,34,31,28,26,24,23,84,68,52,1012,1010,1008,10,10,10,14,10,NULL,0,5,NULL,125,43
 2016-7-3,35,32,29,25,24,22,79,67,47,1012,1010,1008,10,10,10,14,10,NULL,0,6,NULL,120,43
 2016-7-4,35,31,28,25,24,22,84,64,47,1011,1009,1007,10,10,10,14,8,NULL,0,6,NULL,125,43
 2016-7-5,35,31,28,25,23,20,84,63,44,1010,1008,1007,10,10,10,19,10,NULL,0,4,NULL,143,43
 2016-7-6,34,30,27,26,24,22,84,70,49,1010,1009,1006,10,10,7,16,6,NULL,0,5,Rain-Thunderstorm,180,43
 2016-7-7,34,30,27,25,24,23,89,67,52,1010,1008,1007,10,10,8,24,10,NULL,0,6,Rain,164,43
 2016-7-8,32,28,25,25,23,21,89,73,52,1012,1010,1007,10,9,4,14,6,34,0,5,Rain-Thunderstorm,194,43
 2016-7-9,35,31,27,25,23,20,89,64,44,1010,1009,1007,10,10,10,21,10,NULL,0,6,NULL,147,43
 2016-7-10,35,31,27,25,24,21,89,69,44,1010,1008,1007,10,10,10,21,6,NULL,0,6,NULL,148,43
 2016-7-11,32,28,25,26,24,24,94,79,62,1011,1009,1007,10,8,3,19,8,NULL,0,5,Rain-Thunderstorm,225,43
 2016-7-12,34,30,27,26,24,23,89,68,52,1010,1008,1006,10,10,8,16,6,NULL,0,6,NULL,147,43
 2016-7-13,31,28,25,26,24,23,94,81,70,1010,1008,1006,10,9,2,19,5,34,0,5,Rain-Thunderstorm,221,43
 2016-7-14,30,28,25,26,25,23,89,86,74,1010,1008,1006,10,9,5,11,5,39,0,5,Rain-Thunderstorm,217,43
 2016-7-15,32,28,24,26,24,24,100,85,62,1011,1009,1008,10,8,3,23,6,NULL,0,5,Rain-Thunderstorm,238,43
 2016-7-16,34,29,25,25,24,22,94,72,52,1011,1010,1007,10,9,7,16,3,NULL,0,6,NULL,255,43
 2016-7-17,34,30,26,25,24,22,89,77,55,1012,1010,1008,10,9,4,19,5,NULL,0,5,Rain-Thunderstorm,243,43
 2016-7-18,34,30,26,26,24,24,94,83,56,1011,1009,1007,10,9,6,19,5,NULL,0,6,Rain-Thunderstorm,234,43
 2016-7-19,33,28,24,25,24,23,94,73,59,1010,1008,1006,10,10,10,14,10,NULL,0,6,NULL,246,43
 2016-7-20,31,27,23,25,24,22,100,84,70,1010,1009,1008,10,9,3,21,8,NULL,0,6,Rain-Thunderstorm,239,43
 2016-7-21,31,28,25,25,24,23,94,79,62,1010,1009,1008,10,9,5,19,5,NULL,0,5,Rain-Thunderstorm,167,43
 2016-7-22,28,27,25,25,24,23,94,85,74,1011,1010,1008,10,9,6,14,5,NULL,0,5,Rain-Thunderstorm,158,43
 2016-7-23,32,28,25,25,24,22,94,82,58,1011,1009,1007,10,9,3,21,5,NULL,0,5,Rain-Thunderstorm,81,43
 2016-7-24,30,28,26,25,24,23,94,82,70,1011,1009,1008,10,9,4,14,5,NULL,0,5,Rain-Thunderstorm,231,43
 2016-7-25,30,28,25,25,23,22,89,76,66,1011,1009,1008,10,10,10,14,5,NULL,0,6,Rain,183,43
 2016-7-26,30,26,22,25,24,22,100,85,70,1012,1010,1008,10,9,1,23,5,40,0,5,Rain-Thunderstorm,222,43
 2016-7-27,33,29,25,25,23,22,94,70,55,1011,1009,1006,10,10,8,14,6,NULL,0,6,NULL,165,43
 2016-7-28,31,28,25,25,24,22,94,80,62,1012,1010,1007,10,8,1,21,5,NULL,0,5,Rain-Thunderstorm,231,43
 2016-7-29,34,30,26,25,23,20,89,66,44,1011,1009,1007,10,9,8,19,6,NULL,0,6,NULL,201,43
 2016-7-30,32,29,27,25,24,22,89,72,55,1010,1009,1007,10,9,8,14,6,NULL,0,6,NULL,142,43
 2016-7-31,33,29,25,25,24,22,94,80,52,1011,1008,1007,10,9,3,23,6,NULL,0,5,Rain-Thunderstorm,90,43
 2016-8-1,32,29,26,25,23,22,89,73,55,1010,1008,1006,10,9,5,14,6,NULL,0,5,Thunderstorm,239,43
 2016-8-2,34,30,27,24,22,20,84,62,44,1010,1007,1005,10,10,10,19,10,NULL,0,6,NULL,204,43
 2016-8-3,32,27,23,25,22,20,88,72,55,1010,1008,1006,10,9,3,27,14,50,0,5,Rain,203,43
 2016-8-4,33,30,28,24,23,21,79,64,49,1011,1009,1007,10,10,10,19,11,NULL,0,6,NULL,191,43
 2016-8-5,34,30,27,25,23,22,84,65,49,1011,1009,1007,10,10,10,16,10,NULL,0,6,Rain,156,43
 2016-8-6,33,29,25,25,24,22,94,75,52,1011,1009,1007,10,9,7,19,8,NULL,0,5,Rain-Thunderstorm,124,43
 2016-8-7,34,31,28,26,24,22,84,69,52,1011,1009,1007,10,10,10,19,6,NULL,0,6,NULL,183,43
 2016-8-8,34,31,28,25,23,20,84,64,49,1011,1009,1008,10,10,8,13,6,NULL,0,6,NULL,208,43
 2016-8-9,34,30,27,26,23,21,94,66,46,1012,1009,1006,10,9,6,14,6,NULL,0,6,NULL,214,43
 2016-8-10,35,31,28,25,23,22,84,61,47,1012,1009,1007,10,10,10,19,8,NULL,0,6,NULL,205,43
 2016-8-11,32,29,26,26,24,22,94,74,55,1012,1010,1008,10,10,3,23,8,NULL,0,5,Rain-Thunderstorm,223,43
 2016-8-12,33,29,26,26,23,22,94,69,55,1011,1010,1008,10,9,4,29,10,NULL,0,5,Rain,186,43
 2016-8-13,34,30,27,26,24,22,89,69,52,1011,1009,1007,10,9,5,14,6,NULL,0,6,Rain,229,43
 2016-8-14,34,30,27,23,22,21,74,63,46,1011,1008,1006,10,10,10,21,10,NULL,0,6,NULL,215,43
 2016-8-15,35,31,28,25,23,21,79,64,44,1011,1008,1006,10,10,10,19,10,NULL,0,6,NULL,191,43
 2016-8-16,34,30,27,25,23,22,79,64,52,1010,1008,1006,10,10,10,23,10,NULL,0,6,NULL,182,43
 2016-8-17,34,30,26,26,24,22,89,76,49,1010,1008,1006,10,9,6,23,11,NULL,0,5,Rain-Thunderstorm,106,43
 2016-8-18,34,31,28,26,24,22,84,65,49,1009,1007,1005,10,10,10,26,11,NULL,0,6,NULL,160,43
 2016-8-19,33,28,23,25,23,21,94,77,55,1009,1008,1006,10,8,2,21,11,NULL,0,5,Rain-Thunderstorm,179,43
 2016-8-20,34,30,26,26,24,22,94,67,49,1010,1007,1005,10,9,3,19,11,NULL,0,5,Rain-Thunderstorm,182,43
 2016-8-21,32,28,24,26,24,22,94,77,62,1010,1008,1007,10,9,3,24,10,NULL,0,5,Rain-Thunderstorm,179,43
 2016-8-22,33,30,28,25,24,22,84,69,55,1009,1008,1006,10,10,10,16,6,NULL,0,5,NULL,223,43
 2016-8-23,33,30,27,25,24,22,89,69,55,1008,1006,1004,10,9,6,23,6,NULL,0,6,Thunderstorm,245,43
 2016-8-24,32,28,25,24,24,23,94,75,59,1009,1007,1004,10,9,5,19,10,NULL,0,6,Rain,207,43
 2016-8-25,34,30,27,25,22,21,79,61,46,1009,1007,1006,10,10,10,16,11,NULL,0,6,NULL,198,43
 2016-8-26,34,31,28,23,22,19,74,60,41,1010,1009,1007,10,5,2,19,10,NULL,0,6,NULL,238,43
 2016-8-27,34,31,28,24,22,19,79,61,43,1012,1009,1007,10,6,4,14,6,NULL,0,6,Rain-Thunderstorm,239,43
 2016-8-28,33,30,27,25,24,20,89,73,46,1012,1010,1007,10,6,4,14,5,NULL,0,5,Thunderstorm,5,43
 2016-8-29,33,30,27,25,24,22,89,69,55,1011,1008,1005,10,9,4,19,10,NULL,0,6,Thunderstorm,122,43
 2016-8-30,31,28,26,25,24,23,89,79,62,1012,1010,1008,10,9,3,19,10,NULL,0,5,Rain-Thunderstorm,190,43
 2016-8-31,34,30,26,25,24,22,94,73,49,1012,1010,1008,10,9,5,26,6,NULL,0,6,Rain-Thunderstorm,211,43
 2016-9-1,32,28,25,25,23,22,94,81,59,1012,1011,1009,10,7,2,26,6,NULL,0,5,Rain-Thunderstorm,266,43
 2016-9-2,34,29,25,24,23,21,94,66,46,1012,1010,1007,10,9,6,14,6,NULL,0,6,NULL,221,43
 2016-9-3,35,31,27,24,23,20,84,63,41,1011,1009,1007,10,10,10,16,5,NULL,0,5,NULL,221,43
 2016-9-4,34,30,27,25,24,22,89,72,52,1012,1010,1008,10,9,5,39,8,55,0,6,Rain-Thunderstorm,199,43
 2016-9-5,34,30,26,25,23,23,89,70,56,1012,1011,1008,10,9,4,14,6,NULL,0,6,Thunderstorm,238,43
 2016-9-6,35,30,26,24,23,20,84,63,46,1012,1010,1008,10,10,8,16,10,NULL,0,6,Rain,210,43
 2016-9-7,30,27,24,25,23,22,94,77,62,1013,1011,1010,10,9,3,26,13,NULL,0,5,Rain-Thunderstorm,213,43
 2016-9-8,33,30,28,24,23,21,79,67,49,1013,1011,1009,10,10,10,23,10,NULL,0,6,NULL,183,43
 2016-9-9,33,29,25,26,24,23,94,80,55,1013,1011,1009,10,8,1,23,8,NULL,0,5,Rain-Thunderstorm,309,43
 2016-9-10,32,28,24,25,23,21,89,75,59,1012,1010,1007,10,10,8,32,8,NULL,0,5,Rain-Thunderstorm,198,43
 2016-9-11,33,29,25,25,23,20,89,70,55,1011,1009,1006,10,10,8,24,10,40,0,5,Rain-Thunderstorm,194,43
 2016-9-12,28,27,25,25,24,23,94,86,79,1011,1010,1008,10,8,3,16,5,NULL,0,5,Rain-Thunderstorm,305,43
 2016-9-13,33,29,25,25,23,22,94,69,52,1011,1009,1007,10,9,5,16,8,NULL,0,6,NULL,164,43
 2016-9-14,30,27,24,25,23,22,94,83,70,1012,1010,1007,10,9,2,21,10,NULL,0,5,Rain-Thunderstorm,220,43
 2016-9-15,34,30,26,25,23,22,94,67,49,1011,1009,1007,10,9,6,14,6,NULL,0,5,NULL,170,43
 2016-9-16,34,28,23,23,22,20,94,69,49,1011,1009,1006,10,9,4,19,13,NULL,0,6,Rain-Thunderstorm,227,43
 2016-9-17,33,29,26,25,23,21,89,67,52,1010,1009,1007,10,10,10,11,6,NULL,0,6,NULL,236,43
 2016-9-18,34,28,23,24,23,22,94,71,49,1010,1008,1006,10,10,8,23,11,NULL,0,6,Rain-Thunderstorm,233,43
 2016-9-19,32,29,26,25,24,23,94,76,59,1010,1008,1006,10,9,6,13,8,NULL,0,6,Rain-Thunderstorm,230,43
 2016-9-20,32,28,25,24,23,21,89,71,52,1011,1008,1005,10,9,4,16,11,NULL,0,5,Rain,243,43
 2016-9-21,34,29,25,25,23,21,89,75,49,1011,1009,1008,10,9,2,21,8,NULL,0,5,Rain-Thunderstorm,297,43
 2016-9-22,33,29,26,24,23,22,89,69,52,1011,1009,1007,10,9,6,14,5,NULL,0,6,NULL,269,43
 2016-9-23,35,31,27,23,22,20,79,62,44,1010,1008,1005,10,10,10,23,8,NULL,0,4,NULL,259,43
 2016-9-24,34,30,26,23,23,22,83,62,49,1010,1007,1004,10,10,10,11,5,NULL,0,6,NULL,242,43
