Year,Month,Rainfall_mm,Highest_30Min_Rainfall_mm,Highest_60Min_Rainfall_mm,Highest_120Min_Rainfall_mm,Mean_Temperature_C,Max_Temperature_C,Min_Temperature_C,Mean_WindSpeed_kmh,Max_WindSpeed_kmh,LocationId
2016,1,2.774193548,1.767857143,2.267857143,2.535714286,NULL,32.70322581,26.11290323,13.96451613,36.48387097,1
2016,2,6.934482759,2.496551724,3.020689655,3.579310345,NULL,31.8862069,25.54137931,17.60689655,40.97586207,1
2016,3,1.803448276,1.268965517,1.455172414,1.489655172,NULL,33.76774194,26.50645161,15.03793103,36.38064516,1
2016,4,5.86,NULL,NULL,NULL,NULL,34.51666667,26.75333333,9.806666667,31.06,1
2016,5,6.025806452,NULL,NULL,NULL,NULL,33.9483871,26.63225806,8.290322581,31.53225806,1
2016,6,5.526666667,NULL,NULL,NULL,NULL,32.36666667,26.22333333,8.443333333,31.18666667,1
2016,7,6.280645161,3.070967742,3.55483871,3.941935484,NULL,32.19032258,25.80322581,9.261290323,32.49032258,1
2016,8,3.712903226,2.380645161,2.896774194,3.096774194,NULL,32.9483871,26.17096774,11.06451613,32.76774194,1
2016,1,6.74516129,NULL,NULL,NULL,27.46774194,32.53870968,24.42580645,10.51290323,34.5483871,4
2016,2,7.968965517,NULL,NULL,NULL,27.1137931,31.84827586,23.92758621,12.94482759,37.45517241,4
2016,3,2.796774194,NULL,NULL,NULL,28.35483871,34.01290323,24.86451613,11.49677419,33.91612903,4
2016,4,6.443333333,NULL,NULL,NULL,28.47857143,34.49666667,24.95666667,8.086666667,32.89333333,4
2016,5,7.970967742,NULL,NULL,NULL,28.34642857,34.04516129,24.86129032,6.887096774,31.10322581,4
2016,6,11.02666667,NULL,NULL,NULL,27.21428571,31.96,24.18333333,6.756666667,28.79666667,4
2016,7,13.74193548,NULL,NULL,NULL,27.73333333,32.13870968,24.02903226,7.438709677,30.70322581,4
2016,8,6.870967742,NULL,NULL,NULL,28.33703704,32.76451613,24.2483871,8.829032258,33.36774194,4
2016,1,3.848387097,NULL,NULL,NULL,28.38064516,32.34193548,26.00322581,13.8516129,39.19677419,6
2016,2,6.248275862,NULL,NULL,NULL,27.95517241,31.5,25.52758621,16.78275862,43.46551724,6
2016,3,1.264516129,NULL,NULL,NULL,29.05806452,33.71290323,26.39032258,15.32580645,39,6
2016,4,3.333333333,NULL,NULL,NULL,29.71333333,34.78333333,26.81333333,10.36333333,35.95666667,6
2016,5,9.941935484,NULL,NULL,NULL,29.57419355,34.27419355,26.4483871,8.441935484,37.38064516,6
2016,6,11.08,NULL,NULL,NULL,28.68333333,32.79,25.94,8.18,32.87333333,6
2016,7,8.412903226,NULL,NULL,NULL,28.72903226,33.11290323,25.51935484,8.964516129,38.44516129,6
2016,8,3.083870968,NULL,NULL,NULL,29.69333333,33.86451613,26.31612903,10.40322581,38.28709677,6
2016,1,3.167741935,2.058064516,2.522580645,2.812903226,NULL,NULL,NULL,NULL,NULL,7
2016,2,6.813793103,2.972413793,3.524137931,4.289655172,NULL,NULL,NULL,NULL,NULL,7
2016,3,0.4,0.290322581,0.329032258,0.341935484,NULL,NULL,NULL,NULL,NULL,7
2016,4,3.28,2.566666667,2.88,3.06,NULL,NULL,NULL,NULL,NULL,7
2016,5,4.819354839,3.587096774,4.019354839,4.651612903,NULL,NULL,NULL,NULL,NULL,7
2016,6,4.8,3.4375,4.45,4.675,NULL,NULL,NULL,NULL,NULL,7
2016,7,0,0,0,0,NULL,NULL,NULL,NULL,NULL,7
2016,8,0.02,0.02,0.02,0.02,NULL,NULL,NULL,NULL,NULL,7
2016,1,6.780645161,4.64516129,5.4,6.025806452,NULL,NULL,NULL,NULL,NULL,10
2016,2,6.489655172,2.986206897,3.703448276,4.572413793,NULL,NULL,NULL,NULL,NULL,10
2016,3,1.619354839,1.109677419,1.238709677,1.451612903,NULL,NULL,NULL,NULL,NULL,10
2016,4,7.373333333,4.686666667,6.093333333,7.293333333,NULL,NULL,NULL,NULL,NULL,10
2016,5,6.587096774,4.14516129,5.380645161,5.967741935,NULL,NULL,NULL,NULL,NULL,10
2016,6,9.25,5.126666667,6.743333333,7.96,NULL,NULL,NULL,NULL,NULL,10
2016,7,4.375,4.125,4.3125,4.3125,NULL,NULL,NULL,NULL,NULL,10
2016,8,0.5,0.5,0.5,0.5,NULL,NULL,NULL,NULL,NULL,10
2016,1,5.135714286,3.028571429,3.821428571,4.55,NULL,NULL,NULL,NULL,NULL,11
2016,2,6.95862069,3.172413793,3.793103448,4.455172414,NULL,NULL,NULL,NULL,NULL,11
2016,3,2.4,1.477419355,1.929032258,2.303225806,NULL,NULL,NULL,NULL,NULL,11
2016,4,5.873333333,3.92,4.673333333,5.433333333,NULL,NULL,NULL,NULL,NULL,11
2016,5,9.2,7.035483871,8.312903226,8.890322581,NULL,NULL,NULL,NULL,NULL,11
2016,6,5.213333333,2.986666667,3.946666667,4.5,NULL,NULL,NULL,NULL,NULL,11
2016,7,6.6,3.735483871,4.993548387,5.522580645,NULL,NULL,NULL,NULL,NULL,11
2016,8,5.122580645,3.670967742,4.483870968,4.870967742,NULL,NULL,NULL,NULL,NULL,11
2016,1,4.8,3.228571429,3.764285714,3.964285714,NULL,NULL,NULL,NULL,NULL,13
2016,2,7.186206897,2.944827586,3.882758621,4.965517241,NULL,NULL,NULL,NULL,NULL,13
2016,3,2.722580645,2.187096774,2.4,2.503225806,NULL,NULL,NULL,NULL,NULL,13
2016,4,6.813333333,5.013333333,5.973333333,6.486666667,NULL,NULL,NULL,NULL,NULL,13
2016,5,8.638709677,5.825806452,7.109677419,7.722580645,NULL,NULL,NULL,NULL,NULL,13
2016,6,7.786666667,4.84,6.24,6.946666667,NULL,NULL,NULL,NULL,NULL,13
2016,7,8.380645161,5.690322581,6.941935484,7.741935484,NULL,NULL,NULL,NULL,NULL,13
2016,8,3.658064516,2.335483871,3.187096774,3.477419355,NULL,NULL,NULL,NULL,NULL,13
2016,1,3.748387097,2.4,2.787096774,3.187096774,28.46129032,31.56129032,26.41290323,9.2,33.33846154,14
2016,2,6.324137931,2.565517241,3.006896552,3.593103448,28.01034483,31.04482759,26.00689655,11.92068966,38.03448276,14
2016,3,1.787096774,1.541935484,1.703225806,1.729032258,29.01612903,32.66774194,26.91612903,10.73548387,34.52580645,14
2016,4,3.606666667,1.92,2.28,3.02,29.74333333,33.68333333,27.18,6.453333333,28.87333333,14
2016,5,6.464516129,5.264516129,5.767741935,6.264516129,29.78387097,33.62580645,26.99354839,5.367741935,29.36774194,14
2016,6,4.953333333,2.933333333,3.88,4.38,29.15333333,32.35666667,26.82,5.503333333,29.60666667,14
2016,7,6.761290323,4.329032258,4.961290323,5.361290323,28.9483871,32.13870968,25.99032258,5.558064516,31.71935484,14
2016,8,5.574193548,4.15483871,4.896774194,5.238709677,29.52903226,32.58064516,26.71612903,7.061290323,34.92258065,14
2016,1,7.251612903,4.483870968,5.212903226,5.806451613,27.29032258,31.63870968,24.9516129,6.770967742,32.20322581,15
2016,2,6.668965517,2.868965517,3.786206897,4.517241379,27.11724138,31.1137931,24.65172414,8.575862069,33.54482759,15
2016,3,3.522580645,2.212903226,2.567741935,2.935483871,28.21935484,33.09677419,25.54193548,7.625806452,33.19032258,15
2016,4,7.506666667,4.833333333,6.38,7.18,28.66,33.35,25.66666667,6.42,30.95,15
2016,5,11.18064516,6.903225806,8.516129032,9.722580645,28.52903226,33.03548387,25.33225806,6.370967742,33.10322581,15
2016,6,11.02,5.393333333,6.846666667,8.62,27.91666667,31.03666667,25.28,6.486666667,31.00333333,15
2016,7,10.4,6.187096774,7.896774194,9.012903226,27.85483871,31.03225806,24.87096774,6.832258065,34.22258065,15
2016,8,2.761290323,1.567741935,2.135483871,2.529032258,28.57096774,31.52258065,25.78709677,7.880645161,33.52258065,15
2016,1,5.625806452,3.193548387,3.838709677,4.161290323,NULL,NULL,NULL,NULL,NULL,16
2016,2,6.848275862,2.751724138,3.6,4.255172414,NULL,NULL,NULL,NULL,NULL,16
2016,3,3.64516129,1.864516129,2.458064516,3.070967742,NULL,NULL,NULL,NULL,NULL,16
2016,4,5.153333333,3.92,4.226666667,5.006666667,NULL,NULL,NULL,NULL,NULL,16
2016,5,6.703225806,3.825806452,5.348387097,6.419354839,NULL,NULL,NULL,NULL,NULL,16
2016,6,7.12,3.84,5.6,6.14,NULL,NULL,NULL,NULL,NULL,16
2016,7,5.95483871,3.812903226,4.516129032,4.980645161,NULL,NULL,NULL,NULL,NULL,16
2016,8,3.793548387,2.55483871,3.406451613,3.638709677,NULL,NULL,NULL,NULL,NULL,16
2016,1,7.574193548,4.935483871,5.832258065,6.309677419,27.55806452,31.5516129,25.2516129,6.296774194,29.7516129,18
2016,2,5.889655172,2.44137931,3.089655172,3.786206897,27.27241379,30.96551724,24.93448276,7.517241379,34.92413793,18
2016,3,2.451612903,1.541935484,1.84516129,2.109677419,28.34193548,32.88387097,25.80322581,7.148387097,30.81935484,18
2016,4,6.793333333,5.093333333,5.966666667,6.573333333,28.83,33.48666667,25.88333333,5.513333333,27.65,18
2016,5,5.316129032,3.077419355,3.95483871,4.64516129,28.89677419,33.40967742,25.97741935,4.458064516,25.92258065,18
2016,6,6.893333333,4.213333333,5.16,5.666666667,28.13666667,31.66666667,25.36,4.906666667,25.10333333,18
2016,7,8.890322581,5.55483871,7.025806452,7.729032258,27.96774194,31.72258065,25.0483871,5.838709677,25.1483871,18
2016,1,8.181818182,5.163636364,6.1,6.518181818,28.28,31.78,25.825,7.040909091,30.86818182,21
2016,2,94.6,13,23.4,35.6,NULL,27.8,23.3,6.1,40.3,21
2016,3,2.251612903,1.225806452,1.761290323,2.109677419,29.00689655,32.65172414,26.82068966,7.809677419,31.82903226,21
2016,4,3.693333333,3.126666667,3.606666667,3.666666667,29.27619048,32.71785714,26.86428571,7.34,30.26666667,21
2016,5,5.593548387,3.677419355,4.438709677,4.909677419,29.29032258,32.6483871,26.63225806,6.903225806,30.28387097,21
2016,6,8.433333333,3.32,4.84,6.853333333,28.59,31.44,26.13,6.63,29.10333333,21
2016,7,7.096774194,4.406451613,5.535483871,6.083870968,28.3483871,31.32580645,25.78064516,6.090322581,28.59677419,21
2016,8,3.6,2.329032258,3.006451613,3.425806452,28.79032258,31.59032258,26.46774194,7.774193548,33.1483871,21
2016,1,7.55483871,5.025806452,5.909677419,6.322580645,NULL,NULL,NULL,NULL,NULL,27
2016,2,7.331034483,3.15862069,3.820689655,4.627586207,NULL,NULL,NULL,NULL,NULL,27
2016,3,4.309677419,2.44516129,2.787096774,3.470967742,NULL,NULL,NULL,NULL,NULL,27
2016,4,7.233333333,5.3,6.713333333,7.153333333,NULL,NULL,NULL,NULL,NULL,27
2016,5,6.658064516,4.703225806,5.651612903,6.038709677,NULL,NULL,NULL,NULL,NULL,27
2016,6,7.653333333,4.346666667,5.58,6.693333333,NULL,NULL,NULL,NULL,NULL,27
2016,7,6.129032258,3.212903226,4.012903226,4.851612903,NULL,NULL,NULL,NULL,NULL,27
2016,8,3.24516129,2.303225806,2.761290323,3.04516129,NULL,NULL,NULL,NULL,NULL,27
2016,1,3.664516129,2.677419355,3.193548387,3.393548387,NULL,NULL,NULL,NULL,NULL,28
2016,2,5.875862069,2.524137931,2.868965517,3.379310345,NULL,NULL,NULL,NULL,NULL,28
2016,3,1.2,0.903225806,1.141935484,1.187096774,NULL,NULL,NULL,NULL,NULL,28
2016,4,2.893333333,1.806666667,2.433333333,2.766666667,NULL,NULL,NULL,NULL,NULL,28
2016,5,6.161290323,4.664516129,5.55483871,5.896774194,NULL,NULL,NULL,NULL,NULL,28
2016,6,4.366666667,2.333333333,2.82,3.28,NULL,NULL,NULL,NULL,NULL,28
2016,7,6.774193548,4.819354839,5.290322581,5.851612903,NULL,NULL,NULL,NULL,NULL,28
2016,8,3.716129032,2.761290323,3.238709677,3.490322581,NULL,NULL,NULL,NULL,NULL,28
2016,1,4.387096774,2.393548387,2.987096774,3.335483871,NULL,NULL,NULL,NULL,NULL,30
2016,2,6.9,2.785714286,3.964285714,4.714285714,NULL,NULL,NULL,NULL,NULL,30
2016,3,1.967741935,1.632258065,1.793548387,1.84516129,NULL,NULL,NULL,NULL,NULL,30
2016,4,10.58666667,6.753333333,8.4,9.78,NULL,NULL,NULL,NULL,NULL,30
2016,5,7.322580645,4.967741935,6.135483871,6.619354839,NULL,NULL,NULL,NULL,NULL,30
2016,6,5.733333333,3.18,4.266666667,5.08,NULL,NULL,NULL,NULL,NULL,30
2016,7,7.935483871,5.348387097,6.348387097,6.987096774,NULL,NULL,NULL,NULL,NULL,30
2016,8,4.064516129,2.967741935,3.741935484,3.909677419,NULL,NULL,NULL,NULL,NULL,30
2016,1,4.722580645,NULL,NULL,NULL,27.93870968,32.04516129,24.91612903,10.23225806,34.80740741,33
2016,2,6.262068966,NULL,NULL,NULL,27.58275862,31.45862069,24.49655172,11.79655172,37.12222222,33
2016,3,4.287096774,NULL,NULL,NULL,28.64666667,33.13870968,25.31290323,12.21612903,34.69,33
2016,4,6.336666667,NULL,NULL,NULL,28.78928571,33.9,25.05666667,7.22,26.92413793,33
2016,5,7.551612903,NULL,NULL,NULL,28.44,33.56451613,24.70322581,7.119354839,32.8137931,33
2016,6,8.96,NULL,NULL,NULL,27.45333333,31.84333333,24.12333333,6.913333333,32.15333333,33
2016,7,6.638709677,NULL,NULL,NULL,27.79310345,32.1483871,24.09032258,7.541935484,35.01034483,33
2016,8,4.251612903,NULL,NULL,NULL,28.36451613,32.71612903,24.41935484,8.1,33.75909091,33
2016,1,2.703448276,1.793103448,2.186206897,2.303448276,NULL,NULL,NULL,NULL,NULL,34
2016,2,6.103448276,2.627586207,3.103448276,3.593103448,NULL,NULL,NULL,NULL,NULL,34
2016,3,1.258064516,0.948387097,1.090322581,1.122580645,NULL,NULL,NULL,NULL,NULL,34
2016,4,3.533333333,2.82,3.293333333,3.4,NULL,NULL,NULL,NULL,NULL,34
2016,5,6.819354839,4.896774194,5.819354839,6.490322581,NULL,NULL,NULL,NULL,NULL,34
2016,6,7.093333333,3.86,5.22,6.046666667,NULL,NULL,NULL,NULL,NULL,34
2016,7,7.296774194,5.438709677,6.24516129,6.683870968,NULL,NULL,NULL,NULL,NULL,34
2016,8,5.032258065,3.161290323,3.903225806,4.070967742,NULL,NULL,NULL,NULL,NULL,34
2016,1,2.787096774,1.696774194,2.096774194,2.380645161,NULL,NULL,NULL,NULL,NULL,36
2016,2,5.04137931,1.510344828,2.020689655,2.820689655,NULL,NULL,NULL,NULL,NULL,36
2016,3,0.922580645,0.64516129,0.916129032,0.916129032,NULL,NULL,NULL,NULL,NULL,36
2016,4,3.786666667,2.86,3.353333333,3.493333333,NULL,NULL,NULL,NULL,NULL,36
2016,5,4.748387097,2.870967742,3.703225806,4.458064516,NULL,NULL,NULL,NULL,NULL,36
2016,6,3.7625,2.4625,3.125,3.6,NULL,NULL,NULL,NULL,NULL,36
2016,1,5.129032258,3.264516129,4.122580645,4.509677419,NULL,NULL,NULL,NULL,NULL,38
2016,2,6.620689655,2.448275862,3.110344828,3.793103448,NULL,NULL,NULL,NULL,NULL,38
2016,3,1.716129032,0.870967742,1.258064516,1.632258065,NULL,NULL,NULL,NULL,NULL,38
2016,4,6.146666667,4.673333333,5.36,5.86,NULL,NULL,NULL,NULL,NULL,38
2016,5,7.993548387,5.070967742,6.303225806,7.535483871,NULL,NULL,NULL,NULL,NULL,38
2016,6,4.613333333,2.633333333,3.233333333,3.826666667,NULL,NULL,NULL,NULL,NULL,38
2016,7,6.225806452,3.787096774,4.625806452,5.187096774,NULL,NULL,NULL,NULL,NULL,38
2016,8,5.025806452,3.709677419,4.529032258,4.84516129,NULL,NULL,NULL,NULL,NULL,38
2016,1,8.909677419,5.890322581,6.748387097,7.419354839,NULL,NULL,NULL,NULL,NULL,39
2016,2,5.075862069,2.351724138,2.786206897,3.110344828,NULL,NULL,NULL,NULL,NULL,39
2016,3,4.75483871,3.04516129,3.993548387,4.219354839,NULL,NULL,NULL,NULL,NULL,39
2016,4,9.513333333,6.18,7.726666667,8.38,NULL,NULL,NULL,NULL,NULL,39
2016,5,9.4,6.587096774,7.716129032,8.548387097,NULL,NULL,NULL,NULL,NULL,39
2016,6,11.50666667,4.12,5.48,7.386666667,NULL,NULL,NULL,NULL,NULL,39
2016,7,9.451612903,5.103225806,6.993548387,8.277419355,NULL,NULL,NULL,NULL,NULL,39
2016,8,3.077419355,2.032258065,2.55483871,2.909677419,NULL,NULL,NULL,NULL,NULL,39
2016,1,4.838709677,2.709677419,3.851612903,4.206451613,NULL,NULL,NULL,NULL,NULL,41
2016,2,6.027586207,2.496551724,3.517241379,4.117241379,NULL,NULL,NULL,NULL,NULL,41
2016,3,2.296774194,1.4,1.75483871,1.967741935,NULL,NULL,NULL,NULL,NULL,41
2016,4,6.486666667,4.573333333,5.9,6.353333333,NULL,NULL,NULL,NULL,NULL,41
2016,5,9.2,5.877419355,7.451612903,8.780645161,NULL,NULL,NULL,NULL,NULL,41
2016,6,8.54,5.193333333,7.006666667,7.926666667,NULL,NULL,NULL,NULL,NULL,41
2016,7,6.629032258,4.693548387,5.822580645,6.25483871,NULL,NULL,NULL,NULL,NULL,41
2016,8,4.174193548,3.096774194,3.848387097,4.016129032,NULL,NULL,NULL,NULL,NULL,41
2016,1,6.993548387,4.974193548,5.812903226,6.109677419,28.00967742,29.99032258,26.03870968,15.61935484,50.58064516,45
2016,2,4.179310345,1.062068966,1.6,2.034482759,27.81724138,29.78275862,26.22068966,18.40689655,51.75172414,45
2016,3,2.141935484,1.451612903,1.883870968,2.096774194,28.83548387,30.90967742,27.22903226,17.30645161,44.81290323,45
2016,4,1.96,1.54,1.713333333,1.74,29.53333333,31.50333333,27.88666667,17.91333333,44.95333333,45
2016,5,2.967741935,1.870967742,2.24516129,2.567741935,29.53225806,31.48387097,27.57419355,19.48709677,50.40645161,45
2016,6,5.113333333,2.633333333,3.653333333,4.533333333,28.98333333,30.46,27.02,19.98666667,52.14666667,45
2016,7,6.441935484,3.2,3.622580645,4.435483871,28.7,30.40967742,26.53548387,19.30967742,53.73225806,45
2016,8,3.438709677,1.941935484,2.729032258,3.277419355,28.99354839,30.36774194,27.09032258,22.31935484,52.45806452,45
2016,1,3.477419355,1.941935484,2.632258065,3.064516129,27.60967742,31.71612903,24.93225806,10.03225806,31.58709677,46
2016,2,6.434482759,2.393103448,3.144827586,4.131034483,27.25517241,30.77586207,24.66206897,11.1862069,34.33793103,46
2016,3,0.961290323,0.735483871,0.812903226,0.819354839,28.1,32.56774194,25.11612903,10.46774194,31.95806452,46
2016,4,1.3,1.04,1.226666667,1.26,28.69333333,34.23333333,25.55,9.506666667,30.40333333,46
2016,5,4.690322581,3.490322581,3.961290323,4.348387097,28.49032258,33.86129032,25.43870968,9.422580645,29.62903226,46
2016,6,7.853333333,4.76,6.106666667,6.926666667,27.64814815,32.39,24.89666667,8.746666667,29.63666667,46
2016,7,10.75,6.708333333,8.283333333,9.05,27.72608696,32.38333333,24.64583333,8.658333333,30.89166667,46
2016,8,5.104,3.752,4.688,4.944,28.16875,32.95416667,25.03333333,8.64,31.94,46
2016,1,3.2,1.535483871,2.258064516,2.587096774,28.42258065,31.03870968,26.5,8.687096774,35.34516129,47
2016,2,5.082758621,1.524137931,2.275862069,2.696551724,28.01724138,30.42758621,26.19655172,11.1862069,40.19655172,47
2016,3,0.696774194,0.412903226,0.612903226,0.683870968,28.8483871,31.63870968,27.01290323,10.5483871,37.51935484,47
2016,4,4.286666667,2.873333333,3.746666667,3.9,29.36666667,31.53,27.07,9.036666667,32.99,47
2016,5,4.909677419,2.709677419,3.258064516,3.935483871,29.44516129,31.41290323,27.12580645,9.667741935,34.85806452,47
2016,6,2.5,1.413333333,1.826666667,2.026666667,28.97666667,30.52666667,26.97,10.87,38.98666667,47
2016,7,5.116129032,2.329032258,3.567741935,4.458064516,28.75483871,30.47741935,26.59677419,11.24193548,35.36451613,47
2016,8,3.619354839,2.670967742,3.2,3.464516129,29.10322581,30.53548387,26.78709677,14.59677419,39.04516129,47
2016,1,4.52,2.746666667,3.226666667,3.62,28.62580645,32.44516129,26.37096774,8.270967742,32.64193548,48
2016,2,6.292857143,2.842857143,3.342857143,3.771428571,28.15172414,31.54827586,25.93448276,11.34827586,35.55172414,48
2016,3,0.896774194,0.612903226,0.806451613,0.890322581,29.30645161,33.12258065,27.09677419,9.809677419,31.10322581,48
2016,4,2.2,1.566666667,1.993333333,2.093333333,29.99333333,34.04333333,27.37666667,6.246666667,27.24666667,48
2016,5,6.683870968,5.322580645,6.129032258,6.464516129,29.98387097,33.8,26.92903226,6.338709677,30.70322581,48
2016,6,4.86,2.693333333,3.293333333,4.033333333,29.16666667,32.44,26.60666667,7.576666667,32.30333333,48
2016,7,6.677419355,3.367741935,4.083870968,4.729032258,29.02903226,32.63548387,26.21290323,9.074193548,35.81935484,48
2016,8,3.129032258,2.103225806,2.470967742,2.922580645,29.47419355,32.66451613,26.87741935,10.13548387,34.37096774,48
2016,1,6.233333333,4.366666667,4.753333333,5.633333333,NULL,NULL,NULL,NULL,NULL,49
2016,2,6.331034483,2.862068966,3.655172414,4.386206897,NULL,NULL,NULL,NULL,NULL,49
2016,3,3.264516129,2.329032258,2.909677419,3.15483871,NULL,NULL,NULL,NULL,NULL,49
2016,4,5.68,3.973333333,4.86,5.58,NULL,NULL,NULL,NULL,NULL,49
2016,5,7.6,4.987096774,6.206451613,6.838709677,NULL,NULL,NULL,NULL,NULL,49
2016,6,11.99333333,6.466666667,8.36,10.15333333,NULL,NULL,NULL,NULL,NULL,49
2016,7,10.42580645,6.716129032,8.535483871,9.683870968,NULL,NULL,NULL,NULL,NULL,49
2016,1,5.141935484,3.632258065,4.580645161,4.787096774,NULL,NULL,NULL,NULL,NULL,50
2016,2,6.331034483,2.565517241,3.068965517,3.662068966,NULL,NULL,NULL,NULL,NULL,50
2016,3,1.135483871,0.793548387,0.974193548,1.006451613,NULL,NULL,NULL,NULL,NULL,50
2016,4,8.113333333,6.046666667,7.153333333,7.686666667,NULL,NULL,NULL,NULL,NULL,50
2016,5,5.009677419,3.674193548,4.429032258,4.793548387,NULL,NULL,NULL,NULL,NULL,50
2016,7,6.066666667,3.833333333,4.544444444,4.933333333,NULL,NULL,NULL,NULL,NULL,50
2016,8,4.167741935,2.941935484,3.683870968,3.929032258,NULL,NULL,NULL,NULL,NULL,50
2016,1,6.135483871,4.167741935,4.761290323,5.103225806,27.68064516,31.41290323,25.55806452,6.093548387,34.84516129,51
2016,2,7.393103448,3.172413793,3.95862069,4.786206897,27.25517241,30.54827586,25.02413793,7.344827586,38.59655172,51
2016,3,3.838709677,1.580645161,2.232258065,3.432258065,28.35483871,32.26774194,26.16774194,7.106451613,34.25483871,51
2016,4,5.366666667,4.473333333,4.993333333,5.18,28.90666667,32.72333333,26.25333333,6.416666667,33.02333333,51
2016,5,5.04516129,3.35483871,4.141935484,4.670967742,28.83225806,32.57741935,26.21935484,6.45483871,34.00967742,51
2016,6,5.073333333,2.92,3.766666667,4.42,28.13666667,31.26333333,25.79666667,6.54,33.03666667,51
2016,7,5.335483871,3.129032258,4.019354839,4.458064516,27.88064516,31.03548387,25.31612903,7.035483871,33.98064516,51
2016,8,1.583333333,1.283333333,1.483333333,1.55,28.40909091,31.2,26.22727273,8.358333333,37.23333333,51
2016,1,2.722580645,1.593548387,2.096774194,2.309677419,NULL,NULL,NULL,NULL,NULL,53
2016,2,5.179310345,1.924137931,2.310344828,2.524137931,NULL,NULL,NULL,NULL,NULL,53
2016,3,1.032258065,0.8,0.974193548,1.032258065,NULL,NULL,NULL,NULL,NULL,53
2016,4,2.56,1.973333333,2.18,2.32,NULL,NULL,NULL,NULL,NULL,53
2016,5,4.393548387,3.24516129,3.858064516,4.167741935,NULL,NULL,NULL,NULL,NULL,53
2016,6,2.753333333,1.28,1.5,1.933333333,NULL,NULL,NULL,NULL,NULL,53
2016,7,4.090322581,2.477419355,3.058064516,3.470967742,NULL,NULL,NULL,NULL,NULL,53
2016,8,2.953846154,2.115384615,2.553846154,2.784615385,NULL,NULL,NULL,NULL,NULL,53
2016,1,5.664516129,3.948387097,4.406451613,4.735483871,NULL,NULL,NULL,NULL,NULL,54
2016,2,5.448275862,2.117241379,2.827586207,3.579310345,NULL,NULL,NULL,NULL,NULL,54
2016,3,1.548387097,1.212903226,1.348387097,1.374193548,NULL,NULL,NULL,NULL,NULL,54
2016,4,7.08,5.14,6.34,6.973333333,NULL,NULL,NULL,NULL,NULL,54
2016,5,9.025806452,5.64516129,7.148387097,8.367741935,NULL,NULL,NULL,NULL,NULL,54
2016,6,9.213333333,5.366666667,6.786666667,7.466666667,NULL,NULL,NULL,NULL,NULL,54
2016,7,13.48387097,8.490322581,10.90322581,12.25806452,NULL,NULL,NULL,NULL,NULL,54
2016,1,9.083870968,6.4,6.987096774,8.077419355,27.91935484,31.25806452,25.74516129,5.032258065,26.08387097,55
2016,2,7.344827586,3.662068966,4.634482759,5.44137931,27.83793103,31.5862069,25.59310345,6.437931034,25.47586207,55
2016,3,3.309677419,1.780645161,2.658064516,3.232258065,28.97419355,32.76129032,26.57096774,5.564516129,24.89677419,55
2016,4,3.366666667,2.326666667,2.913333333,3.093333333,29.66296296,32.98,27.01666667,5.136666667,25.89666667,55
2016,5,6.04516129,4.012903226,4.95483871,5.509677419,29.54285714,32.57096774,26.59032258,5.835483871,28.53870968,55
2016,6,9.386666667,2.626666667,4.2,5.213333333,28.725,31.30333333,26.67666667,5.803333333,28.80666667,55
2016,7,9.316129032,5.232258065,6.722580645,7.658064516,28.03809524,31.26129032,26.14516129,5.629032258,31.56129032,55
2016,8,4.703225806,3.470967742,4.064516129,4.509677419,29.25806452,31.5516129,26.91290323,7.090322581,30.20645161,55
2016,1,6.193548387,3.806451613,4.529032258,5.187096774,28.34516129,31.76774194,26.19354839,9.961290323,36.68064516,56
2016,2,5.427586207,2.172413793,2.537931034,2.931034483,28.1137931,31.40344828,26.03103448,12.36551724,36.87586207,56
2016,3,2.75483871,1.658064516,2.090322581,2.264516129,29.05806452,32.70967742,26.84193548,10.96451613,35.48709677,56
2016,4,6.086666667,4.293333333,5.58,6.046666667,29.69666667,32.84333333,27.11333333,8.72,33.46666667,56
2016,5,3.761290323,2.393548387,2.832258065,3.206451613,29.70645161,32.40967742,26.98064516,9.064516129,39.19032258,56
2016,6,8.44,3.44,5.206666667,6.773333333,29.06333333,31.21,26.86333333,8.83,37.18333333,56
2016,7,8.741935484,5.574193548,6.825806452,7.916129032,28.8516129,31.07741935,26.26129032,9.312903226,38.00322581,56
2016,8,2.548387097,1.567741935,2.083870968,2.406451613,29.3483871,31.31290323,27.14516129,10.17419355,37.88064516,56
2016,1,11.65806452,7.870967742,8.664516129,9.509677419,28.12903226,31.47419355,25.51612903,5.45483871,33.48064516,57
2016,2,7.894117647,3.247058824,3.894117647,4.752941176,28.03125,31.97058824,25.65294118,6.294117647,33.90588235,57
2016,3,3.438709677,1.722580645,2.432258065,3.122580645,29.11111111,32.7516129,26.80967742,6.880645161,33.5,57
2016,4,4.193333333,2.953333333,3.42,4.026666667,29.66363636,33,27.05517241,8.06,34.67,57
2016,5,3.916129032,3.116129032,3.451612903,3.619354839,29.68571429,32.69333333,26.78666667,8.425806452,34.39354839,57
2016,6,8.326666667,3.146666667,4.906666667,5.92,29.09130435,31.58666667,26.7,8.313333333,33.8,57
2016,7,9.273333333,5.993333333,7.68,8.406666667,28.96521739,31.28333333,25.93333333,9.01,33.94666667,57
2016,8,3.722580645,2.064516129,2.877419355,3.587096774,29.05652174,31.79032258,26.82580645,10.70645161,34.59677419,57
2016,1,5.619354839,3.806451613,4.270967742,4.561290323,NULL,NULL,NULL,NULL,NULL,59
2016,2,6.186206897,2.731034483,3.413793103,3.862068966,NULL,NULL,NULL,NULL,NULL,59
2016,3,1.735483871,0.941935484,1.264516129,1.529032258,NULL,NULL,NULL,NULL,NULL,59
2016,4,2.92,2.22,2.56,2.773333333,NULL,NULL,NULL,NULL,NULL,59
2016,5,6.035483871,4.351612903,5.238709677,5.687096774,NULL,NULL,NULL,NULL,NULL,59
2016,6,5.103333333,2.73,3.49,4.22,NULL,NULL,NULL,NULL,NULL,59
2016,7,6.425806452,3.761290323,4.458064516,5.187096774,NULL,NULL,NULL,NULL,NULL,59
2016,8,3.587096774,2.793548387,3.103225806,3.35483871,NULL,NULL,NULL,NULL,NULL,59
2016,1,6.432258065,4.703225806,5.04516129,5.741935484,27.46129032,31.68387097,25.10645161,6.970967742,35.2483871,61
2016,2,6.65,2.483333333,3.433333333,4.266666667,27.40416667,31.25,24.85416667,9.216666667,36.96666667,61
2016,3,1.6,1.322580645,1.432258065,1.458064516,28.56774194,33.07419355,25.91612903,8.061290323,31.83870968,61
2016,4,6.24,4.733333333,5.513333333,6.153333333,28.74666667,33.66333333,25.71333333,4.956666667,28.85333333,61
2016,5,7.690322581,4.883870968,6.303225806,7.187096774,28.73225806,33.63548387,25.63225806,4.419354839,36.23870968,61
2016,6,11.95333333,6.213333333,7.64,9.253333333,27.95,31.66333333,25.15666667,4.276666667,29.78666667,61
2016,7,13.92258065,8.348387097,11.42580645,12.75483871,27.97096774,31.76774194,24.91290323,4.535483871,31.61935484,61
2016,1,3.84516129,2.270967742,2.709677419,3.006451613,28.13870968,32.61935484,25.49032258,5.487096774,28.19032258,62
2016,2,6.35862069,2.420689655,3.572413793,4.117241379,27.77241379,31.93103448,25.05862069,6.310344828,29.4862069,62
2016,3,3.703225806,2.625806452,3.193548387,3.35483871,28.87096774,33.74516129,25.90645161,6.241935484,27.93548387,62
2016,4,8.04,5.653333333,6.58,7.386666667,28.93,34.45,25.71666667,4.453333333,25.69333333,62
2016,5,8.290322581,5.548387097,6.729032258,7.780645161,28.59677419,33.88709677,25.42580645,3.748387097,26.00967742,62
2016,6,8.7,5.093333333,7.28,8.04,27.69333333,32.24666667,24.86,3.556666667,23.62333333,62
2016,7,5.84516129,3.761290323,5.109677419,5.412903226,27.86129032,32.3516129,24.7483871,4.058064516,25.52580645,62
2016,8,2.967741935,1.993548387,2.580645161,2.780645161,28.50967742,32.79677419,25.19354839,4.693548387,27.19677419,62
2016,1,4.509677419,3.051612903,3.55483871,3.980645161,NULL,NULL,NULL,NULL,NULL,63
2016,2,6.531034483,2.779310345,3.64137931,4.482758621,NULL,NULL,NULL,NULL,NULL,63
2016,3,3.322580645,1.535483871,2.161290323,3.019354839,NULL,NULL,NULL,NULL,NULL,63
2016,4,3.98,3.1,3.473333333,3.82,NULL,NULL,NULL,NULL,NULL,63
2016,5,6.625806452,4.748387097,5.419354839,6.103225806,NULL,NULL,NULL,NULL,NULL,63
2016,6,4.353333333,2.08,2.76,3.38,NULL,NULL,NULL,NULL,NULL,63
2016,7,7.251612903,4.051612903,4.95483871,5.529032258,NULL,NULL,NULL,NULL,NULL,63
2016,8,4.703225806,3.767741935,4.283870968,4.55483871,NULL,NULL,NULL,NULL,NULL,63
