Date,Year,WW,Month,UV_Index,RegionId
3/26/2016,2016,13,3,3,0
3/26/2016,2016,13,3,5,0
3/26/2016,2016,13,3,7,0
3/26/2016,2016,13,3,7,0
3/26/2016,2016,13,3,7,0
3/26/2016,2016,13,3,7,0
3/26/2016,2016,13,3,5,0
3/26/2016,2016,13,3,2,0
3/26/2016,2016,13,3,1,0
3/26/2016,2016,13,3,0,0
3/26/2016,2016,13,3,0,0
3/25/2016,2016,13,3,2,0
3/25/2016,2016,13,3,3,0
3/25/2016,2016,13,3,6,0
3/25/2016,2016,13,3,9,0
3/25/2016,2016,13,3,8,0
3/25/2016,2016,13,3,6,0
3/25/2016,2016,13,3,4,0
3/25/2016,2016,13,3,2,0
3/25/2016,2016,13,3,1,0
3/25/2016,2016,13,3,0,0
3/25/2016,2016,13,3,0,0
3/24/2016,2016,13,3,2,0
3/24/2016,2016,13,3,5,0
3/24/2016,2016,13,3,6,0
3/24/2016,2016,13,3,7,0
3/24/2016,2016,13,3,6,0
3/24/2016,2016,13,3,6,0
3/24/2016,2016,13,3,3,0
3/24/2016,2016,13,3,2,0
3/24/2016,2016,13,3,1,0
3/24/2016,2016,13,3,0,0
3/24/2016,2016,13,3,0,0
3/23/2016,2016,13,3,1,0
3/23/2016,2016,13,3,2,0
3/23/2016,2016,13,3,2,0
3/23/2016,2016,13,3,5,0
3/23/2016,2016,13,3,5,0
3/23/2016,2016,13,3,5,0
3/23/2016,2016,13,3,4,0
3/23/2016,2016,13,3,2,0
3/23/2016,2016,13,3,0,0
3/23/2016,2016,13,3,0,0
3/23/2016,2016,13,3,0,0
3/22/2016,2016,13,3,0,0
3/22/2016,2016,13,3,3,0
3/22/2016,2016,13,3,3,0
3/22/2016,2016,13,3,5,0
3/22/2016,2016,13,3,4,0
3/22/2016,2016,13,3,4,0
3/22/2016,2016,13,3,2,0
3/22/2016,2016,13,3,1,0
3/22/2016,2016,13,3,0,0
3/22/2016,2016,13,3,0,0
3/22/2016,2016,13,3,0,0
3/21/2016,2016,13,3,0,0
3/21/2016,2016,13,3,3,0
3/21/2016,2016,13,3,6,0
3/21/2016,2016,13,3,9,0
3/21/2016,2016,13,3,9,0
3/21/2016,2016,13,3,8,0
3/21/2016,2016,13,3,5,0
3/21/2016,2016,13,3,3,0
3/21/2016,2016,13,3,1,0
3/21/2016,2016,13,3,0,0
3/21/2016,2016,13,3,0,0
4/2/2016,2016,14,4,4,0
4/2/2016,2016,14,4,6,0
4/2/2016,2016,14,4,8,0
4/2/2016,2016,14,4,8,0
4/2/2016,2016,14,4,9,0
4/2/2016,2016,14,4,-1,0
4/2/2016,2016,14,4,4,0
4/2/2016,2016,14,4,3,0
4/2/2016,2016,14,4,1,0
4/2/2016,2016,14,4,-1,0
4/2/2016,2016,14,4,-1,0
4/1/2016,2016,14,4,4,0
4/1/2016,2016,14,4,6,0
4/1/2016,2016,14,4,9,0
4/1/2016,2016,14,4,9,0
4/1/2016,2016,14,4,10,0
4/1/2016,2016,14,4,-1,0
4/1/2016,2016,14,4,-1,0
4/1/2016,2016,14,4,2,0
4/1/2016,2016,14,4,1,0
4/1/2016,2016,14,4,0,0
4/1/2016,2016,14,4,0,0
3/31/2016,2016,14,3,2,0
3/31/2016,2016,14,3,6,0
3/31/2016,2016,14,3,9,0
3/31/2016,2016,14,3,9,0
3/31/2016,2016,14,3,10,0
3/31/2016,2016,14,3,7,0
3/31/2016,2016,14,3,6,0
3/31/2016,2016,14,3,2,0
3/31/2016,2016,14,3,1,0
3/31/2016,2016,14,3,0,0
3/31/2016,2016,14,3,0,0
3/30/2016,2016,14,3,3,0
3/30/2016,2016,14,3,5,0
3/30/2016,2016,14,3,7,0
3/30/2016,2016,14,3,9,0
3/30/2016,2016,14,3,9,0
3/30/2016,2016,14,3,8,0
3/30/2016,2016,14,3,4,0
3/30/2016,2016,14,3,2,0
3/30/2016,2016,14,3,1,0
3/30/2016,2016,14,3,0,0
3/30/2016,2016,14,3,0,0
3/29/2016,2016,14,3,-1,0
3/29/2016,2016,14,3,-1,0
3/29/2016,2016,14,3,-1,0
3/29/2016,2016,14,3,-1,0
3/29/2016,2016,14,3,9,0
3/29/2016,2016,14,3,7,0
3/29/2016,2016,14,3,5,0
3/29/2016,2016,14,3,3,0
3/29/2016,2016,14,3,0,0
3/29/2016,2016,14,3,0,0
3/29/2016,2016,14,3,0,0
3/28/2016,2016,14,3,3,0
3/28/2016,2016,14,3,4,0
3/28/2016,2016,14,3,5,0
3/28/2016,2016,14,3,9,0
3/28/2016,2016,14,3,8,0
3/28/2016,2016,14,3,7,0
3/28/2016,2016,14,3,5,0
3/28/2016,2016,14,3,2,0
3/28/2016,2016,14,3,1,0
3/28/2016,2016,14,3,0,0
3/28/2016,2016,14,3,0,0
3/27/2016,2016,14,3,3,0
3/27/2016,2016,14,3,6,0
3/27/2016,2016,14,3,8,0
3/27/2016,2016,14,3,10,0
3/27/2016,2016,14,3,10,0
3/27/2016,2016,14,3,8,0
3/27/2016,2016,14,3,5,0
3/27/2016,2016,14,3,2,0
3/27/2016,2016,14,3,0,0
3/27/2016,2016,14,3,0,0
3/27/2016,2016,14,3,0,0
4/6/2016,2016,15,4,8,0
4/6/2016,2016,15,4,9,0
4/6/2016,2016,15,4,6,0
4/6/2016,2016,15,4,3,0
4/6/2016,2016,15,4,3,0
4/6/2016,2016,15,4,1,0
4/6/2016,2016,15,4,0,0
4/6/2016,2016,15,4,0,0
4/5/2016,2016,15,4,1,0
4/5/2016,2016,15,4,4,0
4/5/2016,2016,15,4,6,0
4/5/2016,2016,15,4,5,0
4/5/2016,2016,15,4,-1,0
4/5/2016,2016,15,4,-1,0
4/5/2016,2016,15,4,-1,0
4/5/2016,2016,15,4,-1,0
4/5/2016,2016,15,4,-1,0
4/5/2016,2016,15,4,-1,0
4/5/2016,2016,15,4,-1,0
4/4/2016,2016,15,4,2,0
4/4/2016,2016,15,4,4,0
4/4/2016,2016,15,4,3,0
4/4/2016,2016,15,4,3,0
4/4/2016,2016,15,4,4,0
4/4/2016,2016,15,4,7,0
4/4/2016,2016,15,4,6,0
4/4/2016,2016,15,4,4,0
4/4/2016,2016,15,4,1,0
4/4/2016,2016,15,4,0,0
4/4/2016,2016,15,4,0,0
4/3/2016,2016,15,4,1,0
4/3/2016,2016,15,4,0,0
4/3/2016,2016,15,4,1,0
4/3/2016,2016,15,4,4,0
4/3/2016,2016,15,4,5,0
4/3/2016,2016,15,4,3,0
4/3/2016,2016,15,4,5,0
4/3/2016,2016,15,4,3,0
4/3/2016,2016,15,4,1,0
4/3/2016,2016,15,4,0,0
4/3/2016,2016,15,4,0,0
4/16/2016,2016,16,4,2,0
4/16/2016,2016,16,4,5,0
4/16/2016,2016,16,4,8,0
4/16/2016,2016,16,4,9,0
4/16/2016,2016,16,4,6,0
4/16/2016,2016,16,4,8,0
4/16/2016,2016,16,4,6,0
4/16/2016,2016,16,4,3,0
4/16/2016,2016,16,4,1,0
4/16/2016,2016,16,4,0,0
4/16/2016,2016,16,4,-1,0
4/15/2016,2016,16,4,2,0
4/15/2016,2016,16,4,3,0
4/15/2016,2016,16,4,4,0
4/15/2016,2016,16,4,4,0
4/15/2016,2016,16,4,4,0
4/15/2016,2016,16,4,5,0
4/15/2016,2016,16,4,3,0
4/15/2016,2016,16,4,1,0
4/15/2016,2016,16,4,0,0
4/15/2016,2016,16,4,0,0
4/15/2016,2016,16,4,0,0
4/14/2016,2016,16,4,1,0
4/14/2016,2016,16,4,4,0
4/14/2016,2016,16,4,7,0
4/14/2016,2016,16,4,5,0
4/14/2016,2016,16,4,2,0
4/14/2016,2016,16,4,3,0
4/14/2016,2016,16,4,2,0
4/14/2016,2016,16,4,1,0
4/14/2016,2016,16,4,0,0
4/14/2016,2016,16,4,0,0
4/14/2016,2016,16,4,0,0
4/13/2016,2016,16,4,2,0
4/13/2016,2016,16,4,3,0
4/13/2016,2016,16,4,4,0
4/13/2016,2016,16,4,6,0
4/13/2016,2016,16,4,5,0
4/13/2016,2016,16,4,5,0
4/13/2016,2016,16,4,4,0
4/13/2016,2016,16,4,2,0
4/13/2016,2016,16,4,1,0
4/13/2016,2016,16,4,0,0
4/13/2016,2016,16,4,0,0
4/12/2016,2016,16,4,-1,0
4/12/2016,2016,16,4,-1,0
4/12/2016,2016,16,4,3,0
4/12/2016,2016,16,4,5,0
4/12/2016,2016,16,4,6,0
4/12/2016,2016,16,4,4,0
4/12/2016,2016,16,4,1,0
4/12/2016,2016,16,4,0,0
4/12/2016,2016,16,4,0,0
4/12/2016,2016,16,4,0,0
4/12/2016,2016,16,4,0,0
4/23/2016,2016,17,4,3,0
4/23/2016,2016,17,4,5,0
4/23/2016,2016,17,4,6,0
4/23/2016,2016,17,4,8,0
4/23/2016,2016,17,4,6,0
4/23/2016,2016,17,4,4,0
4/23/2016,2016,17,4,2,0
4/23/2016,2016,17,4,1,0
4/23/2016,2016,17,4,0,0
4/23/2016,2016,17,4,0,0
4/22/2016,2016,17,4,0,0
4/22/2016,2016,17,4,1,0
4/22/2016,2016,17,4,3,0
4/22/2016,2016,17,4,6,0
4/22/2016,2016,17,4,7,0
4/22/2016,2016,17,4,6,0
4/22/2016,2016,17,4,5,0
4/22/2016,2016,17,4,2,0
4/22/2016,2016,17,4,1,0
4/22/2016,2016,17,4,0,0
4/22/2016,2016,17,4,0,0
4/21/2016,2016,17,4,9,0
4/21/2016,2016,17,4,7,0
4/21/2016,2016,17,4,5,0
4/21/2016,2016,17,4,3,0
4/21/2016,2016,17,4,1,0
4/21/2016,2016,17,4,0,0
4/21/2016,2016,17,4,0,0
4/20/2016,2016,17,4,0,0
4/20/2016,2016,17,4,1,0
4/20/2016,2016,17,4,2,0
4/20/2016,2016,17,4,2,0
4/20/2016,2016,17,4,7,0
4/20/2016,2016,17,4,8,0
4/20/2016,2016,17,4,5,0
4/20/2016,2016,17,4,3,0
4/20/2016,2016,17,4,0,0
4/20/2016,2016,17,4,0,0
4/20/2016,2016,17,4,0,0
4/19/2016,2016,17,4,3,0
4/19/2016,2016,17,4,6,0
4/19/2016,2016,17,4,8,0
4/19/2016,2016,17,4,9,0
4/19/2016,2016,17,4,8,0
4/19/2016,2016,17,4,8,0
4/19/2016,2016,17,4,4,0
4/19/2016,2016,17,4,3,0
4/19/2016,2016,17,4,1,0
4/19/2016,2016,17,4,0,0
4/19/2016,2016,17,4,0,0
4/18/2016,2016,17,4,3,0
4/18/2016,2016,17,4,5,0
4/18/2016,2016,17,4,7,0
4/18/2016,2016,17,4,8,0
4/18/2016,2016,17,4,9,0
4/18/2016,2016,17,4,7,0
4/18/2016,2016,17,4,5,0
4/18/2016,2016,17,4,2,0
4/18/2016,2016,17,4,1,0
4/18/2016,2016,17,4,0,0
4/18/2016,2016,17,4,0,0
4/17/2016,2016,17,4,3,0
4/17/2016,2016,17,4,3,0
4/17/2016,2016,17,4,7,0
4/17/2016,2016,17,4,9,0
4/17/2016,2016,17,4,8,0
4/17/2016,2016,17,4,7,0
4/17/2016,2016,17,4,5,0
4/17/2016,2016,17,4,3,0
4/17/2016,2016,17,4,1,0
4/17/2016,2016,17,4,0,0
4/17/2016,2016,17,4,0,0
4/30/2016,2016,18,4,1,0
4/30/2016,2016,18,4,1,0
4/30/2016,2016,18,4,0,0
4/30/2016,2016,18,4,6,0
4/30/2016,2016,18,4,8,0
4/30/2016,2016,18,4,7,0
4/30/2016,2016,18,4,5,0
4/30/2016,2016,18,4,2,0
4/30/2016,2016,18,4,1,0
4/30/2016,2016,18,4,0,0
4/30/2016,2016,18,4,0,0
4/29/2016,2016,18,4,2,0
4/29/2016,2016,18,4,1,0
4/29/2016,2016,18,4,0,0
4/29/2016,2016,18,4,6,0
4/29/2016,2016,18,4,4,0
4/29/2016,2016,18,4,5,0
4/29/2016,2016,18,4,5,0
4/29/2016,2016,18,4,3,0
4/29/2016,2016,18,4,1,0
4/29/2016,2016,18,4,0,0
4/29/2016,2016,18,4,0,0
4/28/2016,2016,18,4,1,0
4/28/2016,2016,18,4,2,0
4/28/2016,2016,18,4,1,0
4/28/2016,2016,18,4,2,0
4/28/2016,2016,18,4,6,0
4/28/2016,2016,18,4,5,0
4/28/2016,2016,18,4,5,0
4/28/2016,2016,18,4,-1,0
4/28/2016,2016,18,4,0,0
4/28/2016,2016,18,4,0,0
4/28/2016,2016,18,4,0,0
4/27/2016,2016,18,4,0,0
4/27/2016,2016,18,4,5,0
4/27/2016,2016,18,4,4,0
4/27/2016,2016,18,4,-1,0
4/27/2016,2016,18,4,-1,0
4/27/2016,2016,18,4,-1,0
4/27/2016,2016,18,4,-1,0
4/27/2016,2016,18,4,-1,0
4/27/2016,2016,18,4,1,0
4/27/2016,2016,18,4,0,0
4/27/2016,2016,18,4,0,0
4/26/2016,2016,18,4,1,0
4/26/2016,2016,18,4,2,0
4/26/2016,2016,18,4,5,0
4/26/2016,2016,18,4,6,0
4/26/2016,2016,18,4,5,0
4/26/2016,2016,18,4,4,0
4/26/2016,2016,18,4,5,0
4/26/2016,2016,18,4,2,0
4/26/2016,2016,18,4,1,0
4/26/2016,2016,18,4,0,0
4/26/2016,2016,18,4,0,0
4/25/2016,2016,18,4,1,0
4/25/2016,2016,18,4,3,0
4/25/2016,2016,18,4,3,0
4/25/2016,2016,18,4,1,0
4/25/2016,2016,18,4,4,0
4/25/2016,2016,18,4,4,0
4/25/2016,2016,18,4,5,0
4/25/2016,2016,18,4,3,0
4/25/2016,2016,18,4,1,0
4/25/2016,2016,18,4,0,0
4/25/2016,2016,18,4,0,0
5/7/2016,2016,19,5,7,0
5/7/2016,2016,19,5,7,0
5/7/2016,2016,19,5,6,0
5/7/2016,2016,19,5,5,0
5/7/2016,2016,19,5,2,0
5/7/2016,2016,19,5,1,0
5/7/2016,2016,19,5,0,0
5/7/2016,2016,19,5,0,0
5/6/2016,2016,19,5,1,0
5/6/2016,2016,19,5,1,0
5/6/2016,2016,19,5,3,0
5/6/2016,2016,19,5,4,0
5/6/2016,2016,19,5,9,0
5/6/2016,2016,19,5,8,0
5/6/2016,2016,19,5,5,0
5/6/2016,2016,19,5,2,0
5/6/2016,2016,19,5,1,0
5/6/2016,2016,19,5,0,0
5/6/2016,2016,19,5,0,0
5/5/2016,2016,19,5,1,0
5/5/2016,2016,19,5,3,0
5/5/2016,2016,19,5,4,0
5/5/2016,2016,19,5,3,0
5/5/2016,2016,19,5,6,0
5/5/2016,2016,19,5,8,0
5/5/2016,2016,19,5,5,0
5/5/2016,2016,19,5,3,0
5/5/2016,2016,19,5,1,0
5/5/2016,2016,19,5,0,0
5/5/2016,2016,19,5,0,0
5/4/2016,2016,19,5,3,0
5/4/2016,2016,19,5,4,0
5/4/2016,2016,19,5,7,0
5/4/2016,2016,19,5,8,0
5/4/2016,2016,19,5,9,0
5/4/2016,2016,19,5,8,0
5/4/2016,2016,19,5,6,0
5/4/2016,2016,19,5,3,0
5/4/2016,2016,19,5,1,0
5/4/2016,2016,19,5,0,0
5/4/2016,2016,19,5,0,0
5/3/2016,2016,19,5,1,0
5/3/2016,2016,19,5,2,0
5/3/2016,2016,19,5,7,0
5/3/2016,2016,19,5,7,0
5/3/2016,2016,19,5,7,0
5/3/2016,2016,19,5,7,0
5/3/2016,2016,19,5,5,0
5/3/2016,2016,19,5,3,0
5/3/2016,2016,19,5,1,0
5/3/2016,2016,19,5,0,0
5/3/2016,2016,19,5,0,0
5/2/2016,2016,19,5,1,0
5/2/2016,2016,19,5,2,0
5/2/2016,2016,19,5,3,0
5/2/2016,2016,19,5,6,0
5/2/2016,2016,19,5,8,0
5/2/2016,2016,19,5,6,0
5/2/2016,2016,19,5,4,0
5/2/2016,2016,19,5,2,0
5/2/2016,2016,19,5,0,0
5/2/2016,2016,19,5,0,0
5/2/2016,2016,19,5,0,0
5/1/2016,2016,19,5,3,0
5/1/2016,2016,19,5,5,0
5/1/2016,2016,19,5,5,0
5/1/2016,2016,19,5,7,0
5/1/2016,2016,19,5,7,0
5/1/2016,2016,19,5,6,0
5/1/2016,2016,19,5,5,0
5/1/2016,2016,19,5,3,0
5/1/2016,2016,19,5,1,0
5/1/2016,2016,19,5,0,0
5/1/2016,2016,19,5,0,0
5/14/2016,2016,20,5,0,0
5/14/2016,2016,20,5,0,0
5/14/2016,2016,20,5,0,0
5/14/2016,2016,20,5,1,0
5/14/2016,2016,20,5,5,0
5/14/2016,2016,20,5,3,0
5/14/2016,2016,20,5,3,0
5/14/2016,2016,20,5,2,0
5/14/2016,2016,20,5,1,0
5/14/2016,2016,20,5,0,0
5/14/2016,2016,20,5,0,0
5/13/2016,2016,20,5,3,0
5/13/2016,2016,20,5,4,0
5/13/2016,2016,20,5,4,0
5/13/2016,2016,20,5,3,0
5/13/2016,2016,20,5,2,0
5/13/2016,2016,20,5,2,0
5/13/2016,2016,20,5,2,0
5/13/2016,2016,20,5,1,0
5/13/2016,2016,20,5,1,0
5/13/2016,2016,20,5,0,0
5/13/2016,2016,20,5,0,0
5/12/2016,2016,20,5,1,0
5/12/2016,2016,20,5,4,0
5/12/2016,2016,20,5,4,0
5/12/2016,2016,20,5,5,0
5/12/2016,2016,20,5,8,0
5/12/2016,2016,20,5,7,0
5/12/2016,2016,20,5,5,0
5/12/2016,2016,20,5,3,0
5/12/2016,2016,20,5,1,0
5/12/2016,2016,20,5,0,0
5/12/2016,2016,20,5,0,0
5/11/2016,2016,20,5,0,0
5/11/2016,2016,20,5,2,0
5/11/2016,2016,20,5,3,0
5/11/2016,2016,20,5,4,0
5/11/2016,2016,20,5,5,0
5/11/2016,2016,20,5,4,0
5/11/2016,2016,20,5,4,0
5/11/2016,2016,20,5,3,0
5/11/2016,2016,20,5,1,0
5/11/2016,2016,20,5,0,0
5/11/2016,2016,20,5,0,0
5/10/2016,2016,20,5,1,0
5/10/2016,2016,20,5,3,0
5/10/2016,2016,20,5,5,0
5/10/2016,2016,20,5,8,0
5/10/2016,2016,20,5,9,0
5/10/2016,2016,20,5,7,0
5/10/2016,2016,20,5,5,0
5/10/2016,2016,20,5,3,0
5/10/2016,2016,20,5,1,0
5/10/2016,2016,20,5,0,0
5/10/2016,2016,20,5,0,0
5/9/2016,2016,20,5,1,0
5/9/2016,2016,20,5,3,0
5/9/2016,2016,20,5,6,0
5/9/2016,2016,20,5,6,0
5/9/2016,2016,20,5,8,0
5/9/2016,2016,20,5,7,0
5/9/2016,2016,20,5,4,0
5/9/2016,2016,20,5,2,0
5/9/2016,2016,20,5,1,0
5/9/2016,2016,20,5,0,0
5/9/2016,2016,20,5,0,0
5/8/2016,2016,20,5,1,0
5/8/2016,2016,20,5,4,0
5/8/2016,2016,20,5,6,0
5/8/2016,2016,20,5,8,0
5/8/2016,2016,20,5,8,0
5/8/2016,2016,20,5,7,0
5/8/2016,2016,20,5,5,0
5/8/2016,2016,20,5,3,0
5/8/2016,2016,20,5,1,0
5/8/2016,2016,20,5,0,0
5/8/2016,2016,20,5,0,0
5/21/2016,2016,21,5,1,0
5/21/2016,2016,21,5,2,0
5/21/2016,2016,21,5,2,0
5/21/2016,2016,21,5,4,0
5/21/2016,2016,21,5,3,0
5/21/2016,2016,21,5,2,0
5/21/2016,2016,21,5,3,0
5/21/2016,2016,21,5,3,0
5/21/2016,2016,21,5,1,0
5/21/2016,2016,21,5,0,0
5/21/2016,2016,21,5,0,0
5/20/2016,2016,21,5,1,0
5/20/2016,2016,21,5,2,0
5/20/2016,2016,21,5,1,0
5/20/2016,2016,21,5,1,0
5/20/2016,2016,21,5,2,0
5/20/2016,2016,21,5,6,0
5/20/2016,2016,21,5,5,0
5/20/2016,2016,21,5,2,0
5/20/2016,2016,21,5,1,0
5/20/2016,2016,21,5,0,0
5/20/2016,2016,21,5,0,0
5/19/2016,2016,21,5,1,0
5/19/2016,2016,21,5,2,0
5/19/2016,2016,21,5,2,0
5/19/2016,2016,21,5,2,0
5/19/2016,2016,21,5,6,0
5/19/2016,2016,21,5,7,0
5/19/2016,2016,21,5,4,0
5/19/2016,2016,21,5,2,0
5/19/2016,2016,21,5,1,0
5/19/2016,2016,21,5,0,0
5/19/2016,2016,21,5,0,0
5/18/2016,2016,21,5,-1,0
5/18/2016,2016,21,5,-1,0
5/18/2016,2016,21,5,-1,0
5/18/2016,2016,21,5,2,0
5/18/2016,2016,21,5,8,0
5/18/2016,2016,21,5,7,0
5/18/2016,2016,21,5,5,0
5/18/2016,2016,21,5,3,0
5/18/2016,2016,21,5,1,0
5/18/2016,2016,21,5,0,0
5/18/2016,2016,21,5,0,0
5/17/2016,2016,21,5,0,0
5/17/2016,2016,21,5,3,0
5/17/2016,2016,21,5,5,0
5/17/2016,2016,21,5,4,0
5/17/2016,2016,21,5,6,0
5/17/2016,2016,21,5,6,0
5/17/2016,2016,21,5,5,0
5/17/2016,2016,21,5,2,0
5/17/2016,2016,21,5,1,0
5/17/2016,2016,21,5,0,0
5/17/2016,2016,21,5,0,0
5/16/2016,2016,21,5,0,0
5/16/2016,2016,21,5,1,0
5/16/2016,2016,21,5,5,0
5/16/2016,2016,21,5,-1,0
5/16/2016,2016,21,5,-1,0
5/16/2016,2016,21,5,-1,0
5/16/2016,2016,21,5,-1,0
5/16/2016,2016,21,5,-1,0
5/16/2016,2016,21,5,0,0
5/16/2016,2016,21,5,0,0
5/16/2016,2016,21,5,0,0
5/15/2016,2016,21,5,1,0
5/15/2016,2016,21,5,3,0
5/15/2016,2016,21,5,2,0
5/15/2016,2016,21,5,6,0
5/15/2016,2016,21,5,5,0
5/15/2016,2016,21,5,6,0
5/15/2016,2016,21,5,5,0
5/15/2016,2016,21,5,3,0
5/15/2016,2016,21,5,1,0
5/15/2016,2016,21,5,0,0
5/15/2016,2016,21,5,0,0
5/28/2016,2016,22,5,4,0
5/28/2016,2016,22,5,5,0
5/28/2016,2016,22,5,5,0
5/28/2016,2016,22,5,5,0
5/28/2016,2016,22,5,3,0
5/28/2016,2016,22,5,3,0
5/28/2016,2016,22,5,1,0
5/28/2016,2016,22,5,0,0
5/28/2016,2016,22,5,0,0
5/28/2016,2016,22,5,0,0
5/27/2016,2016,22,5,1,0
5/27/2016,2016,22,5,4,0
5/27/2016,2016,22,5,7,0
5/27/2016,2016,22,5,7,0
5/27/2016,2016,22,5,8,0
5/27/2016,2016,22,5,6,0
5/27/2016,2016,22,5,4,0
5/27/2016,2016,22,5,2,0
5/27/2016,2016,22,5,1,0
5/27/2016,2016,22,5,0,0
5/27/2016,2016,22,5,0,0
5/26/2016,2016,22,5,3,0
5/26/2016,2016,22,5,5,0
5/26/2016,2016,22,5,6,0
5/26/2016,2016,22,5,5,0
5/26/2016,2016,22,5,3,0
5/26/2016,2016,22,5,4,0
5/26/2016,2016,22,5,3,0
5/26/2016,2016,22,5,1,0
5/26/2016,2016,22,5,0,0
5/26/2016,2016,22,5,0,0
5/26/2016,2016,22,5,0,0
5/25/2016,2016,22,5,2,0
5/25/2016,2016,22,5,4,0
5/25/2016,2016,22,5,4,0
5/25/2016,2016,22,5,6,0
5/25/2016,2016,22,5,4,0
5/25/2016,2016,22,5,5,0
5/25/2016,2016,22,5,4,0
5/25/2016,2016,22,5,3,0
5/25/2016,2016,22,5,1,0
5/25/2016,2016,22,5,0,0
5/25/2016,2016,22,5,0,0
5/24/2016,2016,22,5,2,0
5/24/2016,2016,22,5,3,0
5/24/2016,2016,22,5,5,0
5/24/2016,2016,22,5,6,0
5/24/2016,2016,22,5,3,0
5/24/2016,2016,22,5,3,0
5/24/2016,2016,22,5,3,0
5/24/2016,2016,22,5,2,0
5/24/2016,2016,22,5,0,0
5/24/2016,2016,22,5,0,0
5/24/2016,2016,22,5,0,0
5/23/2016,2016,22,5,2,0
5/23/2016,2016,22,5,5,0
5/23/2016,2016,22,5,6,0
5/23/2016,2016,22,5,7,0
5/23/2016,2016,22,5,6,0
5/23/2016,2016,22,5,5,0
5/23/2016,2016,22,5,4,0
5/23/2016,2016,22,5,3,0
5/23/2016,2016,22,5,1,0
5/23/2016,2016,22,5,0,0
5/23/2016,2016,22,5,0,0
5/22/2016,2016,22,5,2,0
5/22/2016,2016,22,5,2,0
5/22/2016,2016,22,5,7,0
5/22/2016,2016,22,5,6,0
5/22/2016,2016,22,5,7,0
5/22/2016,2016,22,5,6,0
5/22/2016,2016,22,5,4,0
5/22/2016,2016,22,5,2,0
5/22/2016,2016,22,5,0,0
5/22/2016,2016,22,5,0,0
5/22/2016,2016,22,5,0,0
6/4/2016,2016,23,6,1,0
6/4/2016,2016,23,6,1,0
6/4/2016,2016,23,6,1,0
6/4/2016,2016,23,6,1,0
6/4/2016,2016,23,6,1,0
6/4/2016,2016,23,6,1,0
6/4/2016,2016,23,6,0,0
6/4/2016,2016,23,6,0,0
6/4/2016,2016,23,6,0,0
6/4/2016,2016,23,6,0,0
6/4/2016,2016,23,6,0,0
6/3/2016,2016,23,6,1,0
6/3/2016,2016,23,6,0,0
6/3/2016,2016,23,6,2,0
6/3/2016,2016,23,6,5,0
6/3/2016,2016,23,6,7,0
6/3/2016,2016,23,6,7,0
6/3/2016,2016,23,6,4,0
6/3/2016,2016,23,6,2,0
6/3/2016,2016,23,6,1,0
6/3/2016,2016,23,6,0,0
6/3/2016,2016,23,6,0,0
6/2/2016,2016,23,6,0,0
6/2/2016,2016,23,6,3,0
6/2/2016,2016,23,6,4,0
6/2/2016,2016,23,6,5,0
6/2/2016,2016,23,6,5,0
6/2/2016,2016,23,6,6,0
6/2/2016,2016,23,6,4,0
6/2/2016,2016,23,6,2,0
6/2/2016,2016,23,6,1,0
6/2/2016,2016,23,6,0,0
6/2/2016,2016,23,6,0,0
6/1/2016,2016,23,6,2,0
6/1/2016,2016,23,6,1,0
6/1/2016,2016,23,6,2,0
6/1/2016,2016,23,6,2,0
6/1/2016,2016,23,6,1,0
6/1/2016,2016,23,6,4,0
6/1/2016,2016,23,6,5,0
6/1/2016,2016,23,6,2,0
6/1/2016,2016,23,6,1,0
6/1/2016,2016,23,6,0,0
6/1/2016,2016,23,6,0,0
6/11/2016,2016,24,6,1,0
6/11/2016,2016,24,6,0,0
6/11/2016,2016,24,6,0,0
6/11/2016,2016,24,6,0,0
6/11/2016,2016,24,6,1,0
6/11/2016,2016,24,6,6,0
6/11/2016,2016,24,6,4,0
6/11/2016,2016,24,6,2,0
6/11/2016,2016,24,6,1,0
6/11/2016,2016,24,6,0,0
6/11/2016,2016,24,6,0,0
6/10/2016,2016,24,6,2,0
6/10/2016,2016,24,6,4,0
6/10/2016,2016,24,6,3,0
6/10/2016,2016,24,6,1,0
6/10/2016,2016,24,6,5,0
6/10/2016,2016,24,6,5,0
6/10/2016,2016,24,6,5,0
6/10/2016,2016,24,6,2,0
6/10/2016,2016,24,6,1,0
6/10/2016,2016,24,6,0,0
6/10/2016,2016,24,6,0,0
6/9/2016,2016,24,6,1,0
6/9/2016,2016,24,6,2,0
6/9/2016,2016,24,6,5,0
6/9/2016,2016,24,6,7,0
6/9/2016,2016,24,6,7,0
6/9/2016,2016,24,6,5,0
6/9/2016,2016,24,6,4,0
6/9/2016,2016,24,6,2,0
6/9/2016,2016,24,6,1,0
6/9/2016,2016,24,6,0,0
6/9/2016,2016,24,6,0,0
6/8/2016,2016,24,6,2,0
6/8/2016,2016,24,6,3,0
6/8/2016,2016,24,6,3,0
6/8/2016,2016,24,6,2,0
6/8/2016,2016,24,6,1,0
6/8/2016,2016,24,6,2,0
6/8/2016,2016,24,6,2,0
6/8/2016,2016,24,6,2,0
6/8/2016,2016,24,6,0,0
6/8/2016,2016,24,6,0,0
6/8/2016,2016,24,6,0,0
6/7/2016,2016,24,6,2,0
6/7/2016,2016,24,6,4,0
6/7/2016,2016,24,6,4,0
6/7/2016,2016,24,6,6,0
6/7/2016,2016,24,6,8,0
6/7/2016,2016,24,6,6,0
6/7/2016,2016,24,6,5,0
6/7/2016,2016,24,6,2,0
6/7/2016,2016,24,6,1,0
6/7/2016,2016,24,6,0,0
6/7/2016,2016,24,6,0,0
6/6/2016,2016,24,6,2,0
6/6/2016,2016,24,6,3,0
6/6/2016,2016,24,6,6,0
6/6/2016,2016,24,6,8,0
6/6/2016,2016,24,6,7,0
6/6/2016,2016,24,6,6,0
6/6/2016,2016,24,6,4,0
6/6/2016,2016,24,6,2,0
6/6/2016,2016,24,6,1,0
6/6/2016,2016,24,6,0,0
6/6/2016,2016,24,6,0,0
6/5/2016,2016,24,6,2,0
6/5/2016,2016,24,6,3,0
6/5/2016,2016,24,6,4,0
6/5/2016,2016,24,6,5,0
6/5/2016,2016,24,6,5,0
6/5/2016,2016,24,6,2,0
6/5/2016,2016,24,6,2,0
6/5/2016,2016,24,6,1,0
6/5/2016,2016,24,6,0,0
6/5/2016,2016,24,6,0,0
6/5/2016,2016,24,6,0,0
6/18/2016,2016,25,6,1,0
6/18/2016,2016,25,6,2,0
6/18/2016,2016,25,6,3,0
6/18/2016,2016,25,6,4,0
6/18/2016,2016,25,6,2,0
6/18/2016,2016,25,6,2,0
6/18/2016,2016,25,6,2,0
6/18/2016,2016,25,6,1,0
6/18/2016,2016,25,6,0,0
6/18/2016,2016,25,6,0,0
6/18/2016,2016,25,6,0,0
6/17/2016,2016,25,6,1,0
6/17/2016,2016,25,6,1,0
6/17/2016,2016,25,6,2,0
6/17/2016,2016,25,6,2,0
6/17/2016,2016,25,6,1,0
6/17/2016,2016,25,6,4,0
6/17/2016,2016,25,6,3,0
6/17/2016,2016,25,6,1,0
6/17/2016,2016,25,6,1,0
6/17/2016,2016,25,6,0,0
6/17/2016,2016,25,6,0,0
6/16/2016,2016,25,6,1,0
6/16/2016,2016,25,6,1,0
6/16/2016,2016,25,6,2,0
6/16/2016,2016,25,6,6,0
6/16/2016,2016,25,6,8,0
6/16/2016,2016,25,6,6,0
6/16/2016,2016,25,6,5,0
6/16/2016,2016,25,6,1,0
6/16/2016,2016,25,6,1,0
6/16/2016,2016,25,6,0,0
6/16/2016,2016,25,6,0,0
6/15/2016,2016,25,6,2,0
6/15/2016,2016,25,6,3,0
6/15/2016,2016,25,6,5,0
6/15/2016,2016,25,6,6,0
6/15/2016,2016,25,6,4,0
6/15/2016,2016,25,6,1,0
6/15/2016,2016,25,6,1,0
6/15/2016,2016,25,6,2,0
6/15/2016,2016,25,6,0,0
6/15/2016,2016,25,6,0,0
6/15/2016,2016,25,6,0,0
6/14/2016,2016,25,6,1,0
6/14/2016,2016,25,6,4,0
6/14/2016,2016,25,6,7,0
6/14/2016,2016,25,6,7,0
6/14/2016,2016,25,6,7,0
6/14/2016,2016,25,6,6,0
6/14/2016,2016,25,6,5,0
6/14/2016,2016,25,6,2,0
6/14/2016,2016,25,6,1,0
6/14/2016,2016,25,6,0,0
6/14/2016,2016,25,6,0,0
6/13/2016,2016,25,6,1,0
6/13/2016,2016,25,6,4,0
6/13/2016,2016,25,6,6,0
6/13/2016,2016,25,6,8,0
6/13/2016,2016,25,6,8,0
6/13/2016,2016,25,6,6,0
6/13/2016,2016,25,6,4,0
6/13/2016,2016,25,6,2,0
6/13/2016,2016,25,6,1,0
6/13/2016,2016,25,6,0,0
6/13/2016,2016,25,6,0,0
6/12/2016,2016,25,6,2,0
6/12/2016,2016,25,6,4,0
6/12/2016,2016,25,6,6,0
6/12/2016,2016,25,6,7,0
6/12/2016,2016,25,6,8,0
6/12/2016,2016,25,6,7,0
6/12/2016,2016,25,6,5,0
6/12/2016,2016,25,6,2,0
6/12/2016,2016,25,6,1,0
6/12/2016,2016,25,6,0,0
6/12/2016,2016,25,6,0,0
6/25/2016,2016,26,6,5,0
6/25/2016,2016,26,6,5,0
6/25/2016,2016,26,6,6,0
6/25/2016,2016,26,6,6,0
6/25/2016,2016,26,6,6,0
6/25/2016,2016,26,6,3,0
6/25/2016,2016,26,6,2,0
6/25/2016,2016,26,6,1,0
6/25/2016,2016,26,6,0,0
6/25/2016,2016,26,6,0,0
6/24/2016,2016,26,6,1,0
6/24/2016,2016,26,6,3,0
6/24/2016,2016,26,6,4,0
6/24/2016,2016,26,6,2,0
6/24/2016,2016,26,6,3,0
6/24/2016,2016,26,6,4,0
6/24/2016,2016,26,6,2,0
6/24/2016,2016,26,6,1,0
6/24/2016,2016,26,6,0,0
6/24/2016,2016,26,6,0,0
6/24/2016,2016,26,6,0,0
6/23/2016,2016,26,6,2,0
6/23/2016,2016,26,6,4,0
6/23/2016,2016,26,6,6,0
6/23/2016,2016,26,6,7,0
6/23/2016,2016,26,6,5,0
6/23/2016,2016,26,6,4,0
6/23/2016,2016,26,6,3,0
6/23/2016,2016,26,6,2,0
6/23/2016,2016,26,6,0,0
6/23/2016,2016,26,6,0,0
6/23/2016,2016,26,6,0,0
6/22/2016,2016,26,6,0,0
6/22/2016,2016,26,6,0,0
6/22/2016,2016,26,6,0,0
6/22/2016,2016,26,6,0,0
6/22/2016,2016,26,6,1,0
6/22/2016,2016,26,6,3,0
6/22/2016,2016,26,6,3,0
6/22/2016,2016,26,6,2,0
6/22/2016,2016,26,6,0,0
6/22/2016,2016,26,6,0,0
6/22/2016,2016,26,6,0,0
6/21/2016,2016,26,6,0,0
6/21/2016,2016,26,6,0,0
6/21/2016,2016,26,6,1,0
6/21/2016,2016,26,6,3,0
6/21/2016,2016,26,6,3,0
6/21/2016,2016,26,6,3,0
6/21/2016,2016,26,6,3,0
6/21/2016,2016,26,6,1,0
6/21/2016,2016,26,6,0,0
6/21/2016,2016,26,6,0,0
6/21/2016,2016,26,6,0,0
6/20/2016,2016,26,6,2,0
6/20/2016,2016,26,6,3,0
6/20/2016,2016,26,6,5,0
6/20/2016,2016,26,6,6,0
6/20/2016,2016,26,6,7,0
6/20/2016,2016,26,6,5,0
6/20/2016,2016,26,6,4,0
6/20/2016,2016,26,6,2,0
6/20/2016,2016,26,6,1,0
6/20/2016,2016,26,6,0,0
6/20/2016,2016,26,6,0,0
6/19/2016,2016,26,6,1,0
6/19/2016,2016,26,6,3,0
6/19/2016,2016,26,6,2,0
6/19/2016,2016,26,6,2,0
6/19/2016,2016,26,6,3,0
6/19/2016,2016,26,6,4,0
6/19/2016,2016,26,6,3,0
6/19/2016,2016,26,6,1,0
6/19/2016,2016,26,6,0,0
6/19/2016,2016,26,6,0,0
6/19/2016,2016,26,6,0,0
7/2/2016,2016,27,7,2,0
7/2/2016,2016,27,7,3,0
7/2/2016,2016,27,7,4,0
7/2/2016,2016,27,7,4,0
7/2/2016,2016,27,7,3,0
7/2/2016,2016,27,7,3,0
7/2/2016,2016,27,7,2,0
7/2/2016,2016,27,7,1,0
7/2/2016,2016,27,7,0,0
7/2/2016,2016,27,7,0,0
7/2/2016,2016,27,7,0,0
7/1/2016,2016,27,7,2,0
7/1/2016,2016,27,7,3,0
7/1/2016,2016,27,7,4,0
7/1/2016,2016,27,7,6,0
7/1/2016,2016,27,7,7,0
7/1/2016,2016,27,7,6,0
7/1/2016,2016,27,7,4,0
7/1/2016,2016,27,7,2,0
7/1/2016,2016,27,7,0,0
7/1/2016,2016,27,7,0,0
7/1/2016,2016,27,7,0,0
6/30/2016,2016,27,6,2,0
6/30/2016,2016,27,6,4,0
6/30/2016,2016,27,6,5,0
6/30/2016,2016,27,6,4,0
6/30/2016,2016,27,6,6,0
6/30/2016,2016,27,6,6,0
6/30/2016,2016,27,6,3,0
6/30/2016,2016,27,6,1,0
6/30/2016,2016,27,6,0,0
6/30/2016,2016,27,6,0,0
6/30/2016,2016,27,6,0,0
6/29/2016,2016,27,6,3,0
6/29/2016,2016,27,6,4,0
6/29/2016,2016,27,6,6,0
6/29/2016,2016,27,6,7,0
6/29/2016,2016,27,6,7,0
6/29/2016,2016,27,6,6,0
6/29/2016,2016,27,6,4,0
6/29/2016,2016,27,6,2,0
6/29/2016,2016,27,6,1,0
6/29/2016,2016,27,6,0,0
6/29/2016,2016,27,6,0,0
6/28/2016,2016,27,6,3,0
6/28/2016,2016,27,6,5,0
6/28/2016,2016,27,6,6,0
6/28/2016,2016,27,6,7,0
6/28/2016,2016,27,6,7,0
6/28/2016,2016,27,6,6,0
6/28/2016,2016,27,6,4,0
6/28/2016,2016,27,6,2,0
6/28/2016,2016,27,6,0,0
6/28/2016,2016,27,6,0,0
6/28/2016,2016,27,6,0,0
6/27/2016,2016,27,6,1,0
6/27/2016,2016,27,6,2,0
6/27/2016,2016,27,6,4,0
6/27/2016,2016,27,6,5,0
6/27/2016,2016,27,6,5,0
6/27/2016,2016,27,6,5,0
6/27/2016,2016,27,6,2,0
6/27/2016,2016,27,6,1,0
6/27/2016,2016,27,6,0,0
6/27/2016,2016,27,6,0,0
6/27/2016,2016,27,6,0,0
6/26/2016,2016,27,6,2,0
6/26/2016,2016,27,6,2,0
6/26/2016,2016,27,6,0,0
6/26/2016,2016,27,6,1,0
6/26/2016,2016,27,6,3,0
6/26/2016,2016,27,6,6,0
6/26/2016,2016,27,6,4,0
6/26/2016,2016,27,6,2,0
6/26/2016,2016,27,6,1,0
6/26/2016,2016,27,6,0,0
6/26/2016,2016,27,6,0,0
7/9/2016,2016,28,7,3,0
7/9/2016,2016,28,7,5,0
7/9/2016,2016,28,7,6,0
7/9/2016,2016,28,7,6,0
7/9/2016,2016,28,7,6,0
7/9/2016,2016,28,7,5,0
7/9/2016,2016,28,7,4,0
7/9/2016,2016,28,7,2,0
7/9/2016,2016,28,7,1,0
7/9/2016,2016,28,7,0,0
7/9/2016,2016,28,7,0,0
7/8/2016,2016,28,7,3,0
7/8/2016,2016,28,7,5,0
7/8/2016,2016,28,7,7,0
7/8/2016,2016,28,7,8,0
7/8/2016,2016,28,7,4,0
7/8/2016,2016,28,7,4,0
7/8/2016,2016,28,7,1,0
7/8/2016,2016,28,7,2,0
7/8/2016,2016,28,7,1,0
7/8/2016,2016,28,7,0,0
7/8/2016,2016,28,7,0,0
7/7/2016,2016,28,7,3,0
7/7/2016,2016,28,7,5,0
7/7/2016,2016,28,7,7,0
7/7/2016,2016,28,7,8,0
7/7/2016,2016,28,7,8,0
7/7/2016,2016,28,7,6,0
7/7/2016,2016,28,7,3,0
7/7/2016,2016,28,7,2,0
7/7/2016,2016,28,7,1,0
7/7/2016,2016,28,7,0,0
7/7/2016,2016,28,7,0,0
7/6/2016,2016,28,7,2,0
7/6/2016,2016,28,7,4,0
7/6/2016,2016,28,7,7,0
7/6/2016,2016,28,7,7,0
7/6/2016,2016,28,7,8,0
7/6/2016,2016,28,7,4,0
7/6/2016,2016,28,7,2,0
7/6/2016,2016,28,7,1,0
7/6/2016,2016,28,7,0,0
7/6/2016,2016,28,7,0,0
7/6/2016,2016,28,7,0,0
7/5/2016,2016,28,7,3,0
7/5/2016,2016,28,7,4,0
7/5/2016,2016,28,7,6,0
7/5/2016,2016,28,7,5,0
7/5/2016,2016,28,7,4,0
7/5/2016,2016,28,7,5,0
7/5/2016,2016,28,7,4,0
7/5/2016,2016,28,7,2,0
7/5/2016,2016,28,7,1,0
7/5/2016,2016,28,7,0,0
7/5/2016,2016,28,7,0,0
7/4/2016,2016,28,7,2,0
7/4/2016,2016,28,7,4,0
7/4/2016,2016,28,7,4,0
7/4/2016,2016,28,7,5,0
7/4/2016,2016,28,7,6,0
7/4/2016,2016,28,7,6,0
7/4/2016,2016,28,7,4,0
7/4/2016,2016,28,7,2,0
7/4/2016,2016,28,7,1,0
7/4/2016,2016,28,7,0,0
7/4/2016,2016,28,7,0,0
7/3/2016,2016,28,7,3,0
7/3/2016,2016,28,7,4,0
7/3/2016,2016,28,7,5,0
7/3/2016,2016,28,7,5,0
7/3/2016,2016,28,7,5,0
7/3/2016,2016,28,7,6,0
7/3/2016,2016,28,7,4,0
7/3/2016,2016,28,7,2,0
7/3/2016,2016,28,7,0,0
7/3/2016,2016,28,7,0,0
7/3/2016,2016,28,7,0,0
7/16/2016,2016,29,7,2,0
7/16/2016,2016,29,7,4,0
7/16/2016,2016,29,7,4,0
7/16/2016,2016,29,7,6,0
7/16/2016,2016,29,7,6,0
7/16/2016,2016,29,7,7,0
7/16/2016,2016,29,7,5,0
7/16/2016,2016,29,7,2,0
7/16/2016,2016,29,7,0,0
7/16/2016,2016,29,7,0,0
7/16/2016,2016,29,7,0,0
7/15/2016,2016,29,7,1,0
7/15/2016,2016,29,7,3,0
7/15/2016,2016,29,7,2,0
7/15/2016,2016,29,7,1,0
7/15/2016,2016,29,7,3,0
7/15/2016,2016,29,7,3,0
7/15/2016,2016,29,7,3,0
7/15/2016,2016,29,7,2,0
7/15/2016,2016,29,7,1,0
7/15/2016,2016,29,7,0,0
7/15/2016,2016,29,7,0,0
7/14/2016,2016,29,7,1,0
7/14/2016,2016,29,7,3,0
7/14/2016,2016,29,7,3,0
7/14/2016,2016,29,7,1,0
7/14/2016,2016,29,7,3,0
7/14/2016,2016,29,7,2,0
7/14/2016,2016,29,7,0,0
7/14/2016,2016,29,7,0,0
7/14/2016,2016,29,7,0,0
7/13/2016,2016,29,7,1,0
7/13/2016,2016,29,7,2,0
7/13/2016,2016,29,7,1,0
7/13/2016,2016,29,7,2,0
7/13/2016,2016,29,7,1,0
7/13/2016,2016,29,7,1,0
7/13/2016,2016,29,7,3,0
7/13/2016,2016,29,7,1,0
7/13/2016,2016,29,7,1,0
7/13/2016,2016,29,7,0,0
7/13/2016,2016,29,7,0,0
7/12/2016,2016,29,7,3,0
7/12/2016,2016,29,7,5,0
7/12/2016,2016,29,7,5,0
7/12/2016,2016,29,7,7,0
7/12/2016,2016,29,7,-1,0
7/12/2016,2016,29,7,4,0
7/12/2016,2016,29,7,4,0
7/12/2016,2016,29,7,2,0
7/12/2016,2016,29,7,1,0
7/12/2016,2016,29,7,0,0
7/12/2016,2016,29,7,0,0
7/11/2016,2016,29,7,3,0
7/11/2016,2016,29,7,3,0
7/11/2016,2016,29,7,4,0
7/11/2016,2016,29,7,1,0
7/11/2016,2016,29,7,1,0
7/11/2016,2016,29,7,3,0
7/11/2016,2016,29,7,2,0
7/11/2016,2016,29,7,1,0
7/11/2016,2016,29,7,0,0
7/11/2016,2016,29,7,0,0
7/11/2016,2016,29,7,0,0
7/10/2016,2016,29,7,1,0
7/10/2016,2016,29,7,4,0
7/10/2016,2016,29,7,6,0
7/10/2016,2016,29,7,7,0
7/10/2016,2016,29,7,7,0
7/10/2016,2016,29,7,5,0
7/10/2016,2016,29,7,4,0
7/10/2016,2016,29,7,2,0
7/10/2016,2016,29,7,1,0
7/10/2016,2016,29,7,0,0
7/10/2016,2016,29,7,0,0
7/23/2016,2016,30,7,0,0
7/23/2016,2016,30,7,2,0
7/23/2016,2016,30,7,6,0
7/23/2016,2016,30,7,7,0
7/23/2016,2016,30,7,7,0
7/23/2016,2016,30,7,7,0
7/23/2016,2016,30,7,2,0
7/23/2016,2016,30,7,1,0
7/23/2016,2016,30,7,0,0
7/23/2016,2016,30,7,0,0
7/23/2016,2016,30,7,0,0
7/22/2016,2016,30,7,1,0
7/22/2016,2016,30,7,1,0
7/22/2016,2016,30,7,1,0
7/22/2016,2016,30,7,0,0
7/22/2016,2016,30,7,1,0
7/22/2016,2016,30,7,2,0
7/22/2016,2016,30,7,0,0
7/22/2016,2016,30,7,2,0
7/22/2016,2016,30,7,1,0
7/22/2016,2016,30,7,0,0
7/22/2016,2016,30,7,0,0
7/21/2016,2016,30,7,2,0
7/21/2016,2016,30,7,5,0
7/21/2016,2016,30,7,6,0
7/21/2016,2016,30,7,7,0
7/21/2016,2016,30,7,6,0
7/21/2016,2016,30,7,6,0
7/21/2016,2016,30,7,4,0
7/21/2016,2016,30,7,2,0
7/21/2016,2016,30,7,0,0
7/21/2016,2016,30,7,0,0
7/21/2016,2016,30,7,0,0
7/20/2016,2016,30,7,1,0
7/20/2016,2016,30,7,2,0
7/20/2016,2016,30,7,3,0
7/20/2016,2016,30,7,3,0
7/20/2016,2016,30,7,4,0
7/20/2016,2016,30,7,5,0
7/20/2016,2016,30,7,3,0
7/20/2016,2016,30,7,1,0
7/20/2016,2016,30,7,0,0
7/20/2016,2016,30,7,0,0
7/20/2016,2016,30,7,0,0
7/19/2016,2016,30,7,2,0
7/19/2016,2016,30,7,2,0
7/19/2016,2016,30,7,5,0
7/19/2016,2016,30,7,5,0
7/19/2016,2016,30,7,3,0
7/19/2016,2016,30,7,4,0
7/19/2016,2016,30,7,4,0
7/19/2016,2016,30,7,2,0
7/19/2016,2016,30,7,0,0
7/19/2016,2016,30,7,0,0
7/19/2016,2016,30,7,0,0
7/18/2016,2016,30,7,0,0
7/18/2016,2016,30,7,0,0
7/18/2016,2016,30,7,1,0
7/18/2016,2016,30,7,2,0
7/18/2016,2016,30,7,5,0
7/18/2016,2016,30,7,6,0
7/18/2016,2016,30,7,3,0
7/18/2016,2016,30,7,2,0
7/18/2016,2016,30,7,1,0
7/18/2016,2016,30,7,0,0
7/18/2016,2016,30,7,0,0
7/17/2016,2016,30,7,3,0
7/17/2016,2016,30,7,2,0
7/17/2016,2016,30,7,1,0
7/17/2016,2016,30,7,5,0
7/17/2016,2016,30,7,8,0
7/17/2016,2016,30,7,6,0
7/17/2016,2016,30,7,4,0
7/17/2016,2016,30,7,2,0
7/17/2016,2016,30,7,0,0
7/17/2016,2016,30,7,0,0
7/17/2016,2016,30,7,0,0
7/30/2016,2016,31,7,4,0
7/30/2016,2016,31,7,3,0
7/30/2016,2016,31,7,4,0
7/30/2016,2016,31,7,3,0
7/30/2016,2016,31,7,3,0
7/30/2016,2016,31,7,2,0
7/30/2016,2016,31,7,0,0
7/30/2016,2016,31,7,0,0
7/30/2016,2016,31,7,0,0
7/29/2016,2016,31,7,3,0
7/29/2016,2016,31,7,5,0
7/29/2016,2016,31,7,6,0
7/29/2016,2016,31,7,8,0
7/29/2016,2016,31,7,8,0
7/29/2016,2016,31,7,6,0
7/29/2016,2016,31,7,4,0
7/29/2016,2016,31,7,2,0
7/29/2016,2016,31,7,1,0
7/29/2016,2016,31,7,0,0
7/29/2016,2016,31,7,0,0
7/28/2016,2016,31,7,3,0
7/28/2016,2016,31,7,5,0
7/28/2016,2016,31,7,4,0
7/28/2016,2016,31,7,6,0
7/28/2016,2016,31,7,6,0
7/28/2016,2016,31,7,5,0
7/28/2016,2016,31,7,4,0
7/28/2016,2016,31,7,2,0
7/28/2016,2016,31,7,1,0
7/28/2016,2016,31,7,0,0
7/28/2016,2016,31,7,0,0
7/27/2016,2016,31,7,3,0
7/27/2016,2016,31,7,5,0
7/27/2016,2016,31,7,6,0
7/27/2016,2016,31,7,8,0
7/27/2016,2016,31,7,7,0
7/27/2016,2016,31,7,6,0
7/27/2016,2016,31,7,4,0
7/27/2016,2016,31,7,1,0
7/27/2016,2016,31,7,0,0
7/27/2016,2016,31,7,0,0
7/27/2016,2016,31,7,0,0
7/26/2016,2016,31,7,1,0
7/26/2016,2016,31,7,1,0
7/26/2016,2016,31,7,1,0
7/26/2016,2016,31,7,2,0
7/26/2016,2016,31,7,3,0
7/26/2016,2016,31,7,2,0
7/26/2016,2016,31,7,1,0
7/26/2016,2016,31,7,1,0
7/26/2016,2016,31,7,0,0
7/26/2016,2016,31,7,0,0
7/26/2016,2016,31,7,0,0
7/25/2016,2016,31,7,1,0
7/25/2016,2016,31,7,2,0
7/25/2016,2016,31,7,3,0
7/25/2016,2016,31,7,2,0
7/25/2016,2016,31,7,2,0
7/25/2016,2016,31,7,3,0
7/25/2016,2016,31,7,4,0
7/25/2016,2016,31,7,2,0
7/25/2016,2016,31,7,0,0
7/25/2016,2016,31,7,0,0
7/25/2016,2016,31,7,0,0
7/24/2016,2016,31,7,2,0
7/24/2016,2016,31,7,5,0
7/24/2016,2016,31,7,1,0
7/24/2016,2016,31,7,7,0
7/24/2016,2016,31,7,7,0
7/24/2016,2016,31,7,6,0
7/24/2016,2016,31,7,4,0
7/24/2016,2016,31,7,2,0
7/24/2016,2016,31,7,1,0
7/24/2016,2016,31,7,0,0
7/24/2016,2016,31,7,0,0
8/6/2016,2016,32,8,0,0
8/6/2016,2016,32,8,1,0
8/6/2016,2016,32,8,3,0
8/6/2016,2016,32,8,7,0
8/6/2016,2016,32,8,7,0
8/6/2016,2016,32,8,5,0
8/6/2016,2016,32,8,3,0
8/6/2016,2016,32,8,1,0
8/6/2016,2016,32,8,0,0
8/6/2016,2016,32,8,0,0
8/6/2016,2016,32,8,0,0
8/5/2016,2016,32,8,2,0
8/5/2016,2016,32,8,5,0
8/5/2016,2016,32,8,6,0
8/5/2016,2016,32,8,7,0
8/5/2016,2016,32,8,6,0
8/5/2016,2016,32,8,5,0
8/5/2016,2016,32,8,4,0
8/5/2016,2016,32,8,2,0
8/5/2016,2016,32,8,0,0
8/5/2016,2016,32,8,0,0
8/5/2016,2016,32,8,0,0
8/4/2016,2016,32,8,3,0
8/4/2016,2016,32,8,6,0
8/4/2016,2016,32,8,7,0
8/4/2016,2016,32,8,7,0
8/4/2016,2016,32,8,8,0
8/4/2016,2016,32,8,7,0
8/4/2016,2016,32,8,4,0
8/4/2016,2016,32,8,2,0
8/4/2016,2016,32,8,0,0
8/4/2016,2016,32,8,0,0
8/4/2016,2016,32,8,0,0
8/3/2016,2016,32,8,3,0
8/3/2016,2016,32,8,4,0
8/3/2016,2016,32,8,5,0
8/3/2016,2016,32,8,5,0
8/3/2016,2016,32,8,5,0
8/3/2016,2016,32,8,2,0
8/3/2016,2016,32,8,1,0
8/3/2016,2016,32,8,1,0
8/3/2016,2016,32,8,0,0
8/3/2016,2016,32,8,0,0
8/3/2016,2016,32,8,0,0
8/2/2016,2016,32,8,3,0
8/2/2016,2016,32,8,5,0
8/2/2016,2016,32,8,6,0
8/2/2016,2016,32,8,8,0
8/2/2016,2016,32,8,7,0
8/2/2016,2016,32,8,6,0
8/2/2016,2016,32,8,4,0
8/2/2016,2016,32,8,2,0
8/2/2016,2016,32,8,1,0
8/2/2016,2016,32,8,0,0
8/2/2016,2016,32,8,0,0
8/1/2016,2016,32,8,2,0
8/1/2016,2016,32,8,2,0
8/1/2016,2016,32,8,7,0
8/1/2016,2016,32,8,6,0
8/1/2016,2016,32,8,5,0
8/1/2016,2016,32,8,2,0
8/1/2016,2016,32,8,1,0
8/1/2016,2016,32,8,2,0
8/1/2016,2016,32,8,1,0
8/1/2016,2016,32,8,0,0
8/1/2016,2016,32,8,0,0
7/31/2016,2016,32,7,0,0
7/31/2016,2016,32,7,0,0
7/31/2016,2016,32,7,5,0
7/31/2016,2016,32,7,7,0
7/31/2016,2016,32,7,7,0
7/31/2016,2016,32,7,7,0
7/31/2016,2016,32,7,4,0
7/31/2016,2016,32,7,2,0
7/31/2016,2016,32,7,0,0
7/31/2016,2016,32,7,0,0
7/31/2016,2016,32,7,0,0
8/13/2016,2016,33,8,3,0
8/13/2016,2016,33,8,4,0
8/13/2016,2016,33,8,2,0
8/13/2016,2016,33,8,4,0
8/13/2016,2016,33,8,8,0
8/13/2016,2016,33,8,4,0
8/13/2016,2016,33,8,5,0
8/13/2016,2016,33,8,2,0
8/13/2016,2016,33,8,1,0
8/13/2016,2016,33,8,0,0
8/13/2016,2016,33,8,0,0
8/12/2016,2016,33,8,2,0
8/12/2016,2016,33,8,4,0
8/12/2016,2016,33,8,3,0
8/12/2016,2016,33,8,4,0
8/12/2016,2016,33,8,7,0
8/12/2016,2016,33,8,5,0
8/12/2016,2016,33,8,3,0
8/12/2016,2016,33,8,2,0
8/12/2016,2016,33,8,1,0
8/12/2016,2016,33,8,0,0
8/12/2016,2016,33,8,0,0
8/11/2016,2016,33,8,2,0
8/11/2016,2016,33,8,4,0
8/11/2016,2016,33,8,4,0
8/11/2016,2016,33,8,2,0
8/11/2016,2016,33,8,6,0
8/11/2016,2016,33,8,3,0
8/11/2016,2016,33,8,2,0
8/11/2016,2016,33,8,1,0
8/11/2016,2016,33,8,1,0
8/11/2016,2016,33,8,0,0
8/11/2016,2016,33,8,0,0
8/10/2016,2016,33,8,3,0
8/10/2016,2016,33,8,5,0
8/10/2016,2016,33,8,6,0
8/10/2016,2016,33,8,7,0
8/10/2016,2016,33,8,8,0
8/10/2016,2016,33,8,6,0
8/10/2016,2016,33,8,5,0
8/10/2016,2016,33,8,2,0
8/10/2016,2016,33,8,0,0
8/10/2016,2016,33,8,0,0
8/10/2016,2016,33,8,0,0
8/9/2016,2016,33,8,3,0
8/9/2016,2016,33,8,5,0
8/9/2016,2016,33,8,6,0
8/9/2016,2016,33,8,8,0
8/9/2016,2016,33,8,7,0
8/9/2016,2016,33,8,3,0
8/9/2016,2016,33,8,3,0
8/9/2016,2016,33,8,1,0
8/9/2016,2016,33,8,0,0
8/9/2016,2016,33,8,0,0
8/9/2016,2016,33,8,0,0
8/8/2016,2016,33,8,2,0
8/8/2016,2016,33,8,3,0
8/8/2016,2016,33,8,5,0
8/8/2016,2016,33,8,6,0
8/8/2016,2016,33,8,6,0
8/8/2016,2016,33,8,4,0
8/8/2016,2016,33,8,2,0
8/8/2016,2016,33,8,1,0
8/8/2016,2016,33,8,0,0
8/8/2016,2016,33,8,0,0
8/8/2016,2016,33,8,0,0
8/7/2016,2016,33,8,1,0
8/7/2016,2016,33,8,1,0
8/7/2016,2016,33,8,4,0
8/7/2016,2016,33,8,8,0
8/7/2016,2016,33,8,6,0
8/7/2016,2016,33,8,5,0
8/7/2016,2016,33,8,4,0
8/7/2016,2016,33,8,2,0
8/7/2016,2016,33,8,0,0
8/7/2016,2016,33,8,0,0
8/7/2016,2016,33,8,0,0
8/20/2016,2016,34,8,5,0
8/20/2016,2016,34,8,6,0
8/20/2016,2016,34,8,8,0
8/20/2016,2016,34,8,8,0
8/20/2016,2016,34,8,7,0
8/20/2016,2016,34,8,5,0
8/20/2016,2016,34,8,3,0
8/20/2016,2016,34,8,1,0
8/20/2016,2016,34,8,0,0
8/20/2016,2016,34,8,0,0
8/19/2016,2016,34,8,2,0
8/19/2016,2016,34,8,4,0
8/19/2016,2016,34,8,7,0
8/19/2016,2016,34,8,8,0
8/19/2016,2016,34,8,6,0
8/19/2016,2016,34,8,6,0
8/19/2016,2016,34,8,4,0
8/19/2016,2016,34,8,1,0
8/19/2016,2016,34,8,0,0
8/19/2016,2016,34,8,0,0
8/19/2016,2016,34,8,0,0
8/18/2016,2016,34,8,3,0
8/18/2016,2016,34,8,5,0
8/18/2016,2016,34,8,7,0
8/18/2016,2016,34,8,8,0
8/18/2016,2016,34,8,7,0
8/18/2016,2016,34,8,7,0
8/18/2016,2016,34,8,4,0
8/18/2016,2016,34,8,2,0
8/18/2016,2016,34,8,1,0
8/18/2016,2016,34,8,0,0
8/18/2016,2016,34,8,0,0
8/17/2016,2016,34,8,2,0
8/17/2016,2016,34,8,1,0
8/17/2016,2016,34,8,4,0
8/17/2016,2016,34,8,8,0
8/17/2016,2016,34,8,7,0
8/17/2016,2016,34,8,5,0
8/17/2016,2016,34,8,4,0
8/17/2016,2016,34,8,2,0
8/17/2016,2016,34,8,1,0
8/17/2016,2016,34,8,0,0
8/17/2016,2016,34,8,0,0
8/16/2016,2016,34,8,3,0
8/16/2016,2016,34,8,4,0
8/16/2016,2016,34,8,6,0
8/16/2016,2016,34,8,7,0
8/16/2016,2016,34,8,7,0
8/16/2016,2016,34,8,6,0
8/16/2016,2016,34,8,4,0
8/16/2016,2016,34,8,2,0
8/16/2016,2016,34,8,1,0
8/16/2016,2016,34,8,0,0
8/16/2016,2016,34,8,0,0
8/15/2016,2016,34,8,3,0
8/15/2016,2016,34,8,5,0
8/15/2016,2016,34,8,6,0
8/15/2016,2016,34,8,8,0
8/15/2016,2016,34,8,8,0
8/15/2016,2016,34,8,6,0
8/15/2016,2016,34,8,4,0
8/15/2016,2016,34,8,2,0
8/15/2016,2016,34,8,0,0
8/15/2016,2016,34,8,0,0
8/15/2016,2016,34,8,0,0
8/14/2016,2016,34,8,2,0
8/14/2016,2016,34,8,4,0
8/14/2016,2016,34,8,4,0
8/14/2016,2016,34,8,7,0
8/14/2016,2016,34,8,7,0
8/14/2016,2016,34,8,3,0
8/14/2016,2016,34,8,2,0
8/14/2016,2016,34,8,1,0
8/14/2016,2016,34,8,0,0
8/14/2016,2016,34,8,0,0
8/14/2016,2016,34,8,0,0
8/27/2016,2016,35,8,2,0
8/27/2016,2016,35,8,2,0
8/27/2016,2016,35,8,3,0
8/27/2016,2016,35,8,3,0
8/27/2016,2016,35,8,3,0
8/27/2016,2016,35,8,1,0
8/27/2016,2016,35,8,2,0
8/27/2016,2016,35,8,1,0
8/27/2016,2016,35,8,0,0
8/27/2016,2016,35,8,0,0
8/27/2016,2016,35,8,0,0
8/26/2016,2016,35,8,1,0
8/26/2016,2016,35,8,2,0
8/26/2016,2016,35,8,4,0
8/26/2016,2016,35,8,4,0
8/26/2016,2016,35,8,3,0
8/26/2016,2016,35,8,3,0
8/26/2016,2016,35,8,2,0
8/26/2016,2016,35,8,1,0
8/26/2016,2016,35,8,0,0
8/26/2016,2016,35,8,0,0
8/26/2016,2016,35,8,0,0
8/25/2016,2016,35,8,2,0
8/25/2016,2016,35,8,4,0
8/25/2016,2016,35,8,4,0
8/25/2016,2016,35,8,6,0
8/25/2016,2016,35,8,9,0
8/25/2016,2016,35,8,7,0
8/25/2016,2016,35,8,5,0
8/25/2016,2016,35,8,3,0
8/25/2016,2016,35,8,1,0
8/25/2016,2016,35,8,0,0
8/25/2016,2016,35,8,0,0
8/24/2016,2016,35,8,3,0
8/24/2016,2016,35,8,5,0
8/24/2016,2016,35,8,6,0
8/24/2016,2016,35,8,6,0
8/24/2016,2016,35,8,4,0
8/24/2016,2016,35,8,3,0
8/24/2016,2016,35,8,1,0
8/24/2016,2016,35,8,1,0
8/24/2016,2016,35,8,0,0
8/24/2016,2016,35,8,0,0
8/24/2016,2016,35,8,0,0
8/23/2016,2016,35,8,2,0
8/23/2016,2016,35,8,2,0
8/23/2016,2016,35,8,6,0
8/23/2016,2016,35,8,8,0
8/23/2016,2016,35,8,8,0
8/23/2016,2016,35,8,5,0
8/23/2016,2016,35,8,3,0
8/23/2016,2016,35,8,1,0
8/23/2016,2016,35,8,0,0
8/23/2016,2016,35,8,0,0
8/23/2016,2016,35,8,0,0
8/22/2016,2016,35,8,1,0
8/22/2016,2016,35,8,1,0
8/22/2016,2016,35,8,6,0
8/22/2016,2016,35,8,6,0
8/22/2016,2016,35,8,3,0
8/22/2016,2016,35,8,2,0
8/22/2016,2016,35,8,3,0
8/22/2016,2016,35,8,1,0
8/22/2016,2016,35,8,1,0
8/22/2016,2016,35,8,0,0
8/22/2016,2016,35,8,0,0
8/21/2016,2016,35,8,2,0
8/21/2016,2016,35,8,4,0
8/21/2016,2016,35,8,4,0
8/21/2016,2016,35,8,1,0
8/21/2016,2016,35,8,2,0
8/21/2016,2016,35,8,3,0
8/21/2016,2016,35,8,2,0
8/21/2016,2016,35,8,1,0
8/21/2016,2016,35,8,0,0
8/21/2016,2016,35,8,0,0
8/21/2016,2016,35,8,0,0
8/30/2016,2016,36,8,1,0
8/30/2016,2016,36,8,1,0
8/30/2016,2016,36,8,1,0
8/30/2016,2016,36,8,4,0
8/30/2016,2016,36,8,3,0
8/30/2016,2016,36,8,3,0
8/30/2016,2016,36,8,1,0
8/30/2016,2016,36,8,1,0
8/30/2016,2016,36,8,0,0
8/30/2016,2016,36,8,0,0
8/30/2016,2016,36,8,0,0
8/29/2016,2016,36,8,3,0
8/29/2016,2016,36,8,4,0
8/29/2016,2016,36,8,4,0
8/29/2016,2016,36,8,4,0
8/29/2016,2016,36,8,6,0
8/29/2016,2016,36,8,6,0
8/29/2016,2016,36,8,5,0
8/29/2016,2016,36,8,2,0
8/29/2016,2016,36,8,1,0
8/29/2016,2016,36,8,0,0
8/29/2016,2016,36,8,0,0
8/28/2016,2016,36,8,1,0
8/28/2016,2016,36,8,2,0
8/28/2016,2016,36,8,2,0
8/28/2016,2016,36,8,4,0
8/28/2016,2016,36,8,5,0
8/28/2016,2016,36,8,3,0
8/28/2016,2016,36,8,2,0
8/28/2016,2016,36,8,1,0
8/28/2016,2016,36,8,0,0
8/28/2016,2016,36,8,0,0
8/28/2016,2016,36,8,0,0
