YYYY-MM-DD,PSI North Daily,PSI South Daily,PS East Daily,PSI West Daily,PSI Central Daily
1/1/2014,34.83333333,29.79166667,31.41666667,27.83333333,29.04166667
2/1/2014,35.79166667,33.125,31.75,32.75,32
3/1/2014,37.75,31.875,33.75,33.58333333,31.58333333
4/1/2014,28.29166667,22.20833333,25.83333333,23.375,22.66666667
5/1/2014,21.33333333,17.83333333,21.41666667,17.33333333,18.20833333
6/1/2014,17.41666667,14.08333333,15.375,13.375,14.54166667
7/1/2014,34.66666667,31.66666667,32.125,30.375,28.95833333
8/1/2014,35.79166667,30.95833333,31.79166667,31.625,29.16666667
9/1/2014,26.625,19.66666667,21.70833333,22.20833333,18.5
10/1/2014,29.5,20.04166667,24.45833333,18.375,19.45833333
11/1/2014,26.25,19.375,22.875,15.70833333,18.58333333
12/1/2014,25.79166667,18.25,19.58333333,17.70833333,16.25
13/1/2014,27.625,24.08333333,23.54166667,22.875,21.875
14/1/2014,38.04166667,33.79166667,28.875,30.25,30.875
15/1/2014,38.91666667,35.29166667,29.83333333,33.08333333,32.375
16/1/2014,40.5,38.66666667,35.08333333,37.41666667,36.45833333
17/1/2014,36.625,33.58333333,33.70833333,34.04166667,32.79166667
18/1/2014,32,29.16666667,28.66666667,27.08333333,26.45833333
19/1/2014,31.45833333,29.79166667,29.29166667,29.125,25.75
20/1/2014,31.91666667,29.54166667,29.95833333,30.83333333,27.125
21/1/2014,32.66666667,29.875,32.58333333,31.66666667,27.33333333
22/1/2014,38.20833333,34.58333333,36.04166667,35.04166667,32.75
23/1/2014,37.54166667,40.91666667,39.5,40.54166667,38.45833333
24/1/2014,48.04166667,48.20833333,45.16666667,46.95833333,44.70833333
25/1/2014,46.04166667,45.04166667,42.75,44.58333333,42
26/1/2014,42.79166667,41.125,37.70833333,40.83333333,39.16666667
27/1/2014,35.79166667,36.33333333,32.04166667,35.625,34.79166667
28/1/2014,34.58333333,31.79166667,28.79166667,31,29.91666667
29/1/2014,34.625,29.79166667,26.45833333,29.54166667,26
30/1/2014,29.04166667,24.95833333,27.875,24.29166667,22.29166667
31/1/2014,28.75,26.45833333,25.04166667,25.375,23.79166667
1/2/2014,27.83333333,26,25.45833333,23.91666667,24
2/2/2014,25.33333333,22.95833333,22.25,25.04166667,21.54166667
3/2/2014,24.95833333,22.25,22.08333333,25.83333333,23.875
4/2/2014,29.54166667,26.83333333,24.875,27.25,25.20833333
5/2/2014,35.875,33.375,30.875,33.125,32.04166667
6/2/2014,31.08333333,27,24.04166667,28,26.125
7/2/2014,27.79166667,24.54166667,21.29166667,25.5,23.29166667
8/2/2014,37.91666667,33.83333333,30.04166667,35.66666667,32
9/2/2014,38.54166667,33.79166667,31.375,37.25,34.20833333
10/2/2014,33.75,32.95833333,29.375,33.91666667,31.95833333
11/2/2014,33.29166667,29.41666667,25.91666667,31.66666667,28.08333333
12/2/2014,33.25,29.29166667,27.125,31.08333333,26.04166667
13/2/2014,38.83333333,32.95833333,32.83333333,31.83333333,31.91666667
14/2/2014,36.70833333,33,29.70833333,31.20833333,31.41666667
15/2/2014,35.375,34,31.70833333,31.79166667,32.33333333
16/2/2014,35.625,34.95833333,32.29166667,33.29166667,35.66666667
17/2/2014,36.75,34.08333333,28.16666667,31.20833333,33.16666667
18/2/2014,41.58333333,37.95833333,27.20833333,32.16666667,35.5
19/2/2014,37.41666667,33.95833333,26.75,31.29166667,34.75
20/2/2014,31.41666667,26.83333333,25.375,31.125,24.66666667
21/2/2014,36.20833333,29.33333333,25.95833333,28.125,28.5
22/2/2014,37.79166667,32,29.75,29.66666667,30.16666667
23/2/2014,38.83333333,31.79166667,34.125,29.54166667,31.33333333
24/2/2014,35.58333333,35.58333333,32.625,31.79166667,33.625
25/2/2014,37.75,35.29166667,33.29166667,31.91666667,34.41666667
26/2/2014,37.33333333,35.375,33,29.91666667,34.08333333
27/2/2014,34.41666667,31.58333333,32.54166667,28.125,30.33333333
28/2/2014,36.5,33.95833333,35.16666667,26.5,31.375
1/3/2014,35.95833333,31.625,30.29166667,29.79166667,32.875
2/3/2014,34.625,29.70833333,29.33333333,31.58333333,29.83333333
3/3/2014,31,29.45833333,26.625,28.66666667,27.75
4/3/2014,45.25,40.25,40.08333333,39.25,38.79166667
5/3/2014,43.375,35.54166667,37.79166667,38.875,34.04166667
6/3/2014,36.79166667,28.58333333,28.54166667,28,30
7/3/2014,45.41666667,38.41666667,37.625,37.83333333,36.625
8/3/2014,52.25,50.04166667,46.70833333,43.375,45.54166667
9/3/2014,54,49.83333333,47.58333333,39.66666667,43.41666667
10/3/2014,46.66666667,40.70833333,46.33333333,39.75,39.54166667
11/3/2014,53.08333333,46.66666667,48.625,38.5,44.79166667
12/3/2014,69.95833333,61.5,55.08333333,39.75,62.08333333
13/3/2014,60.16666667,53.20833333,59,51.625,51.91666667
14/3/2014,66,60.75,57.45833333,52.75,56.875
15/3/2014,58.04166667,51.04166667,60.625,35.83333333,42.625
16/3/2014,36.875,28.83333333,34.95833333,24.20833333,25.91666667
17/3/2014,20.08333333,18.04166667,23.375,15.33333333,15.58333333
18/3/2014,29.125,22.79166667,21.375,24.91666667,19.75
19/3/2014,35.08333333,30.66666667,29.54166667,26.79166667,25.70833333
20/3/2014,42.83333333,29.83333333,29.29166667,30.66666667,32.75
21/3/2014,36.95833333,29.45833333,30.08333333,27.91666667,30.29166667
22/3/2014,43.95833333,36.79166667,31.04166667,33.91666667,36.16666667
23/3/2014,42.79166667,34.33333333,34.33333333,34.75,33.83333333
24/3/2014,31.83333333,28.375,31.125,26.875,27.625
25/3/2014,41.83333333,36.875,33.33333333,30.29166667,32.79166667
26/3/2014,41.70833333,37.91666667,36.20833333,29.41666667,33.04166667
27/3/2014,38.625,33.29166667,33.375,30.25,31.20833333
28/3/2014,51.91666667,43.25,36.54166667,30.41666667,43.16666667
29/3/2014,32.66666667,24.20833333,24.20833333,29.79166667,24.45833333
30/3/2014,34,28.16666667,30.375,34.25,27.625
31/3/2014,24.5,24.29166667,21.79166667,27.33333333,22.875
1/4/2014,57.95833333,55.79166667,56.83333333,64.79166667,57.75
2/4/2014,56.45833333,53.66666667,54.625,61.25,56.54166667
3/4/2014,55,52.79166667,51.5,58.33333333,52.83333333
4/4/2014,57.91666667,57.70833333,55.79166667,56.875,56.375
5/4/2014,63.29166667,62.95833333,64.79166667,59.04166667,64.625
6/4/2014,54.25,52.875,54.33333333,42.08333333,52.5
7/4/2014,47.41666667,44.375,51.04166667,45.79166667,47.625
8/4/2014,56.41666667,54.79166667,53.75,56.54166667,53.16666667
9/4/2014,61.33333333,55.25,59,57.58333333,57.66666667
10/4/2014,60.33333333,54.20833333,57.75,58.79166667,57
11/4/2014,62.66666667,56.75,59.45833333,60.5,57.95833333
12/4/2014,59.70833333,56.83333333,60.20833333,56.41666667,57.33333333
13/4/2014,59.54166667,55.75,56.16666667,57.375,56.875
14/4/2014,59.20833333,57.125,54.5,62.625,58.625
15/4/2014,68.45833333,65.5,66.125,64.20833333,64.95833333
16/4/2014,65.83333333,62.875,60.91666667,60.33333333,62.95833333
17/4/2014,70.16666667,65.08333333,65.66666667,65.625,67.70833333
18/4/2014,68.20833333,58.83333333,62.5,65.25,63.66666667
19/4/2014,67.16666667,58.58333333,61.45833333,60.45833333,60.75
20/4/2014,57.70833333,51.54166667,56.83333333,55.95833333,57.70833333
21/4/2014,61.125,60.33333333,61.33333333,57.29166667,59.75
22/4/2014,62.45833333,60.25,62.41666667,54.08333333,57.16666667
23/4/2014,63.58333333,61.58333333,64.08333333,59.79166667,60.91666667
24/4/2014,55,53.91666667,49.95833333,57.33333333,54.75
25/4/2014,62.83333333,58.04166667,63.04166667,62.125,60.70833333
26/4/2014,70.375,65.66666667,67.04166667,71.16666667,69.58333333
27/4/2014,61.08333333,55.41666667,54.83333333,65.45833333,60.375
28/4/2014,62.66666667,60.20833333,60.83333333,64.41666667,64.79166667
29/4/2014,62.54166667,60,61.70833333,59,61.79166667
30/4/2014,68.25,66.54166667,70.20833333,63.83333333,66.16666667
1/5/2014,63.91666667,50.875,53.08333333,62.875,58.04166667
2/5/2014,57.375,52.375,52,52.45833333,56.70833333
3/5/2014,52.875,45.95833333,41.75,53.66666667,47.79166667
4/5/2014,58.58333333,41.41666667,50.75,57.04166667,54.33333333
5/5/2014,54.625,52,52.625,59,54.66666667
6/5/2014,53.45833333,49.25,45.83333333,58.33333333,51.29166667
7/5/2014,54.20833333,52.125,51.125,55.08333333,51.375
8/5/2014,52.20833333,47.5,51.95833333,43.83333333,49.125
9/5/2014,68.91666667,62.66666667,62.91666667,64.41666667,66.875
10/5/2014,54.66666667,49.16666667,44.83333333,61.16666667,46.66666667
11/5/2014,56.54166667,51.66666667,52.625,57.79166667,52.5
12/5/2014,61.5,55.16666667,58.375,61.125,58.625
13/5/2014,62.625,58.875,57.33333333,58.625,58.91666667
14/5/2014,64.375,56.25,59.54166667,54.75,61.83333333
15/5/2014,57.66666667,51.875,49.45833333,50.66666667,53.83333333
16/5/2014,49.375,48.29166667,41.41666667,52.58333333,50.29166667
17/5/2014,52.20833333,48.45833333,42.75,51.54166667,51.375
18/5/2014,51.08333333,39.45833333,36.5,35.95833333,43.70833333
19/5/2014,52.375,42.79166667,45.25,43.45833333,47.58333333
20/5/2014,43.625,40.20833333,36.79166667,51.08333333,40.66666667
21/5/2014,61.54166667,58.58333333,57.70833333,55.54166667,58.33333333
22/5/2014,67.375,59.66666667,61.79166667,64.83333333,64.41666667
23/5/2014,42.5,38.29166667,38.16666667,48.95833333,41.91666667
24/5/2014,57.33333333,54.75,52.125,57.04166667,54.375
25/5/2014,51.625,39.83333333,37.375,52.33333333,42.33333333
26/5/2014,45.625,31.70833333,31.54166667,52.70833333,36
27/5/2014,64.70833333,58.41666667,59.41666667,54.08333333,55.875
28/5/2014,51.58333333,45.375,43.125,41.75,43.91666667
29/5/2014,56.25,51.375,51.79166667,56.04166667,51.16666667
30/5/2014,59.95833333,56.04166667,57.25,57.70833333,60.08333333
31/5/2014,54.625,48.45833333,51.83333333,47.625,53.04166667
1/6/2014,33.25,31.20833333,30.5,38.625,34.79166667
2/6/2014,48.33333333,42.08333333,40,52.33333333,42.54166667
3/6/2014,52.29166667,50.41666667,45.125,55.70833333,50.04166667
4/6/2014,53.20833333,47,42.95833333,54.04166667,50.125
5/6/2014,52.875,42.5,42.875,47.83333333,47.16666667
6/6/2014,50.25,44.79166667,43.58333333,40.75,43.375
7/6/2014,59.75,54.33333333,55.625,54.375,53.54166667
8/6/2014,43.45833333,40.58333333,34.08333333,48.91666667,36.58333333
9/6/2014,45.95833333,47.54166667,40.79166667,51.29166667,36.91666667
10/6/2014,59.54166667,51.625,51.95833333,61.625,52.20833333
11/6/2014,55,46.875,48.25,54.20833333,53.125
12/6/2014,47.20833333,41.41666667,45.375,51.16666667,48.08333333
13/6/2014,53.75,52.70833333,53.375,55.41666667,52.79166667
14/6/2014,47.5,49.41666667,51.16666667,54.41666667,50.79166667
15/6/2014,40.66666667,45.75,42.41666667,51.54166667,42.125
16/6/2014,52.125,51.125,51.91666667,52.79166667,50.79166667
17/6/2014,45.20833333,44.16666667,46.45833333,52.33333333,46.33333333
18/6/2014,45.58333333,46.54166667,42.54166667,51.70833333,47.125
19/6/2014,50.125,49.08333333,43.58333333,50.625,48.54166667
20/6/2014,51,48.875,47.45833333,52.5,50.95833333
21/6/2014,49.83333333,50.33333333,44.16666667,54.20833333,51.33333333
22/6/2014,57.75,55.75,56.66666667,57.625,57.04166667
23/6/2014,61.75,58.625,61.16666667,60.5,60.33333333
24/6/2014,62.79166667,59.5,63.45833333,64.16666667,62.41666667
25/6/2014,52.95833333,52.08333333,50.95833333,57.20833333,51.375
26/6/2014,43.91666667,46.91666667,40.29166667,53.375,43.83333333
27/6/2014,53.41666667,52.08333333,51.16666667,52.16666667,49.04166667
28/6/2014,55.58333333,53.66666667,52.04166667,55.625,53.58333333
29/6/2014,55.04166667,49.54166667,48.875,54.79166667,53.29166667
30/6/2014,57.20833333,52.375,53.83333333,54.70833333,55.25
1/7/2014,50.375,49.58333333,40.875,53.41666667,47.95833333
2/7/2014,57.5,51.83333333,51.25,59.29166667,53.875
3/7/2014,60.75,57.25,57.45833333,60.75,57.79166667
4/7/2014,59.16666667,57.83333333,57.91666667,61.95833333,57.625
5/7/2014,59.20833333,58.33333333,56.41666667,60.375,58.5
6/7/2014,58.25,57,52.75,57.375,55
7/7/2014,53.125,53.70833333,51.625,51.66666667,49.75
8/7/2014,53.66666667,52.95833333,49.66666667,52.58333333,50.58333333
9/7/2014,51.375,51.79166667,48.29166667,53.25,51.5
10/7/2014,47.125,42.41666667,43.16666667,54.16666667,43.83333333
11/7/2014,55.375,52.95833333,51.91666667,58.08333333,52.25
12/7/2014,56.41666667,54.04166667,53.91666667,53.25,53.375
13/7/2014,54.70833333,51.91666667,51.08333333,38.41666667,51.83333333
14/7/2014,51.20833333,50.70833333,45.79166667,52.95833333,42.95833333
15/7/2014,55.25,54.08333333,54.41666667,56.5,53
16/7/2014,56.04166667,53.20833333,54.125,56.54166667,52.41666667
17/7/2014,62.04166667,55.08333333,56.20833333,60.83333333,55.83333333
18/7/2014,57.66666667,54.20833333,54,57.33333333,55.58333333
19/7/2014,55.875,53.70833333,52.20833333,55.83333333,53
20/7/2014,53.83333333,52,49.79166667,54.79166667,51.95833333
21/7/2014,49,47.75,47,52.625,48.29166667
22/7/2014,45.16666667,45.33333333,44.95833333,52.58333333,46.41666667
23/7/2014,50.875,49.75,49.29166667,54.95833333,51.66666667
24/7/2014,55.66666667,54.41666667,55.375,58.125,54
25/7/2014,59.5,57.29166667,58.875,61.20833333,56.5
26/7/2014,59.91666667,56.625,56.20833333,59.66666667,55.29166667
27/7/2014,55.25,51.91666667,54.08333333,56.625,54.04166667
28/7/2014,54.20833333,50.875,52.95833333,55.29166667,54.375
29/7/2014,51.25,51.375,50.58333333,55.16666667,52.875
30/7/2014,55.41666667,54.54166667,50.875,55.75,54.25
31/7/2014,52.125,52.41666667,51.45833333,54.58333333,51.875
1/8/2014,40.25,36.125,34.04166667,40.16666667,35.375
2/8/2014,52.125,50.95833333,50.125,53.875,51.66666667
3/8/2014,57.5,55.375,56.20833333,57.70833333,56.04166667
4/8/2014,56.91666667,55.16666667,56.04166667,57.58333333,56.04166667
5/8/2014,49.25,52.25,50.08333333,54.70833333,51
6/8/2014,43.58333333,44.58333333,42.25,50.04166667,40.70833333
7/8/2014,39.875,41.25,36.91666667,45.375,37.5
8/8/2014,36.75,36.20833333,39.54166667,46.54166667,39.66666667
9/8/2014,39.08333333,35.91666667,32.125,41.20833333,38.79166667
10/8/2014,32.58333333,24.41666667,25.75,32,27.41666667
11/8/2014,36.875,34.66666667,29.41666667,39.79166667,31.54166667
12/8/2014,45.54166667,42.375,35.625,49.875,40.79166667
13/8/2014,51.58333333,49.54166667,44.70833333,52.25,50
14/8/2014,52.41666667,50.875,42.08333333,51.125,50.79166667
15/8/2014,48.16666667,47.875,41.79166667,50.29166667,46.08333333
16/8/2014,61.95833333,56.08333333,55.625,61.25,62
17/8/2014,58.875,55.04166667,54.625,61.04166667,56.91666667
18/8/2014,56.70833333,53.375,53.41666667,58.375,53.66666667
19/8/2014,57.91666667,55.5,55.875,59.58333333,56.33333333
20/8/2014,60.29166667,54.83333333,56.75,62.625,57.45833333
21/8/2014,60.66666667,57.54166667,57.04166667,62.875,58.5
22/8/2014,59.20833333,57.875,56.20833333,62.75,57.75
23/8/2014,52.125,41.58333333,39.375,53.625,43.5
24/8/2014,56.75,52.83333333,49.79166667,54.04166667,53.04166667
25/8/2014,57.33333333,57.875,56.75,58.875,56.70833333
26/8/2014,62.5,59.875,59.04166667,61.375,61.41666667
27/8/2014,57.33333333,55.29166667,55,56.5,56.41666667
28/8/2014,55.45833333,52.83333333,52.54166667,52.45833333,53.25
29/8/2014,53.45833333,52.83333333,49.91666667,52.70833333,51.45833333
30/8/2014,59.41666667,55.5,54.875,60.125,55
31/8/2014,57.54166667,52.83333333,53,58.83333333,53
1/9/2014,58.91666667,58.20833333,57.45833333,60.91666667,56.66666667
2/9/2014,61.95833333,59.91666667,60,64,60.08333333
3/9/2014,65.79166667,64.16666667,62.875,65.91666667,65.125
4/9/2014,69.16666667,67.125,64.16666667,66.66666667,66.25
5/9/2014,67.08333333,66.08333333,65.33333333,68.45833333,66.29166667
6/9/2014,56.04166667,53.375,54.04166667,47.95833333,53.79166667
7/9/2014,53.95833333,45.20833333,43.08333333,49.375,46.08333333
8/9/2014,62.79166667,61.33333333,61.91666667,61.375,61.41666667
9/9/2014,61.58333333,62.54166667,60.95833333,62.54166667,62.91666667
10/9/2014,63.75,62.95833333,63.04166667,61.875,62.125
11/9/2014,61.83333333,62.29166667,58.66666667,62.58333333,61.54166667
12/9/2014,67.375,63.66666667,61.875,67.58333333,66.45833333
13/9/2014,64.04166667,63.70833333,64.79166667,67.125,65.33333333
14/9/2014,64.29166667,64.25,65.375,72.54166667,63.79166667
15/9/2014,76.875,82.33333333,82.125,101.6666667,77.16666667
16/9/2014,66.875,68.16666667,66.83333333,74.33333333,67.16666667
17/9/2014,61.20833333,60.58333333,60.33333333,63.45833333,59.08333333
18/9/2014,88.875,92,88.66666667,91,86.79166667
19/9/2014,96.95833333,100.5,95.66666667,93.70833333,93.79166667
20/9/2014,67.16666667,66.45833333,65.875,70.04166667,66.08333333
21/9/2014,57.5,55.66666667,57.375,54.41666667,55.41666667
22/9/2014,84.875,78.875,82.45833333,81.41666667,82.66666667
23/9/2014,64.04166667,61.04166667,60.79166667,65.91666667,60.79166667
24/9/2014,67.875,67.04166667,66,70.83333333,65.125
25/9/2014,59.54166667,56.20833333,57.70833333,59.08333333,56.45833333
26/9/2014,63.70833333,58.83333333,60.75,65.66666667,59.95833333
27/9/2014,65.58333333,64.70833333,63.5,75.375,65.29166667
28/9/2014,68.875,66.20833333,66.625,76.83333333,67.75
29/9/2014,71.41666667,69.5,69.83333333,77.33333333,69.79166667
30/9/2014,72.29166667,71.20833333,70.08333333,76.83333333,69.625
1/10/2014,78.91666667,76.95833333,73.66666667,85.125,74.04166667
2/10/2014,70.16666667,72.875,69.54166667,76.20833333,68.5
3/10/2014,72.08333333,75.08333333,71.66666667,77.91666667,70.20833333
4/10/2014,67.16666667,67.58333333,68.16666667,70.33333333,65.375
5/10/2014,53.25,52.5,57.04166667,49.70833333,52.66666667
6/10/2014,60.79166667,66.5,66.04166667,62.625,61.75
7/10/2014,97.04166667,111.0833333,104.375,112.5833333,101.4583333
8/10/2014,74.16666667,76.20833333,74.58333333,80.58333333,73.33333333
9/10/2014,70.875,75.04166667,71.875,83.33333333,71
10/10/2014,61.41666667,60.20833333,60.54166667,66,57.70833333
11/10/2014,71.70833333,76.70833333,75.29166667,78.41666667,72.54166667
12/10/2014,87.25,100.5416667,95.29166667,97.75,90.75
13/10/2014,67.95833333,77.20833333,72.25,82.91666667,69.83333333
14/10/2014,67.83333333,67.25,65.83333333,76.33333333,66.45833333
15/10/2014,69.91666667,74.16666667,68.375,75.25,70.54166667
16/10/2014,64.83333333,66.16666667,63.33333333,77.66666667,64.79166667
17/10/2014,59.45833333,61.54166667,60.04166667,67.45833333,58.58333333
18/10/2014,66.70833333,68.75,68.33333333,66.79166667,66.83333333
19/10/2014,79.95833333,91.75,89.75,87.75,81.83333333
20/10/2014,84.91666667,86.33333333,84.625,98.79166667,80.29166667
21/10/2014,73.08333333,72.54166667,71.75,84.95833333,70.16666667
22/10/2014,63.04166667,65.58333333,65.95833333,67.33333333,63.25
23/10/2014,71.20833333,72.25,72,75.5,72.58333333
24/10/2014,74,74.875,73.58333333,76.16666667,73.33333333
25/10/2014,73.16666667,70.25,68.91666667,78,66.70833333
26/10/2014,64.29166667,61.95833333,63.20833333,67.58333333,59.625
27/10/2014,61.45833333,55.58333333,60.75,62.83333333,55.25
28/10/2014,58.45833333,62.33333333,63.75,59.08333333,59.45833333
29/10/2014,68,73.25,70.20833333,78.125,72.58333333
30/10/2014,69.625,64.91666667,66.25,73.45833333,64.375
31/10/2014,66.45833333,71.20833333,70.70833333,72.625,67.08333333
1/11/2014,69.41666667,68.83333333,65.70833333,63.83333333,66.29166667
2/11/2014,70.75,74.08333333,72.08333333,70.45833333,71.91666667
3/11/2014,99.29166667,104.875,95.95833333,108.0833333,96.41666667
4/11/2014,78.125,82.95833333,76.625,84.5,76.5
5/11/2014,67.95833333,69.83333333,71.95833333,73.04166667,68.54166667
6/11/2014,66.16666667,67.79166667,69.75,71.04166667,65.70833333
7/11/2014,59.79166667,59.25,58.5,56.375,55.25
8/11/2014,54.08333333,59.83333333,58.625,56.33333333,55.54166667
9/11/2014,43.375,45.70833333,46,42.25,43.79166667
10/11/2014,56.58333333,58.70833333,59.91666667,63.91666667,57.875
11/11/2014,64,60.54166667,58.41666667,67.75,56.91666667
12/11/2014,60.20833333,71.83333333,64.20833333,68.33333333,65.5
13/11/2014,60.125,62.875,58.75,61.58333333,60.29166667
14/11/2014,42.45833333,43.29166667,45.125,33,39.91666667
15/11/2014,44.375,33.16666667,40.16666667,27.08333333,32.70833333
16/11/2014,37.45833333,33.08333333,49.875,35.95833333,36.875
17/11/2014,43.58333333,43.79166667,49.79166667,40.625,46.08333333
18/11/2014,40.5,45.66666667,46.41666667,41.33333333,42.04166667
19/11/2014,49.45833333,45.91666667,49.83333333,48.70833333,42.375
20/11/2014,34.70833333,39.20833333,42.83333333,37.83333333,31.91666667
21/11/2014,46.375,44.5,45.375,43.20833333,45.04166667
22/11/2014,56.04166667,46.54166667,43.25,55.20833333,43.125
23/11/2014,50.83333333,41.75,45.5,52.08333333,45.29166667
24/11/2014,47.125,53.08333333,52.16666667,44.29166667,44.75
25/11/2014,41.08333333,52.625,53.75,44.33333333,44.16666667
26/11/2014,45.45833333,46.41666667,54.58333333,41.33333333,46.75
27/11/2014,50.2173913,50.7826087,55.39130435,42.86956522,45.60869565
28/11/2014,48.65217391,50.73913043,45.2173913,51.34782609,49.43478261
29/11/2014,39.66666667,34.29166667,38.91666667,35.29166667,33.625
30/11/2014,44.875,40.29166667,50.16666667,32.5,41.5
1/12/2014,45.7826087,50.43478261,51.91304348,42.2173913,53.95652174
2/12/2014,51.69565217,46.26086957,52.60869565,44.26086957,52.08695652
3/12/2014,57.43478261,57,57.91304348,51.86956522,55.30434783
4/12/2014,57.52173913,55.95652174,55.17391304,57.69565217,54.04347826
5/12/2014,57.34782609,60.08695652,59.52173913,56.95652174,58.52173913
6/12/2014,49.95652174,53.86956522,55.86956522,60.43478261,55.43478261
7/12/2014,43.52173913,41.56521739,52.91304348,48.43478261,38.30434783
8/12/2014,37.69565217,42.86956522,46.52173913,31.04347826,33.39130435
9/12/2014,45.58333333,50.54166667,50.66666667,46.25,39.66666667
10/12/2014,47.45833333,51.79166667,53.58333333,48.625,45.66666667
11/12/2014,53.75,53.5,54.83333333,53.79166667,47.33333333
12/12/2014,51.08333333,50.41666667,52.08333333,54.33333333,45.95833333
13/12/2014,41.79166667,41.66666667,43.33333333,50.45833333,39.375
14/12/2014,48.25,50.79166667,48.75,51.625,46.91666667
15/12/2014,39.16666667,41.5,47.41666667,40.41666667,34.25
16/12/2014,42.70833333,35.79166667,42.95833333,31.45833333,29.58333333
17/12/2014,36.45833333,39.95833333,41.125,40.04166667,31.70833333
18/12/2014,36.375,41.29166667,46.375,42.25,34.04166667
19/12/2014,31.25,28.5,36.54166667,27.625,26.29166667
20/12/2014,32.5,28.54166667,38.25,24.58333333,30.04166667
21/12/2014,29.58333333,27.20833333,39.125,23.75,26.79166667
22/12/2014,30.16666667,34.25,38.20833333,26.79166667,26.20833333
23/12/2014,31.875,43.29166667,41.70833333,28.95833333,31.04166667
24/12/2014,35.91666667,40.25,39.20833333,33.54166667,31.5
25/12/2014,46.08333333,44.83333333,44.04166667,49,35.20833333
26/12/2014,51.04166667,50,53.08333333,48.70833333,51.04166667
27/12/2014,39.20833333,35.70833333,50.54166667,29.125,37.70833333
28/12/2014,28.16666667,32.54166667,33.375,26.79166667,31.04166667
29/12/2014,24.33333333,23.83333333,26.45833333,21.41666667,20
30/12/2014,25.54166667,24.91666667,24.95833333,22.83333333,24.83333333
31/12/2014,45.20833333,40.95833333,48.66666667,44.83333333,36.66666667
1/1/2015,52.70833333,53.83333333,55.16666667,54.79166667,51.54166667
2/1/2015,55.66666667,54.41666667,58.16666667,56.33333333,50.16666667
3/1/2015,57,55.75,63.375,57.875,52.625
4/1/2015,46.125,45.66666667,53.16666667,48.33333333,41.79166667
5/1/2015,32.58333333,38.08333333,42.625,38.5,32.33333333
6/1/2015,48.75,48.54166667,53.29166667,44.08333333,38.125
7/1/2015,35.54166667,40.45833333,41.5,37.91666667,31.58333333
8/1/2015,40.125,35.16666667,43.95833333,32,28.20833333
9/1/2015,31.04166667,33.04166667,34.875,25.54166667,26.5
10/1/2015,28.58333333,28.25,37.20833333,26.41666667,25.33333333
11/1/2015,33.66666667,34.95833333,48.875,35.45833333,30.16666667
12/1/2015,40.25,42.5,46.66666667,40.16666667,31.41666667
13/1/2015,39.04166667,40.70833333,50.5,43.95833333,34.58333333
14/1/2015,35.875,35.375,39.875,41.25,28.5
15/1/2015,42.5,41,52.08333333,42.125,29.58333333
16/1/2015,51.5,44.16666667,54.25,46.58333333,37.20833333
17/1/2015,53.91666667,51.41666667,57.29166667,54,48.25
18/1/2015,49.875,46.58333333,52.95833333,51.20833333,39.375
19/1/2015,48.20833333,51.95833333,54.79166667,53.29166667,44.08333333
20/1/2015,53.29166667,55.91666667,56.20833333,57.66666667,51.58333333
21/1/2015,56.79166667,59.04166667,61.54166667,61.41666667,55.75
22/1/2015,57.625,61.91666667,62.66666667,62,59.16666667
23/1/2015,59.16666667,62.08333333,63.70833333,62.04166667,60.08333333
24/1/2015,52.70833333,54.125,56.125,56.04166667,54
25/1/2015,62.875,70.875,68.875,69.125,66.625
26/1/2015,64.54166667,71.45833333,68.79166667,68.33333333,66.33333333
27/1/2015,56.25,60.79166667,60.375,62.29166667,58.875
28/1/2015,51.95833333,52.45833333,53.875,57.20833333,53.08333333
29/1/2015,42.125,48.20833333,48.83333333,54.66666667,44.16666667
30/1/2015,29.33333333,40.33333333,39.79166667,43.41666667,31.04166667
31/1/2015,40.33333333,37.04166667,47.08333333,47.08333333,35.66666667
1/2/2015,39.625,40,51.625,45.45833333,33.29166667
2/2/2015,45.58333333,45.33333333,54.54166667,51.33333333,35.79166667
3/2/2015,54.83333333,48.83333333,57.04166667,52.29166667,37.83333333
4/2/2015,35.91666667,35.95833333,47.79166667,35.66666667,31.08333333
5/2/2015,35.79166667,47.91666667,50.83333333,49.20833333,35.20833333
6/2/2015,37.54166667,48.25,46.91666667,47.875,35.875
7/2/2015,48.875,48.83333333,52.375,49.16666667,39.66666667
8/2/2015,55.875,55.25,56.54166667,54.5,51.25
9/2/2015,54.54166667,54.58333333,55.91666667,53.25,53.25
10/2/2015,55.16666667,53.41666667,54.875,55.08333333,49.125
11/2/2015,54.25,55.25,60.54166667,57.04166667,53.58333333
12/2/2015,59.41666667,60.125,67.20833333,64.95833333,59.95833333
13/2/2015,56.66666667,59.75,78.45833333,62.20833333,57.875
14/2/2015,55.45833333,58.54166667,75.04166667,61.70833333,56.5
15/2/2015,55.66666667,69.54166667,64.25,59.70833333,56.375
16/2/2015,54.29166667,62.20833333,61.25,59.625,55.58333333
17/2/2015,53.75,59.79166667,57.29166667,57.66666667,55.5
18/2/2015,50.08333333,53.375,53.45833333,52.58333333,50
19/2/2015,47.45833333,40.66666667,52.66666667,35.41666667,41.875
20/2/2015,31.83333333,29.66666667,41.54166667,34.625,33.16666667
21/2/2015,43.54166667,46.20833333,49.375,48.70833333,46.95833333
22/2/2015,39.125,40.45833333,49.54166667,46.45833333,41.66666667
23/2/2015,34.58333333,37.83333333,51.625,46.5,37.54166667
24/2/2015,41.125,53.58333333,52.75,53.125,49
25/2/2015,44.58333333,52.20833333,53.04166667,53.125,49.20833333
26/2/2015,48.625,52.29166667,52.70833333,55.75,52.75
27/2/2015,52.625,53.16666667,53.875,55.25,53.29166667
28/2/2015,40.70833333,49.875,52.08333333,49.25,49.54166667
1/3/2015,44.16666667,40.95833333,50.33333333,41.54166667,38.875
2/3/2015,43.625,37.75,46.75,49.08333333,39.79166667
3/3/2015,50.58333333,53.375,55.58333333,57.25,44.625
4/3/2015,51.375,54.79166667,56.45833333,58.04166667,51.58333333
5/3/2015,53.25,55.54166667,57,60.08333333,55.875
6/3/2015,57.16666667,59.08333333,60.45833333,64.5,60.375
7/3/2015,54.95833333,57.625,57.83333333,61.41666667,56.41666667
8/3/2015,45.29166667,43.33333333,49.75,52.20833333,42.29166667
9/3/2015,43.04166667,41,50.08333333,46.04166667,32.04166667
10/3/2015,50.875,49,51.83333333,47.41666667,40.83333333
11/3/2015,44.33333333,42.33333333,45.83333333,46.95833333,42.66666667
12/3/2015,44.45833333,46.70833333,50.20833333,47.16666667,41.75
13/3/2015,44.29166667,52.29166667,48.375,51.58333333,50.125
14/3/2015,44.125,44.08333333,46.58333333,53.125,44.125
15/3/2015,44.45833333,38.375,42.58333333,49.45833333,40.29166667
16/3/2015,47.375,44.45833333,47.83333333,51.54166667,43.75
17/3/2015,56.5,55.95833333,55.41666667,61.20833333,53.79166667
18/3/2015,58.45833333,55.70833333,55.5,65.08333333,53.91666667
19/3/2015,59.70833333,56.29166667,58.33333333,65.91666667,57.54166667
20/3/2015,66.08333333,67.20833333,71.625,73.375,66.875
21/3/2015,76,75.66666667,73.66666667,82.5,75.29166667
22/3/2015,67.08333333,68.41666667,70.45833333,74.29166667,68.70833333
23/3/2015,63.20833333,63.16666667,64.5,68.25,62.5
24/3/2015,62.375,58.625,61.41666667,65.58333333,61.625
25/3/2015,57.875,52.41666667,53.125,56.83333333,54.54166667
26/3/2015,52.45833333,51.45833333,50.41666667,54.79166667,51.25
27/3/2015,50.41666667,53.29166667,52.04166667,54.95833333,53
28/3/2015,48.5,57.16666667,51.625,52.58333333,49.25
29/3/2015,53.375,57.29166667,52.79166667,54.58333333,46.16666667
30/3/2015,54.70833333,55.58333333,51.91666667,50.29166667,45.5
31/3/2015,54.79166667,52.95833333,54.125,55.25,50.75
1/4/2015,56.66666667,54.79166667,54.58333333,54.04166667,53
2/4/2015,51.54166667,53.08333333,55.08333333,46.29166667,52.20833333
3/4/2015,56.5,56.875,58,51.16666667,55.29166667
4/4/2015,61.95833333,64.58333333,65.125,60.66666667,62.91666667
5/4/2015,60.79166667,59.58333333,56.20833333,64,58
6/4/2015,58.33333333,59.04166667,53.83333333,62.625,58.45833333
7/4/2015,57.5,56.625,57,63.75,60.83333333
8/4/2015,40.83333333,45.58333333,39.04166667,52.20833333,42.5
9/4/2015,42.33333333,52.20833333,36.375,52.41666667,38.75
10/4/2015,43.25,46.79166667,40.5,49.04166667,39.08333333
11/4/2015,40.33333333,37.45833333,38.29166667,45.875,36.33333333
12/4/2015,55.41666667,52.54166667,56.5,59.45833333,49.91666667
13/4/2015,52.20833333,53.45833333,53.54166667,57.45833333,52.41666667
14/4/2015,52.29166667,52.54166667,51.66666667,56.16666667,53.125
15/4/2015,44.70833333,45.79166667,41.54166667,51.125,42.83333333
16/4/2015,51.29166667,40.20833333,36.54166667,49.75,33.04166667
17/4/2015,53.75,46.875,45.16666667,54.83333333,47.20833333
18/4/2015,57.08333333,53.58333333,52.5,57.45833333,53
19/4/2015,56.125,60.45833333,52.91666667,62.16666667,56.25
20/4/2015,60.125,62.41666667,59.45833333,59.5,60.29166667
21/4/2015,70.66666667,61.25,64.5,76.25,66.875
22/4/2015,62.875,63.29166667,63.20833333,61.16666667,61.125
23/4/2015,59.16666667,59.25,64.16666667,51.41666667,57.91666667
24/4/2015,58.08333333,61.125,59.45833333,49.5,59.66666667
25/4/2015,56.375,49.66666667,57.45833333,42.91666667,54.29166667
26/4/2015,47.04166667,44.375,42.5,47.25,45.125
27/4/2015,51.16666667,45.375,49.58333333,42.29166667,41.875
28/4/2015,58.79166667,59.79166667,62.83333333,60.375,57.58333333
29/4/2015,52.91666667,51.95833333,57.79166667,51.375,54.58333333
30/4/2015,52.625,54.625,55.375,52.45833333,54.66666667
1/5/2015,56,57.375,59.29166667,56,56.95833333
2/5/2015,54.54166667,57.54166667,57.83333333,53.125,55.875
3/5/2015,51.04166667,43.83333333,48.58333333,39.04166667,49.91666667
4/5/2015,53.375,44.83333333,45.08333333,44.33333333,48.25
5/5/2015,67.70833333,65.33333333,69.125,66.25,61.41666667
6/5/2015,62.41666667,53.29166667,52.83333333,63.41666667,62.625
7/5/2015,57.45833333,56.29166667,52.04166667,63.58333333,55.83333333
8/5/2015,58.54166667,51.54166667,48.25,61.04166667,48.79166667
9/5/2015,43.54166667,38.79166667,34,41.25,39.16666667
10/5/2015,40.875,44.75,37,45.83333333,38.25
11/5/2015,49.29166667,46.70833333,44.95833333,53.125,39.54166667
12/5/2015,47.125,43.79166667,36.66666667,50.25,37.33333333
13/5/2015,55.20833333,50.58333333,47.83333333,56.16666667,43.70833333
14/5/2015,53.625,43.375,41.08333333,55.83333333,40.45833333
15/5/2015,59.375,54.04166667,55.125,54,53.29166667
16/5/2015,55.125,42.29166667,40.58333333,54.95833333,44.875
17/5/2015,33.875,24.83333333,27.875,40,28.16666667
18/5/2015,50.04166667,39.79166667,49.95833333,54.29166667,49.625
19/5/2015,63.79166667,45.625,49.375,58.95833333,51.41666667
20/5/2015,54.625,43.70833333,45.75,53.91666667,41.625
21/5/2015,57.33333333,54.04166667,52.875,60.75,53.16666667
22/5/2015,58.29166667,52.58333333,52.625,58.33333333,51.25
23/5/2015,57.875,53.375,53.5,55.125,51.91666667
24/5/2015,54.875,54.33333333,55.83333333,53.5,54.16666667
25/5/2015,53.29166667,40.33333333,44.375,53.70833333,41.70833333
26/5/2015,59.83333333,50.04166667,42.29166667,55.08333333,40.625
27/5/2015,55.54166667,54.79166667,52.70833333,56.625,53.95833333
28/5/2015,56,48.375,44,53.875,46.66666667
29/5/2015,40.83333333,38.83333333,31.04166667,41.58333333,32.70833333
30/5/2015,32.20833333,32.79166667,29.54166667,40.79166667,30.04166667
31/5/2015,42.875,32.29166667,35.75,49.375,34.04166667
1/6/2015,54.45833333,50.33333333,52.625,55,51.70833333
2/6/2015,52.29166667,46.66666667,42.20833333,60.625,43.70833333
3/6/2015,54.54166667,51.20833333,53.83333333,51,51.625
4/6/2015,47.29166667,49.66666667,45.29166667,52.33333333,42.16666667
5/6/2015,54.08333333,52.79166667,51.04166667,55.91666667,50.5
6/6/2015,57.95833333,52.5,50.625,61.54166667,51.70833333
7/6/2015,56.16666667,52.83333333,49,54.04166667,53.375
8/6/2015,49.75,41.75,28.66666667,38.25,36.91666667
9/6/2015,53.45833333,55.375,57.25,53,54.83333333
10/6/2015,51.125,48.625,45.16666667,40.04166667,48
11/6/2015,49.75,38.29166667,33.20833333,39.16666667,32.54166667
12/6/2015,54.83333333,40.45833333,34.54166667,54.625,31.91666667
13/6/2015,47.5,38.5,32.16666667,40.25,33.54166667
14/6/2015,47.79166667,49.75,45.25,43.25,50.70833333
15/6/2015,44,38.29166667,37.83333333,41.04166667,38.08333333
16/6/2015,57.33333333,57.16666667,55.95833333,57.54166667,53.5
17/6/2015,59.16666667,58.08333333,56.33333333,61.5,55.75
18/6/2015,58.5,56.08333333,54.41666667,60.875,53.83333333
19/6/2015,52.29166667,52.95833333,50.54166667,55.125,48.125
20/6/2015,46.625,39.16666667,43.04166667,48.08333333,33.91666667
21/6/2015,42.20833333,37,44.29166667,52.41666667,33.5
22/6/2015,51.16666667,46.04166667,50.125,54.25,41.91666667
23/6/2015,55.5,56,54.95833333,59.04166667,52.91666667
24/6/2015,56.20833333,55.5,57.25,60.83333333,55.04166667
25/6/2015,57.875,57.91666667,59.04166667,63.08333333,55.66666667
26/6/2015,55.125,55.20833333,54.5,58.75,52.375
27/6/2015,50.08333333,45.91666667,49.20833333,55.66666667,42.45833333
28/6/2015,41.08333333,37.41666667,42.95833333,51.625,34.45833333
29/6/2015,49.25,49.33333333,50.75,54.66666667,44.625
30/6/2015,55.75,55.91666667,55.45833333,59.08333333,53.25
1/7/2015,60.79166667,59.16666667,58.83333333,61.58333333,57
2/7/2015,66.75,65.41666667,65.83333333,68.29166667,62.41666667
3/7/2015,67.08333333,65.75,65.125,69.16666667,61.45833333
4/7/2015,60.54166667,61.70833333,60.95833333,67.33333333,57.95833333
5/7/2015,64.29166667,61,60.75,67.125,59.125
6/7/2015,65.83333333,62.625,63.625,68.91666667,61.04166667
7/7/2015,62.66666667,61.45833333,61.54166667,68.95833333,59.79166667
8/7/2015,62.29166667,61.25,62.33333333,67.33333333,60.58333333
9/7/2015,64.41666667,67.70833333,65.20833333,69.29166667,66
10/7/2015,66.45833333,72.25,69.875,71.04166667,69.95833333
11/7/2015,62.875,61.20833333,58.45833333,63.95833333,58.79166667
12/7/2015,55.08333333,50.75,53.16666667,60.08333333,51.29166667
13/7/2015,51.95833333,49.75,51.70833333,57.58333333,47.625
14/7/2015,51.91666667,49.83333333,47.08333333,51.70833333,40.875
15/7/2015,42.58333333,43.29166667,37.625,46.20833333,32
16/7/2015,52.29166667,54.91666667,52,54.33333333,46.20833333
17/7/2015,51.66666667,52.58333333,52.04166667,55.54166667,42.25
18/7/2015,50.70833333,48.625,51.33333333,54.25,43.70833333
19/7/2015,50.25,42.91666667,50.70833333,53.83333333,40.125
20/7/2015,49.66666667,42.45833333,45.75,53.33333333,37.66666667
21/7/2015,49.125,48.125,45.5,53.875,38.875
22/7/2015,56.5,52.20833333,49.95833333,57.41666667,43.20833333
23/7/2015,52.25,52.33333333,50.75,54.375,41.125
24/7/2015,52.08333333,52.375,46.95833333,57.25,43.5
25/7/2015,55.08333333,54.125,50.75,61.91666667,49.875
26/7/2015,47.45833333,53.66666667,47.04166667,56.91666667,40.70833333
27/7/2015,54.875,54.20833333,50.5,57.95833333,45.625
28/7/2015,51.58333333,53.83333333,49.58333333,57.95833333,44.125
29/7/2015,34.41666667,40.375,32.75,40.58333333,30.54166667
30/7/2015,44.04166667,49.25,41.75,50.66666667,38.75
31/7/2015,60.5,53.45833333,51.33333333,60.91666667,47.375
1/8/2015,59.20833333,58.41666667,56.75,59.91666667,55.41666667
2/8/2015,55.45833333,48.20833333,48.95833333,55.875,49.125
3/8/2015,44.41666667,41.25,40.625,46.375,34.54166667
4/8/2015,52.33333333,47.5,44,46.91666667,46
5/8/2015,56.08333333,53.16666667,53.25,55.16666667,52.70833333
6/8/2015,57.25,53.625,53.95833333,57.45833333,52
7/8/2015,58.79166667,53.625,54.54166667,62.04166667,53.54166667
8/8/2015,56.29166667,55.16666667,54.91666667,61.54166667,54.20833333
9/8/2015,54.25,55.29166667,53.66666667,55.66666667,52.75
10/8/2015,60.16666667,58.79166667,58.66666667,60.91666667,55.875
11/8/2015,56.54166667,57.375,58.54166667,61.125,54.08333333
12/8/2015,57.70833333,55.91666667,58.79166667,58.25,54.08333333
13/8/2015,60.33333333,57.79166667,57.375,64.91666667,56.70833333
14/8/2015,59.5,54.375,53.20833333,60.75,51.16666667
15/8/2015,56.79166667,54.58333333,52.33333333,59.5,51.54166667
16/8/2015,56.75,55.54166667,48.83333333,57.91666667,51.91666667
17/8/2015,55,54.45833333,52.70833333,58.79166667,50
18/8/2015,57.79166667,56.58333333,56.91666667,61.08333333,53.58333333
19/8/2015,60.45833333,61.41666667,61.625,65.91666667,58.75
20/8/2015,72.33333333,69.33333333,68.125,77.75,65.58333333
21/8/2015,76.16666667,71.41666667,69.58333333,77.70833333,69.54166667
22/8/2015,78.45833333,82.83333333,75.16666667,79.625,76.79166667
23/8/2015,78.33333333,78.5,73.79166667,80.08333333,73.125
24/8/2015,76.75,73.83333333,74.08333333,77,70.33333333
25/8/2015,81.33333333,82.25,79.41666667,84.875,76.75
26/8/2015,79.70833333,76.16666667,73.91666667,80.125,72.95833333
27/8/2015,69.70833333,64.20833333,64.625,72.58333333,62.41666667
28/8/2015,64.66666667,66.45833333,66.54166667,68.66666667,63.41666667
29/8/2015,68.625,74.29166667,72.04166667,74.08333333,68.33333333
30/8/2015,63.375,65.79166667,64.625,67.29166667,61.625
31/8/2015,56.70833333,57.5,57.625,59,54.75
1/9/2015,64.33333333,63.25,64.375,66.25,59.58333333
2/9/2015,80.54166667,77.16666667,78.5,79.25,72.79166667
3/9/2015,83.54166667,84.45833333,85.04166667,84.54166667,77.25
4/9/2015,80.54166667,84.29166667,81.33333333,86.16666667,76.70833333
5/9/2015,82.75,86.95833333,83.75,82.70833333,80.20833333
6/9/2015,94.79166667,98.79166667,92.29166667,99.08333333,91.54166667
7/9/2015,88.54166667,83.45833333,80.33333333,92.25,79.08333333
8/9/2015,100.9166667,93.91666667,88.58333333,100.25,87.66666667
9/9/2015,87.875,84.29166667,81.66666667,87.5,77.79166667
10/9/2015,109.8333333,110.375,108.0833333,104.4166667,100.0833333
11/9/2015,146.75,160.25,148.9166667,151.6666667,139.4166667
12/9/2015,85.29166667,86.83333333,81.29166667,92.95833333,79
13/9/2015,129.7916667,135.7916667,130.7916667,138.2916667,118.5416667
14/9/2015,137.4583333,149.6666667,135.625,156.625,129.25
15/9/2015,128.4166667,137.5833333,120.2916667,145.5,121.7916667
16/9/2015,107.125,111.625,99.91666667,121,100.7083333
17/9/2015,83.75,82.91666667,78.79166667,93.83333333,76.54166667
18/9/2015,80.875,79.91666667,77.91666667,84.54166667,73.95833333
19/9/2015,128.1666667,133.375,126.9166667,132.9166667,112.75
20/9/2015,92,96.66666667,93.70833333,100.5833333,85.125
21/9/2015,78.33333333,79.625,78.5,87.125,74.125
22/9/2015,84.70833333,89.75,80.91666667,95.04166667,78.91666667
23/9/2015,98.75,104.0833333,89.625,117.9583333,90.41666667
24/9/2015,182.6666667,214.375,196.875,195.125,177.1666667
25/9/2015,262.1666667,278.7916667,250.25,275.1666667,232.2083333
26/9/2015,122.1666667,108.25,103.5833333,122.7916667,101.625
27/9/2015,81.16666667,79.95833333,76.16666667,84.04166667,74.08333333
28/9/2015,147.375,142.5833333,125.5416667,157.2916667,126.0416667
29/9/2015,169.4166667,191.4166667,182.4583333,205.3333333,156.9166667
30/9/2015,157.375,167.1666667,165.1666667,172.9166667,138.9166667
1/10/2015,167,191.3333333,179.1666667,172.8333333,150.25
2/10/2015,131.8333333,140.8333333,134.875,146.625,113.9583333
3/10/2015,147.375,159.4166667,144.5833333,162.875,129.9166667
4/10/2015,120.0416667,121.7083333,113.7916667,127.2916667,106.7083333
5/10/2015,113.8333333,129.1666667,126.625,113.1666667,107.7916667
6/10/2015,153.6666667,176.75,167.0833333,168.125,137.8333333
7/10/2015,115.7916667,128.7083333,121.2916667,124.625,103.9583333
8/10/2015,78.375,81.625,74.83333333,79.125,70
9/10/2015,83.875,86.5,80.125,89.79166667,77.95833333
10/10/2015,85.54166667,89.16666667,87.54166667,88.04166667,80.58333333
11/10/2015,82.5,86.33333333,83.375,88.83333333,77.79166667
12/10/2015,102.2916667,110.5,105.125,111.6666667,96.33333333
13/10/2015,113.75,129.5833333,122.625,122.8333333,109.7916667
14/10/2015,106.5416667,112.75,106.1666667,112.4583333,98.625
15/10/2015,79.20833333,83.95833333,80.91666667,89.41666667,75
16/10/2015,100.2083333,101.625,99.16666667,101.9166667,91.08333333
17/10/2015,101.75,101.9166667,96.25,102.125,90.33333333
18/10/2015,97.54166667,100.3333333,89.79166667,109.0833333,90.33333333
19/10/2015,128.5833333,136.5833333,124.625,145.7083333,117.7916667
20/10/2015,101.125,129.1666667,100.7083333,162.5,98.91666667
21/10/2015,107.9583333,112.9583333,107.2916667,117.7083333,100.4166667
22/10/2015,92.04166667,91.79166667,89.75,100.25,84.875
23/10/2015,104.2916667,113.4166667,109.4583333,113.7916667,99.16666667
24/10/2015,188.9583333,211.2083333,198.5,207.3333333,172.625
25/10/2015,140.125,155.7083333,144.1666667,154.8333333,130.0416667
26/10/2015,145.2083333,163.5,157.6666667,155.5833333,135.7916667
27/10/2015,141.0833333,154.1666667,149.9166667,158.2083333,130
28/10/2015,99.83333333,108.2916667,96.75,108.5416667,92.125
29/10/2015,63.375,67.54166667,66.29166667,69,59.08333333
30/10/2015,52.79166667,55.04166667,54.375,57.04166667,49.45833333
31/10/2015,45.875,55.54166667,54.04166667,54.54166667,47.625
1/11/2015,56.45833333,63.25,62.08333333,60,56.75
2/11/2015,55.04166667,62.08333333,59.25,59.375,56.625
3/11/2015,54.75,56.41666667,57.54166667,59.5,53.54166667
4/11/2015,59.16666667,57.08333333,63.125,60.79166667,54.95833333
5/11/2015,76.08333333,76.375,82.33333333,70.83333333,71.08333333
6/11/2015,83.79166667,85.33333333,89.125,78.58333333,77.5
7/11/2015,68.83333333,65.91666667,76.54166667,57.04166667,61.625
8/11/2015,61.45833333,70,67.66666667,61.95833333,62.54166667
9/11/2015,79.875,87.625,82.75,83.25,77.70833333
10/11/2015,82.5,79.25,76.41666667,84.20833333,76.45833333
11/11/2015,58.95833333,61.875,57.79166667,62.5,58
12/11/2015,64.95833333,68.5,66.16666667,67,67.58333333
13/11/2015,64.875,68.125,63.16666667,70.66666667,65.83333333
14/11/2015,55.125,61.125,56.58333333,64.5,58.875
15/11/2015,47.125,53,52.04166667,56,51.79166667
16/11/2015,40.375,31.33333333,39.91666667,32.04166667,36.375
17/11/2015,36,36.41666667,42.54166667,32.91666667,39.91666667
18/11/2015,52.33333333,51.29166667,54.83333333,58.75,59.58333333
19/11/2015,51.58333333,42.16666667,50.875,56.66666667,50.41666667
20/11/2015,50.79166667,48.04166667,53.125,58.54166667,51.08333333
21/11/2015,38.29166667,40.375,49.75,33.29166667,44.75
22/11/2015,47.45833333,47.5,55.20833333,48.25,55.75
23/11/2015,57.33333333,48.875,62.83333333,46.125,64.54166667
24/11/2015,63.5,57.33333333,69.66666667,63.83333333,67.41666667
25/11/2015,61.66666667,58.33333333,72.375,61.83333333,67.125
26/11/2015,46.45833333,42.54166667,53.25,44.25,47.875
27/11/2015,34.70833333,28.625,41.79166667,29.54166667,27.58333333
28/11/2015,42.70833333,33.33333333,47.625,36.20833333,39.41666667
29/11/2015,54.125,46.125,48.33333333,56.54166667,55.125
30/11/2015,50.33333333,40.375,44.29166667,54.375,48.66666667
1/12/2015,41.75,37.95833333,50.58333333,41.70833333,43.75
2/12/2015,45.375,35.33333333,53.20833333,37.83333333,40.04166667
3/12/2015,42.5,40.91666667,52.29166667,43.875,42.70833333
4/12/2015,50.58333333,49.20833333,53.95833333,55.41666667,52.875
5/12/2015,48.54166667,37.5,50.875,53.91666667,50.75
6/12/2015,53.54166667,45.29166667,54.625,41.91666667,53.08333333
7/12/2015,33.41666667,30.5,43.54166667,29.16666667,36.20833333
8/12/2015,40.33333333,38.625,43.79166667,36.83333333,40.125
9/12/2015,50.91666667,39.70833333,43.16666667,54.08333333,41.08333333
10/12/2015,46.25,32.875,45.79166667,50.45833333,36.54166667
11/12/2015,48.91666667,49.75,52.20833333,46.33333333,50.25
12/12/2015,43.04166667,47.45833333,50.95833333,36.66666667,49.125
13/12/2015,35.54166667,31.66666667,32.08333333,28,33.04166667
14/12/2015,27.75,26.58333333,33.45833333,31.95833333,31.66666667
15/12/2015,49.91666667,46.04166667,53,37.33333333,49.5
16/12/2015,54.58333333,53.25,54.625,51.08333333,52.83333333
17/12/2015,57,56.29166667,57.16666667,52.08333333,55
18/12/2015,57.08333333,56.83333333,61.5,55.91666667,57.16666667
19/12/2015,59.66666667,59.66666667,64.04166667,60.625,60.91666667
20/12/2015,58.20833333,57.54166667,63.29166667,59.29166667,57.5
21/12/2015,54.75,55.125,57.33333333,56.91666667,56
22/12/2015,54.54166667,59.29166667,63.54166667,61.375,56.95833333
23/12/2015,63.5,65.16666667,69,67.29166667,63.125
24/12/2015,51.16666667,56,55.16666667,54.79166667,55.91666667
25/12/2015,48.79166667,49.5,53.04166667,50.20833333,48.70833333
26/12/2015,42.95833333,35.20833333,41.45833333,32.91666667,35.08333333
27/12/2015,44.33333333,36.58333333,45.29166667,34.75,39.45833333
28/12/2015,49.625,38.29166667,50.29166667,37.70833333,36.875
29/12/2015,41.04166667,40.875,40.54166667,29.95833333,30.29166667
30/12/2015,41.95833333,39.58333333,46.33333333,43,37.91666667
31/12/2015,43.04166667,44.29166667,46.16666667,45.83333333,44.79166667
1/1/2016,33.95833333,32.70833333,39.33333333,25.625,32.54166667
2/1/2016,43.95833333,38.54166667,50.375,32.625,37.875
3/1/2016,42.83333333,42.70833333,47.125,38.5,41.625
4/1/2016,35.29166667,36.41666667,36.70833333,36.66666667,32.83333333
5/1/2016,38.16666667,37.16666667,37.45833333,34.08333333,40.66666667
6/1/2016,35.45833333,33.25,36.5,35.41666667,38.20833333
7/1/2016,37.41666667,38.66666667,38.75,45,44.29166667
8/1/2016,33.70833333,35.91666667,41.04166667,40.16666667,45.16666667
9/1/2016,36.25,37.5,41.29166667,35.29166667,46.54166667
10/1/2016,40.25,39.45833333,44.04166667,40,41.95833333
11/1/2016,37.20833333,41.875,42.875,44,39.125
12/1/2016,38.70833333,47.20833333,36.16666667,48.91666667,48.58333333
13/1/2016,38,40.25,35.66666667,46.25,48.75
14/1/2016,44.29166667,38.75,38.08333333,48.29166667,47.70833333
15/1/2016,40.66666667,43.95833333,36.70833333,45.16666667,43.25
16/1/2016,53.33333333,54.04166667,55.5,46.91666667,54.54166667
17/1/2016,52.625,55.79166667,55.20833333,56.45833333,54.625
18/1/2016,52.58333333,53.625,53.45833333,48.66666667,52.29166667
19/1/2016,51.33333333,53.58333333,50.79166667,54.41666667,53.83333333
20/1/2016,51.41666667,52.91666667,53.375,51.75,52.25
21/1/2016,39.58333333,46.83333333,41.79166667,42.95833333,44.04166667
22/1/2016,50.54166667,48.75,52.875,50.91666667,49.54166667
23/1/2016,34.83333333,41.20833333,44.58333333,38.66666667,36.83333333
24/1/2016,35.125,41.54166667,48.54166667,40.25,37.75
25/1/2016,38.66666667,44,49,37.5,44.91666667
26/1/2016,36.33333333,46.875,51.25,37.54166667,47.20833333
27/1/2016,36.41666667,48.25,46.75,48.33333333,49.75
28/1/2016,38.16666667,44.83333333,43.125,47.95833333,48.66666667
29/1/2016,48.75,51.375,54.95833333,47.25,51.20833333
30/1/2016,39.83333333,42.83333333,51.79166667,36.75,36.95833333
31/1/2016,36.875,37.75,43.875,37.375,41.58333333
1/2/2016,35.83333333,34.20833333,40.375,30.375,49.08333333
2/2/2016,47.5,35.25,46.95833333,30.58333333,40.16666667
3/2/2016,40.58333333,41.41666667,52.33333333,38.66666667,40.375
4/2/2016,35.79166667,39.625,45.79166667,46.75,39.45833333
5/2/2016,34.41666667,43.91666667,41.625,48.125,36.29166667
6/2/2016,36.75,46.20833333,38.58333333,40.29166667,41.875
7/2/2016,38.20833333,44.25,43.08333333,33.54166667,46.41666667
8/2/2016,53.83333333,56.45833333,57.70833333,55.70833333,56.83333333
9/2/2016,57.33333333,58.5,61.66666667,58.125,57.95833333
10/2/2016,53.125,54.33333333,58.625,54.625,54.125
11/2/2016,33.16666667,35.58333333,38.875,33.54166667,32.125
12/2/2016,33.08333333,39.20833333,40.91666667,34.29166667,40.20833333
13/2/2016,36.5,44.08333333,39.75,35.91666667,46.95833333
14/2/2016,40.20833333,36.54166667,43.33333333,36.66666667,38.125
15/2/2016,45.20833333,49.625,50.5,42.04166667,49.58333333
16/2/2016,48.08333333,47.20833333,52,42.58333333,50.875
17/2/2016,51.375,53.125,52.33333333,45.375,53.95833333
18/2/2016,55.29166667,56.70833333,55.79166667,54.79166667,56.625
19/2/2016,41.5,46.83333333,44.625,43.125,42.625
20/2/2016,39.5,40.54166667,42.41666667,26.20833333,34
21/2/2016,51.79166667,52.375,56.125,45.54166667,51.5
22/2/2016,44.41666667,52.5,54.33333333,49.25,50.625
23/2/2016,45.95833333,49.83333333,53.41666667,51.45833333,49.5
24/2/2016,47.5,47,55.04166667,47.33333333,46.75
25/2/2016,43.08333333,43.33333333,52.08333333,40.20833333,40.91666667
26/2/2016,48.20833333,52.29166667,53.66666667,51.25,52.08333333
27/2/2016,41.25,52.20833333,54.29166667,48.66666667,49.875
28/2/2016,43.95833333,50.25,53.04166667,45.66666667,44.375
29/2/2016,47.41666667,51.91666667,52.66666667,51.45833333,46.95833333
1/3/2016,44.83333333,52.16666667,52.91666667,51.91666667,49.79166667
2/3/2016,50.95833333,49.75,53.125,46.75,48.91666667
3/3/2016,45.95833333,52.91666667,53.45833333,47.66666667,53.25
4/3/2016,46.54166667,53,53.625,50.33333333,51.375
5/3/2016,41.125,47.20833333,43.66666667,40.41666667,44.16666667
6/3/2016,41.54166667,48.83333333,44.83333333,37.33333333,45
7/3/2016,39.25,47.33333333,46.875,37.41666667,41.91666667
8/3/2016,49.95833333,53.375,51.25,45.16666667,52.66666667
9/3/2016,51.75,52.54166667,46.5,41.125,49.58333333
10/3/2016,50.45833333,53.16666667,41.66666667,44.45833333,48.625
11/3/2016,54.41666667,53.75,51.5,48.20833333,53.375
12/3/2016,46.125,53,52.04166667,48.20833333,50
13/3/2016,41.29166667,52.70833333,48.20833333,44.33333333,52.66666667
14/3/2016,50.33333333,52.79166667,49.625,49.20833333,51.875
15/3/2016,53.08333333,55.41666667,53.83333333,54.16666667,54.375
16/3/2016,51.16666667,57.33333333,55.625,54.33333333,55.70833333
17/3/2016,54,58,56.29166667,59.125,55.83333333
18/3/2016,55.95833333,59.08333333,57.45833333,58.75,57.875
19/3/2016,59.375,61.33333333,57.54166667,61.125,60.79166667
20/3/2016,57.25,62.29166667,56.54166667,63.20833333,61.54166667
21/3/2016,59.625,62.04166667,57.91666667,68,62.91666667
22/3/2016,59.5,64.125,60.125,62.33333333,61.75
23/3/2016,58.5,62.41666667,64.33333333,56.04166667,61.70833333
24/3/2016,57.5,62.16666667,60.375,57.83333333,58.54166667
25/3/2016,58.95833333,63.375,58.58333333,66.04166667,61.625
26/3/2016,57.08333333,61.75,57.91666667,61.125,58.83333333
27/3/2016,56.875,59.125,56.41666667,58.45833333,59.54166667
28/3/2016,57.20833333,63.33333333,58.33333333,56.125,62.625
29/3/2016,63.375,70.33333333,61,65.375,67.04166667
30/3/2016,77.20833333,79.5,66.70833333,69.04166667,79.5
31/3/2016,73.70833333,73.70833333,70.125,70.5,73.04166667
1/4/2016,68.45833333,75.54166667,69.125,62.29166667,76.20833333
2/4/2016,68.58333333,60.33333333,57.625,63.29166667,61.16666667
3/4/2016,59.33333333,57.5,54.25,58.70833333,56.16666667
4/4/2016,56.41666667,54.83333333,54.29166667,58.29166667,54.375
5/4/2016,55.625,55.375,53.58333333,57.95833333,53.45833333
6/4/2016,55.125,55.83333333,53.5,60.04166667,55
7/4/2016,59.08333333,60.875,57.33333333,60.66666667,58.875
8/4/2016,61.95833333,61.58333333,57.33333333,64.875,60.875
9/4/2016,62.25,59.75,57.08333333,67.20833333,60.04166667
10/4/2016,61,68.375,65.625,63,67
11/4/2016,58.58333333,61.20833333,57.41666667,61.29166667,59.875
12/4/2016,67.91666667,73.20833333,65.125,66.375,69.45833333
13/4/2016,63.95833333,64.75,60.875,58.75,61.45833333
14/4/2016,67.58333333,68.58333333,64.04166667,59.875,64.58333333
15/4/2016,58.29166667,62.20833333,57,54.58333333,58.54166667
16/4/2016,56.75,55.66666667,52.66666667,57.125,54.58333333
17/4/2016,58.375,55.45833333,52.125,60.41666667,54.25
18/4/2016,58.41666667,58.91666667,56.375,58.5,55.95833333
19/4/2016,67.79166667,60.75,56.70833333,64.66666667,60.91666667
20/4/2016,60.33333333,62.75,66.58333333,58.375,62.91666667
21/4/2016,59.08333333,58.375,60.66666667,60.04166667,57.54166667
22/4/2016,58.08333333,58.83333333,56.04166667,57.875,57.625
23/4/2016,56.04166667,57.58333333,53.375,59.75,53.33333333
24/4/2016,59.16666667,55.375,51.20833333,58.25,56.41666667
25/4/2016,52.91666667,49.16666667,44.54166667,53.41666667,43.29166667
26/4/2016,61.58333333,54.41666667,50.375,59.375,54.25
27/4/2016,67.04166667,57.875,54.95833333,66.25,63.04166667
28/4/2016,70.41666667,56.375,58.83333333,65.83333333,62.66666667
29/4/2016,70.58333333,58.70833333,56.70833333,68.79166667,63.04166667
30/4/2016,68.83333333,73.70833333,68.875,65.58333333,73.125
1/5/2016,64.79166667,73.5,71.04166667,65.04166667,73.20833333
2/5/2016,55.66666667,51,47.875,52.91666667,48.91666667
3/5/2016,61.04166667,49.91666667,49.5,56.58333333,55.875
4/5/2016,54.54166667,44.20833333,34.04166667,53.29166667,40.125
5/5/2016,52.79166667,50.08333333,45.625,52.79166667,47.375
6/5/2016,61,57.70833333,56.41666667,59.45833333,58.04166667
7/5/2016,63.5,56.54166667,52.16666667,57.125,56.375
8/5/2016,62.125,57.375,56,55.91666667,59.625
9/5/2016,58.58333333,62.70833333,58.95833333,59.29166667,61.5
10/5/2016,51.875,46.95833333,41.79166667,48.375,39.41666667
11/5/2016,53.95833333,44.75,38.08333333,57.625,36.75
12/5/2016,57.58333333,57.70833333,55.08333333,51.95833333,56.45833333
13/5/2016,60.20833333,52.625,49.08333333,53.25,53.79166667
14/5/2016,59.625,55.5,55.875,50.79166667,55.5
15/5/2016,55.95833333,54.70833333,53.45833333,52.375,54.79166667
16/5/2016,53.33333333,53.20833333,54.375,41.79166667,54.75
17/5/2016,63.16666667,61.5,58.45833333,55.70833333,61.04166667
18/5/2016,69.70833333,60.08333333,55,67.33333333,67.125
19/5/2016,58.75,53.375,54.04166667,47.29166667,54.41666667
20/5/2016,57.375,50.125,45.08333333,49.875,47.45833333
21/5/2016,55.29166667,53.91666667,51.79166667,51.58333333,52.75
22/5/2016,32.875,39.375,37.95833333,33.08333333,36.54166667
23/5/2016,51.41666667,47.125,50.75,47.5,50.33333333
24/5/2016,56.70833333,48.54166667,46,47.16666667,43.25
25/5/2016,47.875,50.20833333,40.45833333,43.83333333,41.5
26/5/2016,45.70833333,43.79166667,41.83333333,38.20833333,38.79166667
27/5/2016,39.29166667,37.79166667,40.125,35.83333333,30.95833333
28/5/2016,37.25,39.83333333,35.41666667,45.125,34.08333333
29/5/2016,45.08333333,43.66666667,42,44.66666667,43.45833333
30/5/2016,53.45833333,54.08333333,53.625,38.5,53.08333333
31/5/2016,54.75,50.375,55.41666667,41.45833333,46.08333333
1/6/2016,63.54166667,59.58333333,60.75,59.08333333,58.33333333
2/6/2016,59.25,56.20833333,53.25,58.125,56.08333333
3/6/2016,67.54166667,56.375,51.20833333,63.33333333,61.20833333
4/6/2016,63.95833333,61.66666667,62.58333333,62.79166667,60.875
5/6/2016,62.58333333,57.91666667,56.04166667,59.91666667,58.25
6/6/2016,60.375,54.70833333,50.25,53.375,54.66666667
7/6/2016,58.625,51.70833333,45.58333333,57.75,46.16666667
8/6/2016,62.375,60.95833333,56.25,59.66666667,62.41666667
9/6/2016,66.16666667,65.95833333,62.04166667,59.25,63.875
10/6/2016,62.08333333,60.66666667,62.91666667,58.625,60.16666667
11/6/2016,56.91666667,55.5,53.125,55.66666667,54.5
12/6/2016,51.33333333,36.91666667,34.625,37.54166667,35.29166667
13/6/2016,54.70833333,35.875,37.95833333,40,31.25
14/6/2016,58.54166667,51.91666667,51.91666667,49.41666667,49.625
15/6/2016,62.625,53.875,53.5,51.58333333,52.33333333
16/6/2016,60.58333333,50.41666667,43.29166667,40.08333333,51.375
17/6/2016,56.29166667,36.04166667,31.54166667,37.875,34.875
18/6/2016,43.33333333,39.25,37.91666667,27.91666667,34.66666667
19/6/2016,56.95833333,57.75,55.83333333,47.58333333,55.58333333
20/6/2016,54.16666667,53.25,51.5,51,49.875
21/6/2016,58.04166667,53.79166667,56.25,43.04166667,47.95833333
22/6/2016,61.16666667,57.16666667,56.95833333,54.25,55.75
23/6/2016,54.375,51.58333333,48.125,53.75,52.45833333
24/6/2016,47.16666667,48.45833333,41.95833333,50.25,44.95833333
25/6/2016,51.91666667,48.95833333,40.70833333,52.66666667,47.625
26/6/2016,45.66666667,41.75,35.45833333,38.375,36
27/6/2016,52.70833333,46.875,42.375,41.04166667,43.20833333
28/6/2016,46,39.83333333,33.125,36.45833333,36.66666667
29/6/2016,56.41666667,54.875,50.29166667,47.79166667,52.83333333
30/6/2016,59.875,57.25,52.625,55.95833333,55.04166667
1/7/2016,65.04166667,55.375,53.54166667,57.83333333,55.75
2/7/2016,62.375,56.875,54.16666667,60.16666667,56
3/7/2016,58.25,54.95833333,50.95833333,56.08333333,54.58333333
4/7/2016,53.83333333,52.45833333,45.08333333,54,50.95833333
5/7/2016,55.41666667,49.66666667,44.75,51.83333333,47.375
6/7/2016,52,49.375,43.83333333,47.5,40.66666667
7/7/2016,55.5,54.04166667,50.83333333,48.79166667,51.95833333
8/7/2016,53.875,46.79166667,42.16666667,49.83333333,42.41666667
9/7/2016,61.5,42.95833333,40,50.95833333,41.66666667
10/7/2016,56.33333333,38.54166667,36.625,36.58333333,35
11/7/2016,64.91666667,44.875,41.54166667,52.25,40.5
12/7/2016,54.33333333,46.33333333,41,52.5,42.33333333
13/7/2016,52.875,47.75,39.625,49.08333333,40.625
14/7/2016,59.83333333,53.375,49.16666667,57.45833333,54.66666667
15/7/2016,59.625,52.95833333,45.08333333,58.625,52.70833333
16/7/2016,55.75,52.83333333,48.08333333,51.625,51.875
17/7/2016,55.08333333,54.95833333,54.75,44.75,53.75
18/7/2016,57.41666667,58.83333333,56.91666667,45.5,54.79166667
19/7/2016,54.625,50.41666667,48.20833333,31.20833333,46.54166667
20/7/2016,48.45833333,47.5,42.33333333,32.5,40.41666667
21/7/2016,56.125,56.20833333,55.125,48.79166667,54.54166667
22/7/2016,61.33333333,57.33333333,59.54166667,51.66666667,56.95833333
23/7/2016,55.08333333,52.79166667,50.41666667,53.33333333,49.625
24/7/2016,48.20833333,37,39.04166667,47.08333333,35.375
25/7/2016,50.08333333,36.95833333,41.16666667,41.125,39.04166667
26/7/2016,57.75,53.16666667,49.66666667,54.95833333,53.29166667
27/7/2016,62.54166667,51.20833333,46.33333333,59.70833333,54.75
28/7/2016,60.875,56.16666667,52.66666667,58.75,57.25
29/7/2016,59.125,54.625,53.20833333,49.16666667,54.54166667
30/7/2016,54.75,49.20833333,49.95833333,50.45833333,48.91666667
31/7/2016,58.5,46.45833333,45.08333333,52.41666667,48.45833333
1/8/2016,59.29166667,55.20833333,51.08333333,54.375,55.125
2/8/2016,55.70833333,54.58333333,51.83333333,50.875,54.375
3/8/2016,55.70833333,53.95833333,49.83333333,50.16666667,54.5
4/8/2016,55.16666667,51.375,42.91666667,49.20833333,49.29166667
5/8/2016,54.70833333,53.29166667,49.79166667,54.125,50.95833333
6/8/2016,54.79166667,55.70833333,54.375,57.04166667,54.58333333
7/8/2016,60.29166667,57.875,55.45833333,60.125,57.54166667
8/8/2016,62.75,61.20833333,61.16666667,60.75,61.375
9/8/2016,67.375,64.29166667,60.91666667,62.29166667,63.70833333
10/8/2016,58.70833333,54.16666667,48.54166667,53.95833333,53.16666667
11/8/2016,55.25,53.16666667,50.70833333,52.58333333,50.79166667
12/8/2016,58.375,53.5,51.54166667,55.16666667,53.70833333
13/8/2016,61.08333333,58.875,57.08333333,55.54166667,57.54166667
14/8/2016,60.54166667,61.875,60.20833333,55.375,60
15/8/2016,56.83333333,55.29166667,52.33333333,53.95833333,54.58333333
16/8/2016,44.66666667,38.91666667,35.58333333,39.70833333,36.08333333
17/8/2016,53.625,45.875,42.16666667,46.45833333,39.875
18/8/2016,61,45.04166667,49.45833333,50.45833333,44.5
19/8/2016,49.5,45.91666667,40.95833333,47.45833333,37.375
20/8/2016,52.08333333,44.95833333,43.125,43.58333333,39.58333333
21/8/2016,52.04166667,42.875,38.95833333,41.125,40.375
22/8/2016,47.41666667,41.29166667,36.79166667,42.125,39.45833333
23/8/2016,64.54166667,58.20833333,54.70833333,59.625,59.41666667
24/8/2016,65.125,58.41666667,55.25,59,57.875
25/8/2016,45.95833333,43.41666667,37.5,36.41666667,40.58333333
26/8/2016,79.79166667,73.125,60.875,80.66666667,69.66666667
27/8/2016,131.375,87.04166667,80.08333333,118.375,93.29166667
28/8/2016,97.20833333,69.29166667,70.25,72.45833333,72.08333333
29/8/2016,98.91666667,67.125,69.08333333,80,75.70833333
30/8/2016,59,52.20833333,46.66666667,55.41666667,49.41666667
