Date, Time, Index
08/30/2016,17:00:00+08:00,1
08/30/2016,16:00:00+08:00,1
08/30/2016,15:00:00+08:00,1
08/30/2016,14:00:00+08:00,4
08/30/2016,13:00:00+08:00,3
08/30/2016,12:00:00+08:00,3
08/30/2016,11:00:00+08:00,1
08/30/2016,10:00:00+08:00,1
08/30/2016,09:00:00+08:00,0
08/30/2016,08:00:00+08:00,0
08/30/2016,07:00:00+08:00,0
08/29/2016,17:00:00+08:00,3
08/29/2016,16:00:00+08:00,4
08/29/2016,15:00:00+08:00,4
08/29/2016,14:00:00+08:00,4
08/29/2016,13:00:00+08:00,6
08/29/2016,12:00:00+08:00,6
08/29/2016,11:00:00+08:00,5
08/29/2016,10:00:00+08:00,2
08/29/2016,09:00:00+08:00,1
08/29/2016,08:00:00+08:00,0
08/29/2016,07:00:00+08:00,0
08/28/2016,17:00:00+08:00,1
08/28/2016,16:00:00+08:00,2
08/28/2016,15:00:00+08:00,2
08/28/2016,14:00:00+08:00,4
08/28/2016,13:00:00+08:00,5
08/28/2016,12:00:00+08:00,3
08/28/2016,11:00:00+08:00,2
08/28/2016,10:00:00+08:00,1
08/28/2016,09:00:00+08:00,0
08/28/2016,08:00:00+08:00,0
08/28/2016,07:00:00+08:00,0
08/27/2016,17:00:00+08:00,2
08/27/2016,16:00:00+08:00,2
08/27/2016,15:00:00+08:00,3
08/27/2016,14:00:00+08:00,3
08/27/2016,13:00:00+08:00,3
08/27/2016,12:00:00+08:00,1
08/27/2016,11:00:00+08:00,2
08/27/2016,10:00:00+08:00,1
08/27/2016,09:00:00+08:00,0
08/27/2016,08:00:00+08:00,0
08/27/2016,07:00:00+08:00,0
08/26/2016,17:00:00+08:00,1
08/26/2016,16:00:00+08:00,2
08/26/2016,15:00:00+08:00,4
08/26/2016,14:00:00+08:00,4
08/26/2016,13:00:00+08:00,3
08/26/2016,12:00:00+08:00,3
08/26/2016,11:00:00+08:00,2
08/26/2016,10:00:00+08:00,1
08/26/2016,09:00:00+08:00,0
08/26/2016,08:00:00+08:00,0
08/26/2016,07:00:00+08:00,0
08/25/2016,17:00:00+08:00,2
08/25/2016,16:00:00+08:00,4
08/25/2016,15:00:00+08:00,4
08/25/2016,14:00:00+08:00,6
08/25/2016,13:00:00+08:00,9
08/25/2016,12:00:00+08:00,7
08/25/2016,11:00:00+08:00,5
08/25/2016,10:00:00+08:00,3
08/25/2016,09:00:00+08:00,1
08/25/2016,08:00:00+08:00,0
08/25/2016,07:00:00+08:00,0
08/24/2016,17:00:00+08:00,3
08/24/2016,16:00:00+08:00,5
08/24/2016,15:00:00+08:00,6
08/24/2016,14:00:00+08:00,6
08/24/2016,13:00:00+08:00,4
08/24/2016,12:00:00+08:00,3
08/24/2016,11:00:00+08:00,1
08/24/2016,10:00:00+08:00,1
08/24/2016,09:00:00+08:00,0
08/24/2016,08:00:00+08:00,0
08/24/2016,07:00:00+08:00,0
08/23/2016,17:00:00+08:00,2
08/23/2016,16:00:00+08:00,2
08/23/2016,15:00:00+08:00,6
08/23/2016,14:00:00+08:00,8
08/23/2016,13:00:00+08:00,8
08/23/2016,12:00:00+08:00,5
08/23/2016,11:00:00+08:00,3
08/23/2016,10:00:00+08:00,1
08/23/2016,09:00:00+08:00,0
08/23/2016,08:00:00+08:00,0
08/23/2016,07:00:00+08:00,0
08/22/2016,17:00:00+08:00,1
08/22/2016,16:00:00+08:00,1
08/22/2016,15:00:00+08:00,6
08/22/2016,14:00:00+08:00,6
08/22/2016,13:00:00+08:00,3
08/22/2016,12:00:00+08:00,2
08/22/2016,11:00:00+08:00,3
08/22/2016,10:00:00+08:00,1
08/22/2016,09:00:00+08:00,1
08/22/2016,08:00:00+08:00,0
08/22/2016,07:00:00+08:00,0
08/21/2016,17:00:00+08:00,2
08/21/2016,16:00:00+08:00,4
08/21/2016,15:00:00+08:00,4
08/21/2016,14:00:00+08:00,1
08/21/2016,13:00:00+08:00,2
08/21/2016,12:00:00+08:00,3
08/21/2016,11:00:00+08:00,2
08/21/2016,10:00:00+08:00,1
08/21/2016,09:00:00+08:00,0
08/21/2016,08:00:00+08:00,0
08/21/2016,07:00:00+08:00,0
08/20/2016,16:00:00+08:00,5
08/20/2016,15:00:00+08:00,6
08/20/2016,14:00:00+08:00,8
08/20/2016,13:00:00+08:00,8
08/20/2016,12:00:00+08:00,7
08/20/2016,11:00:00+08:00,5
08/20/2016,10:00:00+08:00,3
08/20/2016,09:00:00+08:00,1
08/20/2016,08:00:00+08:00,0
08/20/2016,07:00:00+08:00,0
08/19/2016,17:00:00+08:00,2
08/19/2016,16:00:00+08:00,4
08/19/2016,15:00:00+08:00,7
08/19/2016,14:00:00+08:00,8
08/19/2016,13:00:00+08:00,6
08/19/2016,12:00:00+08:00,6
08/19/2016,11:00:00+08:00,4
08/19/2016,10:00:00+08:00,1
08/19/2016,09:00:00+08:00,0
08/19/2016,08:00:00+08:00,0
08/19/2016,07:00:00+08:00,0
08/18/2016,17:00:00+08:00,3
08/18/2016,16:00:00+08:00,5
08/18/2016,15:00:00+08:00,7
08/18/2016,14:00:00+08:00,8
08/18/2016,13:00:00+08:00,7
08/18/2016,12:00:00+08:00,7
08/18/2016,11:00:00+08:00,4
08/18/2016,10:00:00+08:00,2
08/18/2016,09:00:00+08:00,1
08/18/2016,08:00:00+08:00,0
08/18/2016,07:00:00+08:00,0
08/17/2016,17:00:00+08:00,2
08/17/2016,16:00:00+08:00,1
08/17/2016,15:00:00+08:00,4
08/17/2016,14:00:00+08:00,8
08/17/2016,13:00:00+08:00,7
08/17/2016,12:00:00+08:00,5
08/17/2016,11:00:00+08:00,4
08/17/2016,10:00:00+08:00,2
08/17/2016,09:00:00+08:00,1
08/17/2016,08:00:00+08:00,0
08/17/2016,07:00:00+08:00,0
08/16/2016,17:00:00+08:00,3
08/16/2016,16:00:00+08:00,4
08/16/2016,15:00:00+08:00,6
08/16/2016,14:00:00+08:00,7
08/16/2016,13:00:00+08:00,7
08/16/2016,12:00:00+08:00,6
08/16/2016,11:00:00+08:00,4
08/16/2016,10:00:00+08:00,2
08/16/2016,09:00:00+08:00,1
08/16/2016,08:00:00+08:00,0
08/16/2016,07:00:00+08:00,0
08/15/2016,17:00:00+08:00,3
08/15/2016,16:00:00+08:00,5
08/15/2016,15:00:00+08:00,6
08/15/2016,14:00:00+08:00,8
08/15/2016,13:00:00+08:00,8
08/15/2016,12:00:00+08:00,6
08/15/2016,11:00:00+08:00,4
08/15/2016,10:00:00+08:00,2
08/15/2016,09:00:00+08:00,0
08/15/2016,08:00:00+08:00,0
08/15/2016,07:00:00+08:00,0
08/14/2016,17:00:00+08:00,2
08/14/2016,16:00:00+08:00,4
08/14/2016,15:00:00+08:00,4
08/14/2016,14:00:00+08:00,7
08/14/2016,13:00:00+08:00,7
08/14/2016,12:00:00+08:00,3
08/14/2016,11:00:00+08:00,2
08/14/2016,10:00:00+08:00,1
08/14/2016,09:00:00+08:00,0
08/14/2016,08:00:00+08:00,0
08/14/2016,07:00:00+08:00,0
08/13/2016,17:00:00+08:00,3
08/13/2016,16:00:00+08:00,4
08/13/2016,15:00:00+08:00,2
08/13/2016,14:00:00+08:00,4
08/13/2016,13:00:00+08:00,8
08/13/2016,12:00:00+08:00,4
08/13/2016,11:00:00+08:00,5
08/13/2016,10:00:00+08:00,2
08/13/2016,09:00:00+08:00,1
08/13/2016,08:00:00+08:00,0
08/13/2016,07:00:00+08:00,0
08/12/2016,17:00:00+08:00,2
08/12/2016,16:00:00+08:00,4
08/12/2016,15:00:00+08:00,3
08/12/2016,14:00:00+08:00,4
08/12/2016,13:00:00+08:00,7
08/12/2016,12:00:00+08:00,5
08/12/2016,11:00:00+08:00,3
08/12/2016,10:00:00+08:00,2
08/12/2016,09:00:00+08:00,1
08/12/2016,08:00:00+08:00,0
08/12/2016,07:00:00+08:00,0
08/11/2016,17:00:00+08:00,2
08/11/2016,16:00:00+08:00,4
08/11/2016,15:00:00+08:00,4
08/11/2016,14:00:00+08:00,2
08/11/2016,13:00:00+08:00,6
08/11/2016,12:00:00+08:00,3
08/11/2016,11:00:00+08:00,2
08/11/2016,10:00:00+08:00,1
08/11/2016,09:00:00+08:00,1
08/11/2016,08:00:00+08:00,0
08/11/2016,07:00:00+08:00,0
08/10/2016,17:00:00+08:00,3
08/10/2016,16:00:00+08:00,5
08/10/2016,15:00:00+08:00,6
08/10/2016,14:00:00+08:00,7
08/10/2016,13:00:00+08:00,8
08/10/2016,12:00:00+08:00,6
08/10/2016,11:00:00+08:00,5
08/10/2016,10:00:00+08:00,2
08/10/2016,09:00:00+08:00,0
08/10/2016,08:00:00+08:00,0
08/10/2016,07:00:00+08:00,0
08/09/2016,17:00:00+08:00,3
08/09/2016,16:00:00+08:00,5
08/09/2016,15:00:00+08:00,6
08/09/2016,14:00:00+08:00,8
08/09/2016,13:00:00+08:00,7
08/09/2016,12:00:00+08:00,3
08/09/2016,11:00:00+08:00,3
08/09/2016,10:00:00+08:00,1
08/09/2016,09:00:00+08:00,0
08/09/2016,08:00:00+08:00,0
08/09/2016,07:00:00+08:00,0
08/08/2016,17:00:00+08:00,2
08/08/2016,16:00:00+08:00,3
08/08/2016,15:00:00+08:00,5
08/08/2016,14:00:00+08:00,6
08/08/2016,13:00:00+08:00,6
08/08/2016,12:00:00+08:00,4
08/08/2016,11:00:00+08:00,2
08/08/2016,10:00:00+08:00,1
08/08/2016,09:00:00+08:00,0
08/08/2016,08:00:00+08:00,0
08/08/2016,07:00:00+08:00,0
08/07/2016,17:00:00+08:00,1
08/07/2016,16:00:00+08:00,1
08/07/2016,15:00:00+08:00,4
08/07/2016,14:00:00+08:00,8
08/07/2016,13:00:00+08:00,6
08/07/2016,12:00:00+08:00,5
08/07/2016,11:00:00+08:00,4
08/07/2016,10:00:00+08:00,2
08/07/2016,09:00:00+08:00,0
08/07/2016,08:00:00+08:00,0
08/07/2016,07:00:00+08:00,0
08/06/2016,17:00:00+08:00,0
08/06/2016,16:00:00+08:00,1
08/06/2016,15:00:00+08:00,3
08/06/2016,14:00:00+08:00,7
08/06/2016,13:00:00+08:00,7
08/06/2016,12:00:00+08:00,5
08/06/2016,11:00:00+08:00,3
08/06/2016,10:00:00+08:00,1
08/06/2016,09:00:00+08:00,0
08/06/2016,08:00:00+08:00,0
08/06/2016,07:00:00+08:00,0
08/05/2016,17:00:00+08:00,2
08/05/2016,16:00:00+08:00,5
08/05/2016,15:00:00+08:00,6
08/05/2016,14:00:00+08:00,7
08/05/2016,13:00:00+08:00,6
08/05/2016,12:00:00+08:00,5
08/05/2016,11:00:00+08:00,4
08/05/2016,10:00:00+08:00,2
08/05/2016,09:00:00+08:00,0
08/05/2016,08:00:00+08:00,0
08/05/2016,07:00:00+08:00,0
08/04/2016,17:00:00+08:00,3
08/04/2016,16:00:00+08:00,6
08/04/2016,15:00:00+08:00,7
08/04/2016,14:00:00+08:00,7
08/04/2016,13:00:00+08:00,8
08/04/2016,12:00:00+08:00,7
08/04/2016,11:00:00+08:00,4
08/04/2016,10:00:00+08:00,2
08/04/2016,09:00:00+08:00,0
08/04/2016,08:00:00+08:00,0
08/04/2016,07:00:00+08:00,0
08/03/2016,17:00:00+08:00,3
08/03/2016,16:00:00+08:00,4
08/03/2016,15:00:00+08:00,5
08/03/2016,14:00:00+08:00,5
08/03/2016,13:00:00+08:00,5
08/03/2016,12:00:00+08:00,2
08/03/2016,11:00:00+08:00,1
08/03/2016,10:00:00+08:00,1
08/03/2016,09:00:00+08:00,0
08/03/2016,08:00:00+08:00,0
08/03/2016,07:00:00+08:00,0
08/02/2016,17:00:00+08:00,3
08/02/2016,16:00:00+08:00,5
08/02/2016,15:00:00+08:00,6
08/02/2016,14:00:00+08:00,8
08/02/2016,13:00:00+08:00,7
08/02/2016,12:00:00+08:00,6
08/02/2016,11:00:00+08:00,4
08/02/2016,10:00:00+08:00,2
08/02/2016,09:00:00+08:00,1
08/02/2016,08:00:00+08:00,0
08/02/2016,07:00:00+08:00,0
08/01/2016,17:00:00+08:00,2
08/01/2016,16:00:00+08:00,2
08/01/2016,15:00:00+08:00,7
08/01/2016,14:00:00+08:00,6
08/01/2016,13:00:00+08:00,5
08/01/2016,12:00:00+08:00,2
08/01/2016,11:00:00+08:00,1
08/01/2016,10:00:00+08:00,2
08/01/2016,09:00:00+08:00,1
08/01/2016,08:00:00+08:00,0
08/01/2016,07:00:00+08:00,0
07/31/2016,17:00:00+08:00,0
07/31/2016,16:00:00+08:00,0
07/31/2016,15:00:00+08:00,5
07/31/2016,14:00:00+08:00,7
07/31/2016,13:00:00+08:00,7
07/31/2016,12:00:00+08:00,7
07/31/2016,11:00:00+08:00,4
07/31/2016,10:00:00+08:00,2
07/31/2016,09:00:00+08:00,0
07/31/2016,08:00:00+08:00,0
07/31/2016,07:00:00+08:00,0
07/30/2016,15:00:00+08:00,4
07/30/2016,14:00:00+08:00,3
07/30/2016,13:00:00+08:00,4
07/30/2016,12:00:00+08:00,3
07/30/2016,11:00:00+08:00,3
07/30/2016,10:00:00+08:00,2
07/30/2016,09:00:00+08:00,0
07/30/2016,08:00:00+08:00,0
07/30/2016,07:00:00+08:00,0
07/29/2016,17:00:00+08:00,3
07/29/2016,16:00:00+08:00,5
07/29/2016,15:00:00+08:00,6
07/29/2016,14:00:00+08:00,8
07/29/2016,13:00:00+08:00,8
07/29/2016,12:00:00+08:00,6
07/29/2016,11:00:00+08:00,4
07/29/2016,10:00:00+08:00,2
07/29/2016,09:00:00+08:00,1
07/29/2016,08:00:00+08:00,0
07/29/2016,07:00:00+08:00,0
07/28/2016,17:00:00+08:00,3
07/28/2016,16:00:00+08:00,5
07/28/2016,15:00:00+08:00,4
07/28/2016,14:00:00+08:00,6
07/28/2016,13:00:00+08:00,6
07/28/2016,12:00:00+08:00,5
07/28/2016,11:00:00+08:00,4
07/28/2016,10:00:00+08:00,2
07/28/2016,09:00:00+08:00,1
07/28/2016,08:00:00+08:00,0
07/28/2016,07:00:00+08:00,0
07/27/2016,17:00:00+08:00,3
07/27/2016,16:00:00+08:00,5
07/27/2016,15:00:00+08:00,6
07/27/2016,14:00:00+08:00,8
07/27/2016,13:00:00+08:00,7
07/27/2016,12:00:00+08:00,6
07/27/2016,11:00:00+08:00,4
07/27/2016,10:00:00+08:00,1
07/27/2016,09:00:00+08:00,0
07/27/2016,08:00:00+08:00,0
07/27/2016,07:00:00+08:00,0
07/26/2016,17:00:00+08:00,1
07/26/2016,16:00:00+08:00,1
07/26/2016,15:00:00+08:00,1
07/26/2016,14:00:00+08:00,2
07/26/2016,13:00:00+08:00,3
07/26/2016,12:00:00+08:00,2
07/26/2016,11:00:00+08:00,1
07/26/2016,10:00:00+08:00,1
07/26/2016,09:00:00+08:00,0
07/26/2016,08:00:00+08:00,0
07/26/2016,07:00:00+08:00,0
07/25/2016,17:00:00+08:00,1
07/25/2016,16:00:00+08:00,2
07/25/2016,15:00:00+08:00,3
07/25/2016,14:00:00+08:00,2
07/25/2016,13:00:00+08:00,2
07/25/2016,12:00:00+08:00,3
07/25/2016,11:00:00+08:00,4
07/25/2016,10:00:00+08:00,2
07/25/2016,09:00:00+08:00,0
07/25/2016,08:00:00+08:00,0
07/25/2016,07:00:00+08:00,0
07/24/2016,17:00:00+08:00,2
07/24/2016,16:00:00+08:00,5
07/24/2016,15:00:00+08:00,1
07/24/2016,14:00:00+08:00,7
07/24/2016,13:00:00+08:00,7
07/24/2016,12:00:00+08:00,6
07/24/2016,11:00:00+08:00,4
07/24/2016,10:00:00+08:00,2
07/24/2016,09:00:00+08:00,1
07/24/2016,08:00:00+08:00,0
07/24/2016,07:00:00+08:00,0
07/23/2016,17:00:00+08:00,0
07/23/2016,16:00:00+08:00,2
07/23/2016,15:00:00+08:00,6
07/23/2016,14:00:00+08:00,7
07/23/2016,13:00:00+08:00,7
07/23/2016,12:00:00+08:00,7
07/23/2016,11:00:00+08:00,2
07/23/2016,10:00:00+08:00,1
07/23/2016,09:00:00+08:00,0
07/23/2016,08:00:00+08:00,0
07/23/2016,07:00:00+08:00,0
07/22/2016,17:00:00+08:00,1
07/22/2016,16:00:00+08:00,1
07/22/2016,15:00:00+08:00,1
07/22/2016,14:00:00+08:00,0
07/22/2016,13:00:00+08:00,1
07/22/2016,12:00:00+08:00,2
07/22/2016,11:00:00+08:00,0
07/22/2016,10:00:00+08:00,2
07/22/2016,09:00:00+08:00,1
07/22/2016,08:00:00+08:00,0
07/22/2016,07:00:00+08:00,0
07/21/2016,17:00:00+08:00,2
07/21/2016,16:00:00+08:00,5
07/21/2016,15:00:00+08:00,6
07/21/2016,14:00:00+08:00,7
07/21/2016,13:00:00+08:00,6
07/21/2016,12:00:00+08:00,6
07/21/2016,11:00:00+08:00,4
07/21/2016,10:00:00+08:00,2
07/21/2016,09:00:00+08:00,0
07/21/2016,08:00:00+08:00,0
07/21/2016,07:00:00+08:00,0
07/20/2016,17:00:00+08:00,1
07/20/2016,16:00:00+08:00,2
07/20/2016,15:00:00+08:00,3
07/20/2016,14:00:00+08:00,3
07/20/2016,13:00:00+08:00,4
07/20/2016,12:00:00+08:00,5
07/20/2016,11:00:00+08:00,3
07/20/2016,10:00:00+08:00,1
07/20/2016,09:00:00+08:00,0
07/20/2016,08:00:00+08:00,0
07/20/2016,07:00:00+08:00,0
07/19/2016,17:00:00+08:00,2
07/19/2016,16:00:00+08:00,2
07/19/2016,15:00:00+08:00,5
07/19/2016,14:00:00+08:00,5
07/19/2016,13:00:00+08:00,3
07/19/2016,12:00:00+08:00,4
07/19/2016,11:00:00+08:00,4
07/19/2016,10:00:00+08:00,2
07/19/2016,09:00:00+08:00,0
07/19/2016,08:00:00+08:00,0
07/19/2016,07:00:00+08:00,0
07/18/2016,17:00:00+08:00,0
07/18/2016,16:00:00+08:00,0
07/18/2016,15:00:00+08:00,1
07/18/2016,14:00:00+08:00,2
07/18/2016,13:00:00+08:00,5
07/18/2016,12:00:00+08:00,6
07/18/2016,11:00:00+08:00,3
07/18/2016,10:00:00+08:00,2
07/18/2016,09:00:00+08:00,1
07/18/2016,08:00:00+08:00,0
07/18/2016,07:00:00+08:00,0
07/17/2016,17:00:00+08:00,3
07/17/2016,16:00:00+08:00,2
07/17/2016,15:00:00+08:00,1
07/17/2016,14:00:00+08:00,5
07/17/2016,13:00:00+08:00,8
07/17/2016,12:00:00+08:00,6
07/17/2016,11:00:00+08:00,4
07/17/2016,10:00:00+08:00,2
07/17/2016,09:00:00+08:00,0
07/17/2016,08:00:00+08:00,0
07/17/2016,07:00:00+08:00,0
07/16/2016,17:00:00+08:00,2
07/16/2016,16:00:00+08:00,4
07/16/2016,15:00:00+08:00,4
07/16/2016,14:00:00+08:00,6
07/16/2016,13:00:00+08:00,6
07/16/2016,12:00:00+08:00,7
07/16/2016,11:00:00+08:00,5
07/16/2016,10:00:00+08:00,2
07/16/2016,09:00:00+08:00,0
07/16/2016,08:00:00+08:00,0
07/16/2016,07:00:00+08:00,0
07/15/2016,17:00:00+08:00,1
07/15/2016,16:00:00+08:00,3
07/15/2016,15:00:00+08:00,2
07/15/2016,14:00:00+08:00,1
07/15/2016,13:00:00+08:00,3
07/15/2016,12:00:00+08:00,3
07/15/2016,11:00:00+08:00,3
07/15/2016,10:00:00+08:00,2
07/15/2016,09:00:00+08:00,1
07/15/2016,08:00:00+08:00,0
07/15/2016,07:00:00+08:00,0
07/14/2016,15:00:00+08:00,1
07/14/2016,14:00:00+08:00,3
07/14/2016,13:00:00+08:00,3
07/14/2016,12:00:00+08:00,1
07/14/2016,11:00:00+08:00,3
07/14/2016,10:00:00+08:00,2
07/14/2016,09:00:00+08:00,0
07/14/2016,08:00:00+08:00,0
07/14/2016,07:00:00+08:00,0
07/13/2016,17:00:00+08:00,1
07/13/2016,16:00:00+08:00,2
07/13/2016,15:00:00+08:00,1
07/13/2016,14:00:00+08:00,2
07/13/2016,13:00:00+08:00,1
07/13/2016,12:00:00+08:00,1
07/13/2016,11:00:00+08:00,3
07/13/2016,10:00:00+08:00,1
07/13/2016,09:00:00+08:00,1
07/13/2016,08:00:00+08:00,0
07/13/2016,07:00:00+08:00,0
07/12/2016,17:00:00+08:00,3
07/12/2016,16:00:00+08:00,5
07/12/2016,15:00:00+08:00,5
07/12/2016,14:00:00+08:00,7
07/12/2016,13:00:00+08:00,-1
07/12/2016,12:00:00+08:00,4
07/12/2016,11:00:00+08:00,4
07/12/2016,10:00:00+08:00,2
07/12/2016,09:00:00+08:00,1
07/12/2016,08:00:00+08:00,0
07/12/2016,07:00:00+08:00,0
07/11/2016,17:00:00+08:00,3
07/11/2016,16:00:00+08:00,3
07/11/2016,15:00:00+08:00,4
07/11/2016,14:00:00+08:00,1
07/11/2016,13:00:00+08:00,1
07/11/2016,12:00:00+08:00,3
07/11/2016,11:00:00+08:00,2
07/11/2016,10:00:00+08:00,1
07/11/2016,09:00:00+08:00,0
07/11/2016,08:00:00+08:00,0
07/11/2016,07:00:00+08:00,0
07/10/2016,17:00:00+08:00,1
07/10/2016,16:00:00+08:00,4
07/10/2016,15:00:00+08:00,6
07/10/2016,14:00:00+08:00,7
07/10/2016,13:00:00+08:00,7
07/10/2016,12:00:00+08:00,5
07/10/2016,11:00:00+08:00,4
07/10/2016,10:00:00+08:00,2
07/10/2016,09:00:00+08:00,1
07/10/2016,08:00:00+08:00,0
07/10/2016,07:00:00+08:00,0
07/09/2016,17:00:00+08:00,3
07/09/2016,16:00:00+08:00,5
07/09/2016,15:00:00+08:00,6
07/09/2016,14:00:00+08:00,6
07/09/2016,13:00:00+08:00,6
07/09/2016,12:00:00+08:00,5
07/09/2016,11:00:00+08:00,4
07/09/2016,10:00:00+08:00,2
07/09/2016,09:00:00+08:00,1
07/09/2016,08:00:00+08:00,0
07/09/2016,07:00:00+08:00,0
07/08/2016,17:00:00+08:00,3
07/08/2016,16:00:00+08:00,5
07/08/2016,15:00:00+08:00,7
07/08/2016,14:00:00+08:00,8
07/08/2016,13:00:00+08:00,4
07/08/2016,12:00:00+08:00,4
07/08/2016,11:00:00+08:00,1
07/08/2016,10:00:00+08:00,2
07/08/2016,09:00:00+08:00,1
07/08/2016,08:00:00+08:00,0
07/08/2016,07:00:00+08:00,0
07/07/2016,17:00:00+08:00,3
07/07/2016,16:00:00+08:00,5
07/07/2016,15:00:00+08:00,7
07/07/2016,14:00:00+08:00,8
07/07/2016,13:00:00+08:00,8
07/07/2016,12:00:00+08:00,6
07/07/2016,11:00:00+08:00,3
07/07/2016,10:00:00+08:00,2
07/07/2016,09:00:00+08:00,1
07/07/2016,08:00:00+08:00,0
07/07/2016,07:00:00+08:00,0
07/06/2016,17:00:00+08:00,2
07/06/2016,16:00:00+08:00,4
07/06/2016,15:00:00+08:00,7
07/06/2016,14:00:00+08:00,7
07/06/2016,13:00:00+08:00,8
07/06/2016,12:00:00+08:00,4
07/06/2016,11:00:00+08:00,2
07/06/2016,10:00:00+08:00,1
07/06/2016,09:00:00+08:00,0
07/06/2016,08:00:00+08:00,0
07/06/2016,07:00:00+08:00,0
07/05/2016,17:00:00+08:00,3
07/05/2016,16:00:00+08:00,4
07/05/2016,15:00:00+08:00,6
07/05/2016,14:00:00+08:00,5
07/05/2016,13:00:00+08:00,4
07/05/2016,12:00:00+08:00,5
07/05/2016,11:00:00+08:00,4
07/05/2016,10:00:00+08:00,2
07/05/2016,09:00:00+08:00,1
07/05/2016,08:00:00+08:00,0
07/05/2016,07:00:00+08:00,0
07/04/2016,17:00:00+08:00,2
07/04/2016,16:00:00+08:00,4
07/04/2016,15:00:00+08:00,4
07/04/2016,14:00:00+08:00,5
07/04/2016,13:00:00+08:00,6
07/04/2016,12:00:00+08:00,6
07/04/2016,11:00:00+08:00,4
07/04/2016,10:00:00+08:00,2
07/04/2016,09:00:00+08:00,1
07/04/2016,08:00:00+08:00,0
07/04/2016,07:00:00+08:00,0
07/03/2016,17:00:00+08:00,3
07/03/2016,16:00:00+08:00,4
07/03/2016,15:00:00+08:00,5
07/03/2016,14:00:00+08:00,5
07/03/2016,13:00:00+08:00,5
07/03/2016,12:00:00+08:00,6
07/03/2016,11:00:00+08:00,4
07/03/2016,10:00:00+08:00,2
07/03/2016,09:00:00+08:00,0
07/03/2016,08:00:00+08:00,0
07/03/2016,07:00:00+08:00,0
07/02/2016,17:00:00+08:00,2
07/02/2016,16:00:00+08:00,3
07/02/2016,15:00:00+08:00,4
07/02/2016,14:00:00+08:00,4
07/02/2016,13:00:00+08:00,3
07/02/2016,12:00:00+08:00,3
07/02/2016,11:00:00+08:00,2
07/02/2016,10:00:00+08:00,1
07/02/2016,09:00:00+08:00,0
07/02/2016,08:00:00+08:00,0
07/02/2016,07:00:00+08:00,0
07/01/2016,17:00:00+08:00,2
07/01/2016,16:00:00+08:00,3
07/01/2016,15:00:00+08:00,4
07/01/2016,14:00:00+08:00,6
07/01/2016,13:00:00+08:00,7
07/01/2016,12:00:00+08:00,6
07/01/2016,11:00:00+08:00,4
07/01/2016,10:00:00+08:00,2
07/01/2016,09:00:00+08:00,0
07/01/2016,08:00:00+08:00,0
07/01/2016,07:00:00+08:00,0
06/30/2016,17:00:00+08:00,2
06/30/2016,16:00:00+08:00,4
06/30/2016,15:00:00+08:00,5
06/30/2016,14:00:00+08:00,4
06/30/2016,13:00:00+08:00,6
06/30/2016,12:00:00+08:00,6
06/30/2016,11:00:00+08:00,3
06/30/2016,10:00:00+08:00,1
06/30/2016,09:00:00+08:00,0
06/30/2016,08:00:00+08:00,0
06/30/2016,07:00:00+08:00,0
06/29/2016,17:00:00+08:00,3
06/29/2016,16:00:00+08:00,4
06/29/2016,15:00:00+08:00,6
06/29/2016,14:00:00+08:00,7
06/29/2016,13:00:00+08:00,7
06/29/2016,12:00:00+08:00,6
06/29/2016,11:00:00+08:00,4
06/29/2016,10:00:00+08:00,2
06/29/2016,09:00:00+08:00,1
06/29/2016,08:00:00+08:00,0
06/29/2016,07:00:00+08:00,0
06/28/2016,17:00:00+08:00,3
06/28/2016,16:00:00+08:00,5
06/28/2016,15:00:00+08:00,6
06/28/2016,14:00:00+08:00,7
06/28/2016,13:00:00+08:00,7
06/28/2016,12:00:00+08:00,6
06/28/2016,11:00:00+08:00,4
06/28/2016,10:00:00+08:00,2
06/28/2016,09:00:00+08:00,0
06/28/2016,08:00:00+08:00,0
06/28/2016,07:00:00+08:00,0
06/27/2016,17:00:00+08:00,1
06/27/2016,16:00:00+08:00,2
06/27/2016,15:00:00+08:00,4
06/27/2016,14:00:00+08:00,5
06/27/2016,13:00:00+08:00,5
06/27/2016,12:00:00+08:00,5
06/27/2016,11:00:00+08:00,2
06/27/2016,10:00:00+08:00,1
06/27/2016,09:00:00+08:00,0
06/27/2016,08:00:00+08:00,0
06/27/2016,07:00:00+08:00,0
06/26/2016,17:00:00+08:00,2
06/26/2016,16:00:00+08:00,2
06/26/2016,15:00:00+08:00,0
06/26/2016,14:00:00+08:00,1
06/26/2016,13:00:00+08:00,3
06/26/2016,12:00:00+08:00,6
06/26/2016,11:00:00+08:00,4
06/26/2016,10:00:00+08:00,2
06/26/2016,09:00:00+08:00,1
06/26/2016,08:00:00+08:00,0
06/26/2016,07:00:00+08:00,0
06/25/2016,16:00:00+08:00,5
06/25/2016,15:00:00+08:00,5
06/25/2016,14:00:00+08:00,6
06/25/2016,13:00:00+08:00,6
06/25/2016,12:00:00+08:00,6
06/25/2016,11:00:00+08:00,3
06/25/2016,10:00:00+08:00,2
06/25/2016,09:00:00+08:00,1
06/25/2016,08:00:00+08:00,0
06/25/2016,07:00:00+08:00,0
06/24/2016,17:00:00+08:00,1
06/24/2016,16:00:00+08:00,3
06/24/2016,15:00:00+08:00,4
06/24/2016,14:00:00+08:00,2
06/24/2016,13:00:00+08:00,3
06/24/2016,12:00:00+08:00,4
06/24/2016,11:00:00+08:00,2
06/24/2016,10:00:00+08:00,1
06/24/2016,09:00:00+08:00,0
06/24/2016,08:00:00+08:00,0
06/24/2016,07:00:00+08:00,0
06/23/2016,17:00:00+08:00,2
06/23/2016,16:00:00+08:00,4
06/23/2016,15:00:00+08:00,6
06/23/2016,14:00:00+08:00,7
06/23/2016,13:00:00+08:00,5
06/23/2016,12:00:00+08:00,4
06/23/2016,11:00:00+08:00,3
06/23/2016,10:00:00+08:00,2
06/23/2016,09:00:00+08:00,0
06/23/2016,08:00:00+08:00,0
06/23/2016,07:00:00+08:00,0
06/22/2016,17:00:00+08:00,0
06/22/2016,16:00:00+08:00,0
06/22/2016,15:00:00+08:00,0
06/22/2016,14:00:00+08:00,0
06/22/2016,13:00:00+08:00,1
06/22/2016,12:00:00+08:00,3
06/22/2016,11:00:00+08:00,3
06/22/2016,10:00:00+08:00,2
06/22/2016,09:00:00+08:00,0
06/22/2016,08:00:00+08:00,0
06/22/2016,07:00:00+08:00,0
06/21/2016,17:00:00+08:00,0
06/21/2016,16:00:00+08:00,0
06/21/2016,15:00:00+08:00,1
06/21/2016,14:00:00+08:00,3
06/21/2016,13:00:00+08:00,3
06/21/2016,12:00:00+08:00,3
06/21/2016,11:00:00+08:00,3
06/21/2016,10:00:00+08:00,1
06/21/2016,09:00:00+08:00,0
06/21/2016,08:00:00+08:00,0
06/21/2016,07:00:00+08:00,0
06/20/2016,17:00:00+08:00,2
06/20/2016,16:00:00+08:00,3
06/20/2016,15:00:00+08:00,5
06/20/2016,14:00:00+08:00,6
06/20/2016,13:00:00+08:00,7
06/20/2016,12:00:00+08:00,5
06/20/2016,11:00:00+08:00,4
06/20/2016,10:00:00+08:00,2
06/20/2016,09:00:00+08:00,1
06/20/2016,08:00:00+08:00,0
06/20/2016,07:00:00+08:00,0
06/19/2016,17:00:00+08:00,1
06/19/2016,16:00:00+08:00,3
06/19/2016,15:00:00+08:00,2
06/19/2016,14:00:00+08:00,2
06/19/2016,13:00:00+08:00,3
06/19/2016,12:00:00+08:00,4
06/19/2016,11:00:00+08:00,3
06/19/2016,10:00:00+08:00,1
06/19/2016,09:00:00+08:00,0
06/19/2016,08:00:00+08:00,0
06/19/2016,07:00:00+08:00,0
06/18/2016,17:00:00+08:00,1
06/18/2016,16:00:00+08:00,2
06/18/2016,15:00:00+08:00,3
06/18/2016,14:00:00+08:00,4
06/18/2016,13:00:00+08:00,2
06/18/2016,12:00:00+08:00,2
06/18/2016,11:00:00+08:00,2
06/18/2016,10:00:00+08:00,1
06/18/2016,09:00:00+08:00,0
06/18/2016,08:00:00+08:00,0
06/18/2016,07:00:00+08:00,0
06/17/2016,17:00:00+08:00,1
06/17/2016,16:00:00+08:00,1
06/17/2016,15:00:00+08:00,2
06/17/2016,14:00:00+08:00,2
06/17/2016,13:00:00+08:00,1
06/17/2016,12:00:00+08:00,4
06/17/2016,11:00:00+08:00,3
06/17/2016,10:00:00+08:00,1
06/17/2016,09:00:00+08:00,1
06/17/2016,08:00:00+08:00,0
06/17/2016,07:00:00+08:00,0
06/16/2016,17:00:00+08:00,1
06/16/2016,16:00:00+08:00,1
06/16/2016,15:00:00+08:00,2
06/16/2016,14:00:00+08:00,6
06/16/2016,13:00:00+08:00,8
06/16/2016,12:00:00+08:00,6
06/16/2016,11:00:00+08:00,5
06/16/2016,10:00:00+08:00,1
06/16/2016,09:00:00+08:00,1
06/16/2016,08:00:00+08:00,0
06/16/2016,07:00:00+08:00,0
06/15/2016,17:00:00+08:00,2
06/15/2016,16:00:00+08:00,3
06/15/2016,15:00:00+08:00,5
06/15/2016,14:00:00+08:00,6
06/15/2016,13:00:00+08:00,4
06/15/2016,12:00:00+08:00,1
06/15/2016,11:00:00+08:00,1
06/15/2016,10:00:00+08:00,2
06/15/2016,09:00:00+08:00,0
06/15/2016,08:00:00+08:00,0
06/15/2016,07:00:00+08:00,0
06/14/2016,17:00:00+08:00,1
06/14/2016,16:00:00+08:00,4
06/14/2016,15:00:00+08:00,7
06/14/2016,14:00:00+08:00,7
06/14/2016,13:00:00+08:00,7
06/14/2016,12:00:00+08:00,6
06/14/2016,11:00:00+08:00,5
06/14/2016,10:00:00+08:00,2
06/14/2016,09:00:00+08:00,1
06/14/2016,08:00:00+08:00,0
06/14/2016,07:00:00+08:00,0
06/13/2016,17:00:00+08:00,1
06/13/2016,16:00:00+08:00,4
06/13/2016,15:00:00+08:00,6
06/13/2016,14:00:00+08:00,8
06/13/2016,13:00:00+08:00,8
06/13/2016,12:00:00+08:00,6
06/13/2016,11:00:00+08:00,4
06/13/2016,10:00:00+08:00,2
06/13/2016,09:00:00+08:00,1
06/13/2016,08:00:00+08:00,0
06/13/2016,07:00:00+08:00,0
06/12/2016,17:00:00+08:00,2
06/12/2016,16:00:00+08:00,4
06/12/2016,15:00:00+08:00,6
06/12/2016,14:00:00+08:00,7
06/12/2016,13:00:00+08:00,8
06/12/2016,12:00:00+08:00,7
06/12/2016,11:00:00+08:00,5
06/12/2016,10:00:00+08:00,2
06/12/2016,09:00:00+08:00,1
06/12/2016,08:00:00+08:00,0
06/12/2016,07:00:00+08:00,0
06/11/2016,17:00:00+08:00,1
06/11/2016,16:00:00+08:00,0
06/11/2016,15:00:00+08:00,0
06/11/2016,14:00:00+08:00,0
06/11/2016,13:00:00+08:00,1
06/11/2016,12:00:00+08:00,6
06/11/2016,11:00:00+08:00,4
06/11/2016,10:00:00+08:00,2
06/11/2016,09:00:00+08:00,1
06/11/2016,08:00:00+08:00,0
06/11/2016,07:00:00+08:00,0
06/10/2016,17:00:00+08:00,2
06/10/2016,16:00:00+08:00,4
06/10/2016,15:00:00+08:00,3
06/10/2016,14:00:00+08:00,1
06/10/2016,13:00:00+08:00,5
06/10/2016,12:00:00+08:00,5
06/10/2016,11:00:00+08:00,5
06/10/2016,10:00:00+08:00,2
06/10/2016,09:00:00+08:00,1
06/10/2016,08:00:00+08:00,0
06/10/2016,07:00:00+08:00,0
06/09/2016,17:00:00+08:00,1
06/09/2016,16:00:00+08:00,2
06/09/2016,15:00:00+08:00,5
06/09/2016,14:00:00+08:00,7
06/09/2016,13:00:00+08:00,7
06/09/2016,12:00:00+08:00,5
06/09/2016,11:00:00+08:00,4
06/09/2016,10:00:00+08:00,2
06/09/2016,09:00:00+08:00,1
06/09/2016,08:00:00+08:00,0
06/09/2016,07:00:00+08:00,0
06/08/2016,17:00:00+08:00,2
06/08/2016,16:00:00+08:00,3
06/08/2016,15:00:00+08:00,3
06/08/2016,14:00:00+08:00,2
06/08/2016,13:00:00+08:00,1
06/08/2016,12:00:00+08:00,2
06/08/2016,11:00:00+08:00,2
06/08/2016,10:00:00+08:00,2
06/08/2016,09:00:00+08:00,0
06/08/2016,08:00:00+08:00,0
06/08/2016,07:00:00+08:00,0
06/07/2016,17:00:00+08:00,2
06/07/2016,16:00:00+08:00,4
06/07/2016,15:00:00+08:00,4
06/07/2016,14:00:00+08:00,6
06/07/2016,13:00:00+08:00,8
06/07/2016,12:00:00+08:00,6
06/07/2016,11:00:00+08:00,5
06/07/2016,10:00:00+08:00,2
06/07/2016,09:00:00+08:00,1
06/07/2016,08:00:00+08:00,0
06/07/2016,07:00:00+08:00,0
06/06/2016,17:00:00+08:00,2
06/06/2016,16:00:00+08:00,3
06/06/2016,15:00:00+08:00,6
06/06/2016,14:00:00+08:00,8
06/06/2016,13:00:00+08:00,7
06/06/2016,12:00:00+08:00,6
06/06/2016,11:00:00+08:00,4
06/06/2016,10:00:00+08:00,2
06/06/2016,09:00:00+08:00,1
06/06/2016,08:00:00+08:00,0
06/06/2016,07:00:00+08:00,0
06/05/2016,17:00:00+08:00,2
06/05/2016,16:00:00+08:00,3
06/05/2016,15:00:00+08:00,4
06/05/2016,14:00:00+08:00,5
06/05/2016,13:00:00+08:00,5
06/05/2016,12:00:00+08:00,2
06/05/2016,11:00:00+08:00,2
06/05/2016,10:00:00+08:00,1
06/05/2016,09:00:00+08:00,0
06/05/2016,08:00:00+08:00,0
06/05/2016,07:00:00+08:00,0
06/04/2016,17:00:00+08:00,1
06/04/2016,16:00:00+08:00,1
06/04/2016,15:00:00+08:00,1
06/04/2016,14:00:00+08:00,1
06/04/2016,13:00:00+08:00,1
06/04/2016,12:00:00+08:00,1
06/04/2016,11:00:00+08:00,0
06/04/2016,10:00:00+08:00,0
06/04/2016,09:00:00+08:00,0
06/04/2016,08:00:00+08:00,0
06/04/2016,07:00:00+08:00,0
06/03/2016,17:00:00+08:00,1
06/03/2016,16:00:00+08:00,0
06/03/2016,15:00:00+08:00,2
06/03/2016,14:00:00+08:00,5
06/03/2016,13:00:00+08:00,7
06/03/2016,12:00:00+08:00,7
06/03/2016,11:00:00+08:00,4
06/03/2016,10:00:00+08:00,2
06/03/2016,09:00:00+08:00,1
06/03/2016,08:00:00+08:00,0
06/03/2016,07:00:00+08:00,0
06/02/2016,17:00:00+08:00,0
06/02/2016,16:00:00+08:00,3
06/02/2016,15:00:00+08:00,4
06/02/2016,14:00:00+08:00,5
06/02/2016,13:00:00+08:00,5
06/02/2016,12:00:00+08:00,6
06/02/2016,11:00:00+08:00,4
06/02/2016,10:00:00+08:00,2
06/02/2016,09:00:00+08:00,1
06/02/2016,08:00:00+08:00,0
06/02/2016,07:00:00+08:00,0
06/01/2016,17:00:00+08:00,2
06/01/2016,16:00:00+08:00,1
06/01/2016,15:00:00+08:00,2
06/01/2016,14:00:00+08:00,2
06/01/2016,13:00:00+08:00,1
06/01/2016,12:00:00+08:00,4
06/01/2016,11:00:00+08:00,5
06/01/2016,10:00:00+08:00,2
06/01/2016,09:00:00+08:00,1
06/01/2016,08:00:00+08:00,0
06/01/2016,07:00:00+08:00,0
05/28/2016,16:00:00+08:00,4
05/28/2016,15:00:00+08:00,5
05/28/2016,14:00:00+08:00,5
05/28/2016,13:00:00+08:00,5
05/28/2016,12:00:00+08:00,3
05/28/2016,11:00:00+08:00,3
05/28/2016,10:00:00+08:00,1
05/28/2016,09:00:00+08:00,0
05/28/2016,08:00:00+08:00,0
05/28/2016,07:00:00+08:00,0
05/27/2016,17:00:00+08:00,1
05/27/2016,16:00:00+08:00,4
05/27/2016,15:00:00+08:00,7
05/27/2016,14:00:00+08:00,7
05/27/2016,13:00:00+08:00,8
05/27/2016,12:00:00+08:00,6
05/27/2016,11:00:00+08:00,4
05/27/2016,10:00:00+08:00,2
05/27/2016,09:00:00+08:00,1
05/27/2016,08:00:00+08:00,0
05/27/2016,07:00:00+08:00,0
05/26/2016,17:00:00+08:00,3
05/26/2016,16:00:00+08:00,5
05/26/2016,15:00:00+08:00,6
05/26/2016,14:00:00+08:00,5
05/26/2016,13:00:00+08:00,3
05/26/2016,12:00:00+08:00,4
05/26/2016,11:00:00+08:00,3
05/26/2016,10:00:00+08:00,1
05/26/2016,09:00:00+08:00,0
05/26/2016,08:00:00+08:00,0
05/26/2016,07:00:00+08:00,0
05/25/2016,17:00:00+08:00,2
05/25/2016,16:00:00+08:00,4
05/25/2016,15:00:00+08:00,4
05/25/2016,14:00:00+08:00,6
05/25/2016,13:00:00+08:00,4
05/25/2016,12:00:00+08:00,5
05/25/2016,11:00:00+08:00,4
05/25/2016,10:00:00+08:00,3
05/25/2016,09:00:00+08:00,1
05/25/2016,08:00:00+08:00,0
05/25/2016,07:00:00+08:00,0
05/24/2016,17:00:00+08:00,2
05/24/2016,16:00:00+08:00,3
05/24/2016,15:00:00+08:00,5
05/24/2016,14:00:00+08:00,6
05/24/2016,13:00:00+08:00,3
05/24/2016,12:00:00+08:00,3
05/24/2016,11:00:00+08:00,3
05/24/2016,10:00:00+08:00,2
05/24/2016,09:00:00+08:00,0
05/24/2016,08:00:00+08:00,0
05/24/2016,07:00:00+08:00,0
05/23/2016,17:00:00+08:00,2
05/23/2016,16:00:00+08:00,5
05/23/2016,15:00:00+08:00,6
05/23/2016,14:00:00+08:00,7
05/23/2016,13:00:00+08:00,6
05/23/2016,12:00:00+08:00,5
05/23/2016,11:00:00+08:00,4
05/23/2016,10:00:00+08:00,3
05/23/2016,09:00:00+08:00,1
05/23/2016,08:00:00+08:00,0
05/23/2016,07:00:00+08:00,0
05/22/2016,17:00:00+08:00,2
05/22/2016,16:00:00+08:00,2
05/22/2016,15:00:00+08:00,7
05/22/2016,14:00:00+08:00,6
05/22/2016,13:00:00+08:00,7
05/22/2016,12:00:00+08:00,6
05/22/2016,11:00:00+08:00,4
05/22/2016,10:00:00+08:00,2
05/22/2016,09:00:00+08:00,0
05/22/2016,08:00:00+08:00,0
05/22/2016,07:00:00+08:00,0
05/21/2016,17:00:00+08:00,1
05/21/2016,16:00:00+08:00,2
05/21/2016,15:00:00+08:00,2
05/21/2016,14:00:00+08:00,4
05/21/2016,13:00:00+08:00,3
05/21/2016,12:00:00+08:00,2
05/21/2016,11:00:00+08:00,3
05/21/2016,10:00:00+08:00,3
05/21/2016,09:00:00+08:00,1
05/21/2016,08:00:00+08:00,0
05/21/2016,07:00:00+08:00,0
05/20/2016,17:00:00+08:00,1
05/20/2016,16:00:00+08:00,2
05/20/2016,15:00:00+08:00,1
05/20/2016,14:00:00+08:00,1
05/20/2016,13:00:00+08:00,2
05/20/2016,12:00:00+08:00,6
05/20/2016,11:00:00+08:00,5
05/20/2016,10:00:00+08:00,2
05/20/2016,09:00:00+08:00,1
05/20/2016,08:00:00+08:00,0
05/20/2016,07:00:00+08:00,0
05/19/2016,17:00:00+08:00,1
05/19/2016,16:00:00+08:00,2
05/19/2016,15:00:00+08:00,2
05/19/2016,14:00:00+08:00,2
05/19/2016,13:00:00+08:00,6
05/19/2016,12:00:00+08:00,7
05/19/2016,11:00:00+08:00,4
05/19/2016,10:00:00+08:00,2
05/19/2016,09:00:00+08:00,1
05/19/2016,08:00:00+08:00,0
05/19/2016,07:00:00+08:00,0
05/18/2016,17:00:00+08:00,-1
05/18/2016,16:00:00+08:00,-1
05/18/2016,15:00:00+08:00,-1
05/18/2016,14:00:00+08:00,2
05/18/2016,13:00:00+08:00,8
05/18/2016,12:00:00+08:00,7
05/18/2016,11:00:00+08:00,5
05/18/2016,10:00:00+08:00,3
05/18/2016,09:00:00+08:00,1
05/18/2016,08:00:00+08:00,0
05/18/2016,07:00:00+08:00,0
05/17/2016,17:00:00+08:00,0
05/17/2016,16:00:00+08:00,3
05/17/2016,15:00:00+08:00,5
05/17/2016,14:00:00+08:00,4
05/17/2016,13:00:00+08:00,6
05/17/2016,12:00:00+08:00,6
05/17/2016,11:00:00+08:00,5
05/17/2016,10:00:00+08:00,2
05/17/2016,09:00:00+08:00,1
05/17/2016,08:00:00+08:00,0
05/17/2016,07:00:00+08:00,0
05/16/2016,17:00:00+08:00,0
05/16/2016,16:00:00+08:00,1
05/16/2016,15:00:00+08:00,5
05/16/2016,14:00:00+08:00,-1
05/16/2016,13:00:00+08:00,-1
05/16/2016,12:00:00+08:00,-1
05/16/2016,11:00:00+08:00,-1
05/16/2016,10:00:00+08:00,-1
05/16/2016,09:00:00+08:00,0
05/16/2016,08:00:00+08:00,0
05/16/2016,07:00:00+08:00,0
05/15/2016,17:00:00+08:00,1
05/15/2016,16:00:00+08:00,3
05/15/2016,15:00:00+08:00,2
05/15/2016,14:00:00+08:00,6
05/15/2016,13:00:00+08:00,5
05/15/2016,12:00:00+08:00,6
05/15/2016,11:00:00+08:00,5
05/15/2016,10:00:00+08:00,3
05/15/2016,09:00:00+08:00,1
05/15/2016,08:00:00+08:00,0
05/15/2016,07:00:00+08:00,0
05/14/2016,17:00:00+08:00,0
05/14/2016,16:00:00+08:00,0
05/14/2016,15:00:00+08:00,0
05/14/2016,14:00:00+08:00,1
05/14/2016,13:00:00+08:00,5
05/14/2016,12:00:00+08:00,3
05/14/2016,11:00:00+08:00,3
05/14/2016,10:00:00+08:00,2
05/14/2016,09:00:00+08:00,1
05/14/2016,08:00:00+08:00,0
05/14/2016,07:00:00+08:00,0
05/13/2016,17:00:00+08:00,3
05/13/2016,16:00:00+08:00,4
05/13/2016,15:00:00+08:00,4
05/13/2016,14:00:00+08:00,3
05/13/2016,13:00:00+08:00,2
05/13/2016,12:00:00+08:00,2
05/13/2016,11:00:00+08:00,2
05/13/2016,10:00:00+08:00,1
05/13/2016,09:00:00+08:00,1
05/13/2016,08:00:00+08:00,0
05/13/2016,07:00:00+08:00,0
05/12/2016,17:00:00+08:00,1
05/12/2016,16:00:00+08:00,4
05/12/2016,15:00:00+08:00,4
05/12/2016,14:00:00+08:00,5
05/12/2016,13:00:00+08:00,8
05/12/2016,12:00:00+08:00,7
05/12/2016,11:00:00+08:00,5
05/12/2016,10:00:00+08:00,3
05/12/2016,09:00:00+08:00,1
05/12/2016,08:00:00+08:00,0
05/12/2016,07:00:00+08:00,0
05/11/2016,17:00:00+08:00,0
05/11/2016,16:00:00+08:00,2
05/11/2016,15:00:00+08:00,3
05/11/2016,14:00:00+08:00,4
05/11/2016,13:00:00+08:00,5
05/11/2016,12:00:00+08:00,4
05/11/2016,11:00:00+08:00,4
05/11/2016,10:00:00+08:00,3
05/11/2016,09:00:00+08:00,1
05/11/2016,08:00:00+08:00,0
05/11/2016,07:00:00+08:00,0
05/10/2016,17:00:00+08:00,1
05/10/2016,16:00:00+08:00,3
05/10/2016,15:00:00+08:00,5
05/10/2016,14:00:00+08:00,8
05/10/2016,13:00:00+08:00,9
05/10/2016,12:00:00+08:00,7
05/10/2016,11:00:00+08:00,5
05/10/2016,10:00:00+08:00,3
05/10/2016,09:00:00+08:00,1
05/10/2016,08:00:00+08:00,0
05/10/2016,07:00:00+08:00,0
05/09/2016,17:00:00+08:00,1
05/09/2016,16:00:00+08:00,3
05/09/2016,15:00:00+08:00,6
05/09/2016,14:00:00+08:00,6
05/09/2016,13:00:00+08:00,8
05/09/2016,12:00:00+08:00,7
05/09/2016,11:00:00+08:00,4
05/09/2016,10:00:00+08:00,2
05/09/2016,09:00:00+08:00,1
05/09/2016,08:00:00+08:00,0
05/09/2016,07:00:00+08:00,0
05/08/2016,17:00:00+08:00,1
05/08/2016,16:00:00+08:00,4
05/08/2016,15:00:00+08:00,6
05/08/2016,14:00:00+08:00,8
05/08/2016,13:00:00+08:00,8
05/08/2016,12:00:00+08:00,7
05/08/2016,11:00:00+08:00,5
05/08/2016,10:00:00+08:00,3
05/08/2016,09:00:00+08:00,1
05/08/2016,08:00:00+08:00,0
05/08/2016,07:00:00+08:00,0
05/07/2016,14:00:00+08:00,7
05/07/2016,13:00:00+08:00,7
05/07/2016,12:00:00+08:00,6
05/07/2016,11:00:00+08:00,5
05/07/2016,10:00:00+08:00,2
05/07/2016,09:00:00+08:00,1
05/07/2016,08:00:00+08:00,0
05/07/2016,07:00:00+08:00,0
05/06/2016,17:00:00+08:00,1
05/06/2016,16:00:00+08:00,1
05/06/2016,15:00:00+08:00,3
05/06/2016,14:00:00+08:00,4
05/06/2016,13:00:00+08:00,9
05/06/2016,12:00:00+08:00,8
05/06/2016,11:00:00+08:00,5
05/06/2016,10:00:00+08:00,2
05/06/2016,09:00:00+08:00,1
05/06/2016,08:00:00+08:00,0
05/06/2016,07:00:00+08:00,0
05/05/2016,17:00:00+08:00,1
05/05/2016,16:00:00+08:00,3
05/05/2016,15:00:00+08:00,4
05/05/2016,14:00:00+08:00,3
05/05/2016,13:00:00+08:00,6
05/05/2016,12:00:00+08:00,8
05/05/2016,11:00:00+08:00,5
05/05/2016,10:00:00+08:00,3
05/05/2016,09:00:00+08:00,1
05/05/2016,08:00:00+08:00,0
05/05/2016,07:00:00+08:00,0
05/04/2016,17:00:00+08:00,3
05/04/2016,16:00:00+08:00,4
05/04/2016,15:00:00+08:00,7
05/04/2016,14:00:00+08:00,8
05/04/2016,13:00:00+08:00,9
05/04/2016,12:00:00+08:00,8
05/04/2016,11:00:00+08:00,6
05/04/2016,10:00:00+08:00,3
05/04/2016,09:00:00+08:00,1
05/04/2016,08:00:00+08:00,0
05/04/2016,07:00:00+08:00,0
05/03/2016,17:00:00+08:00,1
05/03/2016,16:00:00+08:00,2
05/03/2016,15:00:00+08:00,7
05/03/2016,14:00:00+08:00,7
05/03/2016,13:00:00+08:00,7
05/03/2016,12:00:00+08:00,7
05/03/2016,11:00:00+08:00,5
05/03/2016,10:00:00+08:00,3
05/03/2016,09:00:00+08:00,1
05/03/2016,08:00:00+08:00,0
05/03/2016,07:00:00+08:00,0
05/02/2016,17:00:00+08:00,1
05/02/2016,16:00:00+08:00,2
05/02/2016,15:00:00+08:00,3
05/02/2016,14:00:00+08:00,6
05/02/2016,13:00:00+08:00,8
05/02/2016,12:00:00+08:00,6
05/02/2016,11:00:00+08:00,4
05/02/2016,10:00:00+08:00,2
05/02/2016,09:00:00+08:00,0
05/02/2016,08:00:00+08:00,0
05/02/2016,07:00:00+08:00,0
05/01/2016,17:00:00+08:00,3
05/01/2016,16:00:00+08:00,5
05/01/2016,15:00:00+08:00,5
05/01/2016,14:00:00+08:00,7
05/01/2016,13:00:00+08:00,7
05/01/2016,12:00:00+08:00,6
05/01/2016,11:00:00+08:00,5
05/01/2016,10:00:00+08:00,3
05/01/2016,09:00:00+08:00,1
05/01/2016,08:00:00+08:00,0
05/01/2016,07:00:00+08:00,0
04/30/2016,17:00:00+08:00,1
04/30/2016,16:00:00+08:00,1
04/30/2016,15:00:00+08:00,0
04/30/2016,14:00:00+08:00,6
04/30/2016,13:00:00+08:00,8
04/30/2016,12:00:00+08:00,7
04/30/2016,11:00:00+08:00,5
04/30/2016,10:00:00+08:00,2
04/30/2016,09:00:00+08:00,1
04/30/2016,08:00:00+08:00,0
04/30/2016,07:00:00+08:00,0
04/29/2016,17:00:00+08:00,2
04/29/2016,16:00:00+08:00,1
04/29/2016,15:00:00+08:00,0
04/29/2016,14:00:00+08:00,6
04/29/2016,13:00:00+08:00,4
04/29/2016,12:00:00+08:00,5
04/29/2016,11:00:00+08:00,5
04/29/2016,10:00:00+08:00,3
04/29/2016,09:00:00+08:00,1
04/29/2016,08:00:00+08:00,0
04/29/2016,07:00:00+08:00,0
04/28/2016,17:00:00+08:00,1
04/28/2016,16:00:00+08:00,2
04/28/2016,15:00:00+08:00,1
04/28/2016,14:00:00+08:00,2
04/28/2016,13:00:00+08:00,6
04/28/2016,12:00:00+08:00,5
04/28/2016,11:00:00+08:00,5
04/28/2016,10:00:00+08:00,-1
04/28/2016,09:00:00+08:00,0
04/28/2016,08:00:00+08:00,0
04/28/2016,07:00:00+08:00,0
04/27/2016,17:00:00+08:00,0
04/27/2016,16:00:00+08:00,5
04/27/2016,15:00:00+08:00,4
04/27/2016,14:00:00+08:00,-1
04/27/2016,13:00:00+08:00,-1
04/27/2016,12:00:00+08:00,-1
04/27/2016,11:00:00+08:00,-1
04/27/2016,10:00:00+08:00,-1
04/27/2016,09:00:00+08:00,1
04/27/2016,08:00:00+08:00,0
04/27/2016,07:00:00+08:00,0
04/26/2016,17:00:00+08:00,1
04/26/2016,16:00:00+08:00,2
04/26/2016,15:00:00+08:00,5
04/26/2016,14:00:00+08:00,6
04/26/2016,13:00:00+08:00,5
04/26/2016,12:00:00+08:00,4
04/26/2016,11:00:00+08:00,5
04/26/2016,10:00:00+08:00,2
04/26/2016,09:00:00+08:00,1
04/26/2016,08:00:00+08:00,0
04/26/2016,07:00:00+08:00,0
04/25/2016,17:00:00+08:00,1
04/25/2016,16:00:00+08:00,3
04/25/2016,15:00:00+08:00,3
04/25/2016,14:00:00+08:00,1
04/25/2016,13:00:00+08:00,4
04/25/2016,12:00:00+08:00,4
04/25/2016,11:00:00+08:00,5
04/25/2016,10:00:00+08:00,3
04/25/2016,09:00:00+08:00,1
04/25/2016,08:00:00+08:00,0
04/25/2016,07:00:00+08:00,0
04/23/2016,16:00:00+08:00,3
04/23/2016,15:00:00+08:00,5
04/23/2016,14:00:00+08:00,6
04/23/2016,13:00:00+08:00,8
04/23/2016,12:00:00+08:00,6
04/23/2016,11:00:00+08:00,4
04/23/2016,10:00:00+08:00,2
04/23/2016,09:00:00+08:00,1
04/23/2016,08:00:00+08:00,0
04/23/2016,07:00:00+08:00,0
04/22/2016,17:00:00+08:00,0
04/22/2016,16:00:00+08:00,1
04/22/2016,15:00:00+08:00,3
04/22/2016,14:00:00+08:00,6
04/22/2016,13:00:00+08:00,7
04/22/2016,12:00:00+08:00,6
04/22/2016,11:00:00+08:00,5
04/22/2016,10:00:00+08:00,2
04/22/2016,09:00:00+08:00,1
04/22/2016,08:00:00+08:00,0
04/22/2016,07:00:00+08:00,0
04/21/2016,13:00:00+08:00,9
04/21/2016,12:00:00+08:00,7
04/21/2016,11:00:00+08:00,5
04/21/2016,10:00:00+08:00,3
04/21/2016,09:00:00+08:00,1
04/21/2016,08:00:00+08:00,0
04/21/2016,07:00:00+08:00,0
04/20/2016,17:00:00+08:00,0
04/20/2016,16:00:00+08:00,1
04/20/2016,15:00:00+08:00,2
04/20/2016,14:00:00+08:00,2
04/20/2016,13:00:00+08:00,7
04/20/2016,12:00:00+08:00,8
04/20/2016,11:00:00+08:00,5
04/20/2016,10:00:00+08:00,3
04/20/2016,09:00:00+08:00,0
04/20/2016,08:00:00+08:00,0
04/20/2016,07:00:00+08:00,0
04/19/2016,17:00:00+08:00,3
04/19/2016,16:00:00+08:00,6
04/19/2016,15:00:00+08:00,8
04/19/2016,14:00:00+08:00,9
04/19/2016,13:00:00+08:00,8
04/19/2016,12:00:00+08:00,8
04/19/2016,11:00:00+08:00,4
04/19/2016,10:00:00+08:00,3
04/19/2016,09:00:00+08:00,1
04/19/2016,08:00:00+08:00,0
04/19/2016,07:00:00+08:00,0
04/18/2016,17:00:00+08:00,3
04/18/2016,16:00:00+08:00,5
04/18/2016,15:00:00+08:00,7
04/18/2016,14:00:00+08:00,8
04/18/2016,13:00:00+08:00,9
04/18/2016,12:00:00+08:00,7
04/18/2016,11:00:00+08:00,5
04/18/2016,10:00:00+08:00,2
04/18/2016,09:00:00+08:00,1
04/18/2016,08:00:00+08:00,0
04/18/2016,07:00:00+08:00,0
04/17/2016,17:00:00+08:00,3
04/17/2016,16:00:00+08:00,3
04/17/2016,15:00:00+08:00,7
04/17/2016,14:00:00+08:00,9
04/17/2016,13:00:00+08:00,8
04/17/2016,12:00:00+08:00,7
04/17/2016,11:00:00+08:00,5
04/17/2016,10:00:00+08:00,3
04/17/2016,09:00:00+08:00,1
04/17/2016,08:00:00+08:00,0
04/17/2016,07:00:00+08:00,0
04/16/2016,17:00:00+08:00,2
04/16/2016,16:00:00+08:00,5
04/16/2016,15:00:00+08:00,8
04/16/2016,14:00:00+08:00,9
04/16/2016,13:00:00+08:00,6
04/16/2016,12:00:00+08:00,8
04/16/2016,11:00:00+08:00,6
04/16/2016,10:00:00+08:00,3
04/16/2016,09:00:00+08:00,1
04/16/2016,08:00:00+08:00,0
04/16/2016,07:00:00+08:00,-1
04/15/2016,17:00:00+08:00,2
04/15/2016,16:00:00+08:00,3
04/15/2016,15:00:00+08:00,4
04/15/2016,14:00:00+08:00,4
04/15/2016,13:00:00+08:00,4
04/15/2016,12:00:00+08:00,5
04/15/2016,11:00:00+08:00,3
04/15/2016,10:00:00+08:00,1
04/15/2016,09:00:00+08:00,0
04/15/2016,08:00:00+08:00,0
04/15/2016,07:00:00+08:00,0
04/14/2016,17:00:00+08:00,1
04/14/2016,16:00:00+08:00,4
04/14/2016,15:00:00+08:00,7
04/14/2016,14:00:00+08:00,5
04/14/2016,13:00:00+08:00,2
04/14/2016,12:00:00+08:00,3
04/14/2016,11:00:00+08:00,2
04/14/2016,10:00:00+08:00,1
04/14/2016,09:00:00+08:00,0
04/14/2016,08:00:00+08:00,0
04/14/2016,07:00:00+08:00,0
04/13/2016,17:00:00+08:00,2
04/13/2016,16:00:00+08:00,3
04/13/2016,15:00:00+08:00,4
04/13/2016,14:00:00+08:00,6
04/13/2016,13:00:00+08:00,5
04/13/2016,12:00:00+08:00,5
04/13/2016,11:00:00+08:00,4
04/13/2016,10:00:00+08:00,2
04/13/2016,09:00:00+08:00,1
04/13/2016,08:00:00+08:00,0
04/13/2016,07:00:00+08:00,0
04/12/2016,17:00:00+08:00,-1
04/12/2016,16:00:00+08:00,-1
04/12/2016,15:00:00+08:00,3
04/12/2016,14:00:00+08:00,5
04/12/2016,13:00:00+08:00,6
04/12/2016,12:00:00+08:00,4
04/12/2016,11:00:00+08:00,1
04/12/2016,10:00:00+08:00,0
04/12/2016,09:00:00+08:00,0
04/12/2016,08:00:00+08:00,0
04/12/2016,07:00:00+08:00,0
04/06/2016,14:00:00+08:00,8
04/06/2016,13:00:00+08:00,9
04/06/2016,12:00:00+08:00,6
04/06/2016,11:00:00+08:00,3
04/06/2016,10:00:00+08:00,3
04/06/2016,09:00:00+08:00,1
04/06/2016,08:00:00+08:00,0
04/06/2016,07:00:00+08:00,0
04/05/2016,17:00:00+08:00,1
04/05/2016,16:00:00+08:00,4
04/05/2016,15:00:00+08:00,6
04/05/2016,14:00:00+08:00,5
04/05/2016,13:00:00+08:00,-1
04/05/2016,12:00:00+08:00,-1
04/05/2016,11:00:00+08:00,-1
04/05/2016,10:00:00+08:00,-1
04/05/2016,09:00:00+08:00,-1
04/05/2016,08:00:00+08:00,-1
04/05/2016,07:00:00+08:00,-1
04/04/2016,17:00:00+08:00,2
04/04/2016,16:00:00+08:00,4
04/04/2016,15:00:00+08:00,3
04/04/2016,14:00:00+08:00,3
04/04/2016,13:00:00+08:00,4
04/04/2016,12:00:00+08:00,7
04/04/2016,11:00:00+08:00,6
04/04/2016,10:00:00+08:00,4
04/04/2016,09:00:00+08:00,1
04/04/2016,08:00:00+08:00,0
04/04/2016,07:00:00+08:00,0
04/03/2016,17:00:00+08:00,1
04/03/2016,16:00:00+08:00,0
04/03/2016,15:00:00+08:00,1
04/03/2016,14:00:00+08:00,4
04/03/2016,13:00:00+08:00,5
04/03/2016,12:00:00+08:00,3
04/03/2016,11:00:00+08:00,5
04/03/2016,10:00:00+08:00,3
04/03/2016,09:00:00+08:00,1
04/03/2016,08:00:00+08:00,0
04/03/2016,07:00:00+08:00,0
04/02/2016,17:00:00+08:00,4
04/02/2016,16:00:00+08:00,6
04/02/2016,15:00:00+08:00,8
04/02/2016,14:00:00+08:00,8
04/02/2016,13:00:00+08:00,9
04/02/2016,12:00:00+08:00,-1
04/02/2016,11:00:00+08:00,4
04/02/2016,10:00:00+08:00,3
04/02/2016,09:00:00+08:00,1
04/02/2016,08:00:00+08:00,-1
04/02/2016,07:00:00+08:00,-1
04/01/2016,17:00:00+08:00,4
04/01/2016,16:00:00+08:00,6
04/01/2016,15:00:00+08:00,9
04/01/2016,14:00:00+08:00,9
04/01/2016,13:00:00+08:00,10
04/01/2016,12:00:00+08:00,-1
04/01/2016,11:00:00+08:00,-1
04/01/2016,10:00:00+08:00,2
04/01/2016,09:00:00+08:00,1
04/01/2016,08:00:00+08:00,0
04/01/2016,07:00:00+08:00,0
03/31/2016,17:00:00+08:00,2
03/31/2016,16:00:00+08:00,6
03/31/2016,15:00:00+08:00,9
03/31/2016,14:00:00+08:00,9
03/31/2016,13:00:00+08:00,10
03/31/2016,12:00:00+08:00,7
03/31/2016,11:00:00+08:00,6
03/31/2016,10:00:00+08:00,2
03/31/2016,09:00:00+08:00,1
03/31/2016,08:00:00+08:00,0
03/31/2016,07:00:00+08:00,0
03/30/2016,17:00:00+08:00,3
03/30/2016,16:00:00+08:00,5
03/30/2016,15:00:00+08:00,7
03/30/2016,14:00:00+08:00,9
03/30/2016,13:00:00+08:00,9
03/30/2016,12:00:00+08:00,8
03/30/2016,11:00:00+08:00,4
03/30/2016,10:00:00+08:00,2
03/30/2016,09:00:00+08:00,1
03/30/2016,08:00:00+08:00,0
03/30/2016,07:00:00+08:00,0
03/29/2016,17:00:00+08:00,-1
03/29/2016,16:00:00+08:00,-1
03/29/2016,15:00:00+08:00,-1
03/29/2016,14:00:00+08:00,-1
03/29/2016,13:00:00+08:00,9
03/29/2016,12:00:00+08:00,7
03/29/2016,11:00:00+08:00,5
03/29/2016,10:00:00+08:00,3
03/29/2016,09:00:00+08:00,0
03/29/2016,08:00:00+08:00,0
03/29/2016,07:00:00+08:00,0
03/28/2016,17:00:00+08:00,3
03/28/2016,16:00:00+08:00,4
03/28/2016,15:00:00+08:00,5
03/28/2016,14:00:00+08:00,9
03/28/2016,13:00:00+08:00,8
03/28/2016,12:00:00+08:00,7
03/28/2016,11:00:00+08:00,5
03/28/2016,10:00:00+08:00,2
03/28/2016,09:00:00+08:00,1
03/28/2016,08:00:00+08:00,0
03/28/2016,07:00:00+08:00,0
03/27/2016,17:00:00+08:00,3
03/27/2016,16:00:00+08:00,6
03/27/2016,15:00:00+08:00,8
03/27/2016,14:00:00+08:00,10
03/27/2016,13:00:00+08:00,10
03/27/2016,12:00:00+08:00,8
03/27/2016,11:00:00+08:00,5
03/27/2016,10:00:00+08:00,2
03/27/2016,09:00:00+08:00,0
03/27/2016,08:00:00+08:00,0
03/27/2016,07:00:00+08:00,0
03/26/2016,17:00:00+08:00,3
03/26/2016,16:00:00+08:00,5
03/26/2016,15:00:00+08:00,7
03/26/2016,14:00:00+08:00,7
03/26/2016,13:00:00+08:00,7
03/26/2016,12:00:00+08:00,7
03/26/2016,11:00:00+08:00,5
03/26/2016,10:00:00+08:00,2
03/26/2016,09:00:00+08:00,1
03/26/2016,08:00:00+08:00,0
03/26/2016,07:00:00+08:00,0
03/25/2016,17:00:00+08:00,2
03/25/2016,16:00:00+08:00,3
03/25/2016,15:00:00+08:00,6
03/25/2016,14:00:00+08:00,9
03/25/2016,13:00:00+08:00,8
03/25/2016,12:00:00+08:00,6
03/25/2016,11:00:00+08:00,4
03/25/2016,10:00:00+08:00,2
03/25/2016,09:00:00+08:00,1
03/25/2016,08:00:00+08:00,0
03/25/2016,07:00:00+08:00,0
03/24/2016,17:00:00+08:00,2
03/24/2016,16:00:00+08:00,5
03/24/2016,15:00:00+08:00,6
03/24/2016,14:00:00+08:00,7
03/24/2016,13:00:00+08:00,6
03/24/2016,12:00:00+08:00,6
03/24/2016,11:00:00+08:00,3
03/24/2016,10:00:00+08:00,2
03/24/2016,09:00:00+08:00,1
03/24/2016,08:00:00+08:00,0
03/24/2016,07:00:00+08:00,0
03/23/2016,17:00:00+08:00,1
03/23/2016,16:00:00+08:00,2
03/23/2016,15:00:00+08:00,2
03/23/2016,14:00:00+08:00,5
03/23/2016,13:00:00+08:00,5
03/23/2016,12:00:00+08:00,5
03/23/2016,11:00:00+08:00,4
03/23/2016,10:00:00+08:00,2
03/23/2016,09:00:00+08:00,0
03/23/2016,08:00:00+08:00,0
03/23/2016,07:00:00+08:00,0
03/22/2016,17:00:00+08:00,0
03/22/2016,16:00:00+08:00,3
03/22/2016,15:00:00+08:00,3
03/22/2016,14:00:00+08:00,5
03/22/2016,13:00:00+08:00,4
03/22/2016,12:00:00+08:00,4
03/22/2016,11:00:00+08:00,2
03/22/2016,10:00:00+08:00,1
03/22/2016,09:00:00+08:00,0
03/22/2016,08:00:00+08:00,0
03/22/2016,07:00:00+08:00,0
03/21/2016,17:00:00+08:00,0
03/21/2016,16:00:00+08:00,3
03/21/2016,15:00:00+08:00,6
03/21/2016,14:00:00+08:00,9
03/21/2016,13:00:00+08:00,9
03/21/2016,12:00:00+08:00,8
03/21/2016,11:00:00+08:00,5
03/21/2016,10:00:00+08:00,3
03/21/2016,09:00:00+08:00,1
03/21/2016,08:00:00+08:00,0
03/21/2016,07:00:00+08:00,0
