,date,latitude,longitude,numberofcases,comments,x_coord,y_coord,region
0,2016-01-01,1.3465716,103.9336374,1,Tampines Avenue 1 (Blk 890B),39164.4195231,36522.8653841,EAST
1,2016-01-01,1.3497514,103.9344215,2,Tampines Avenue 3,39251.6667323,36874.475575,EAST
2,2016-01-01,1.3516172,103.94133,81,Tampines Avenue 4,40020.4975967,37080.819623,EAST
3,2016-01-01,1.34703,103.937957,2,Tampines Avenue 4 (Blk 801),39645.1418878,36573.5732011,EAST
4,2016-01-01,1.345189,103.93787,3,Tampines Avenue 4 (Blk 803),39635.4684596,36370.0040751,EAST
5,2016-01-01,1.3457286,103.9374662,8,Tampines Avenue 4 (Blk 804),39590.5273333,36429.6684626,EAST
6,2016-01-01,1.346217,103.937214,5,Tampines Avenue 4 (Blk 805),39562.457903,36483.6721309,EAST
7,2016-01-01,1.3455016,103.936761,9,Tampines Avenue 4 (Blk 806),39512.0472704,36404.5645834,EAST
8,2016-01-01,1.345854,103.936136,4,Tampines Avenue 4 (Blk 807),39442.4898884,36443.5282977,EAST
9,2016-01-01,1.346469,103.9360159,4,Tampines Avenue 4 (Blk 808),39429.1211963,36511.5314011,EAST
10,2016-01-01,1.359961,103.885823,1,Tampines Avenue 4 (Blk 809),33843.1680011,38003.2307722,NORTH-EAST
11,2016-01-01,1.359961,103.885823,5,Tampines Avenue 4 (Blk 810),33843.1680011,38003.2307722,NORTH-EAST
12,2016-01-01,1.346566,103.937215,5,Tampines Avenue 4 (Blk 811),39562.5675481,36522.2628356,EAST
13,2016-01-01,1.346973,103.937397,3,Tampines Avenue 4 (Blk 812),39582.8202502,36567.2677539,EAST
14,2016-01-01,1.3671771,103.9278919,2,Tampines Avenue 4 (Blk 816),38524.9188637,38801.2940221,EAST
15,2016-01-01,1.3488598,103.9348281,1,Tampines Street 81 (Blk 813),39296.9209459,36775.8887306,EAST
16,2016-01-01,1.3488598,103.9348281,6,Tampines Street 81 (Blk 814),39296.9209459,36775.8887306,EAST
17,2016-01-01,1.3488598,103.9348281,4,Tampines Street 81 (Blk 818),39296.9209459,36775.8887306,EAST
18,2016-01-01,1.3488598,103.9348281,3,Tampines Street 81 (Blk 819),39296.9209459,36775.8887306,EAST
19,2016-01-01,1.347988,103.936179,1,Tampines Street 81 (Blk 820),39447.2653663,36679.4956955,EAST
20,2016-01-01,1.347971,103.9318569,3,Tampines Street 81 (Blk 894A),38966.2629837,36677.5960351,EAST
21,2016-01-01,1.3476655,103.9324465,1,Tampines Sterret 81 (Blk 895A),39031.8803864,36643.8180176,EAST
22,2016-01-01,1.3465454,103.935472,2,Tampines Street 81 (Blk 899),39368.5906804,36519.9767938,EAST
23,2016-01-01,1.3476439,103.9404331,1,Tampines Street 91 (Blk 927),39920.7019056,36641.4672141,EAST
24,2016-01-01,1.3463015,103.9396416,2,Tampines Street 91 (Blk 929),39832.6230572,36493.0273675,EAST
25,2016-01-01,1.3455685,103.9398229,8,Tampines Street 91 (Blk 932),39852.8033203,36411.9767138,EAST
26,2016-01-01,1.3476439,103.9404331,8,Tampines Street 91 (Blk 933),39920.7019056,36641.4672141,EAST
27,2016-01-01,1.3476439,103.9404331,1,Tampines Street 91 (Blk 934),39920.7019056,36641.4672141,EAST
28,2016-01-01,1.365865,103.9543875,2,Pasir Ris Street 11 (Blk 110),41473.5741173,38656.340736,EAST
29,2016-01-01,1.365865,103.9543875,3,Pasir Ris Street 11 (Blk 111),41473.5741173,38656.340736,EAST
30,2016-01-01,1.365865,103.9543875,10,Pasir Ris Street 11 (Blk 112),41473.5741173,38656.340736,EAST
31,2016-01-01,1.365865,103.9543875,4,Pasir Ris Street 11 (Blk 113),41473.5741173,38656.340736,EAST
32,2016-01-01,1.3686896,103.9545084,1,Pasir Ris Street 11 (Blk 116),41487.013114,38968.6720015,EAST
33,2016-01-01,1.3678825,103.9547804,1,Pasir Ris Street 11 (Blk 117),41517.2880199,38879.4283218,EAST
34,2016-01-01,1.365865,103.9543875,3,Pasir Ris Street 11 (Blk 119),41473.5741173,38656.340736,EAST
35,2016-01-01,1.3652882,103.9580519,1,Pasir Ris Street 11 (Blk 120),41881.3823841,38592.5818268,EAST
36,2016-01-01,1.3652882,103.9580519,3,Pasir Ris Street 11 (Blk 121),41881.3823841,38592.5818268,EAST
37,2016-01-01,1.3652882,103.9580519,2,Pasir Ris Street 11 (Blk 122),41881.3823841,38592.5818268,EAST
38,2016-01-01,1.365865,103.9543875,1,Pasir Ris Street 11 (Blk 124),41473.5741173,38656.340736,EAST
39,2016-01-01,1.3653337,103.9580673,3,Pasir Ris Street 11 (Blk 126),41883.0959639,38597.6130859,EAST
40,2016-01-01,1.3652882,103.9580519,2,Pasir Ris Street 11 (Blk 127),41881.3823841,38592.5818268,EAST
41,2016-01-01,1.3652882,103.9580519,4,Pasir Ris Street 11 (Blk 128),41881.3823841,38592.5818268,EAST
42,2016-01-01,1.3652882,103.9580519,16,Pasir Ris Street 11 (Blk 129),41881.3823841,38592.5818268,EAST
43,2016-01-01,1.3652882,103.9580519,5,Pasir Ris Street 11 (Blk 132),41881.3823841,38592.5818268,EAST
44,2016-01-01,1.3652882,103.9580519,3,Pasir Ris Street 11 (Blk 133),41881.3823841,38592.5818268,EAST
45,2016-01-01,1.365865,103.9543875,3,Pasir Ris Street 11 (Blk 134),41473.5741173,38656.340736,EAST
46,2016-01-01,1.367035,103.958084,1,Pasir Ris Street 12 (Blk 101),41884.9447138,38785.73472,EAST
47,2016-01-01,1.3674845,103.957044,5,Pasir Ris Street 12 (Blk 108),41769.2023396,38835.4322707,EAST
48,2016-01-01,1.3671629,103.959539,1,Pasir Ris Street 12 (Blk 199),42046.868429,38799.8857453,EAST
49,2016-01-01,1.3694468,103.9620476,1,Pasir Ris Street 21 (Blk 213),42326.0326864,39052.4432387,EAST
50,2016-01-01,1.371025,103.96181,1,Pasir Ris Street 21 (Blk 216),42299.5812551,39226.9515857,EAST
51,2016-01-01,1.3670888,103.9529586,2,Pasir Ris Street 51 (Blk 551),41314.5474994,38791.6546428,EAST
52,2016-01-01,1.3152359,103.8553245,16,Joo Avenue,30449.0839889,33057.7054407,CENTRAL
53,2016-01-01,1.316682,103.852162,1,Kent Road (Blk 53),30097.1269994,33217.6048788,CENTRAL
54,2016-01-01,1.3177356,103.8515996,2,Mergui Road,30034.5364805,33334.1060943,CENTRAL
55,2016-01-01,1.3130285,103.8536787,1,Owen Road,30265.9242914,32813.6209264,CENTRAL
56,2016-01-01,1.3153569,103.8519835,1,Oxford Road (Kentish Court),30077.2627762,33071.0819727,CENTRAL
57,2016-01-01,1.3158816,103.852283,3,Oxford Road (Kentish Lodge),30110.5937983,33129.1008566,CENTRAL
58,2016-01-01,1.313287,103.8551175,2,Perumal Road,30426.0487622,32842.2058785,CENTRAL
59,2016-01-01,1.313615,103.855152,3,Race Course Road (Blk 681),30429.8879662,32878.4744685,CENTRAL
60,2016-01-01,1.307925,103.850605,2,Race Course Road (Blk 682),29923.8546868,32249.2995469,CENTRAL
61,2016-01-01,1.307925,103.850605,2,Race Course Road (Blk 684),29923.8546868,32249.2995469,CENTRAL
62,2016-01-01,1.3124979,103.8549934,1,Rangoon Road (Blk 677),30412.2383727,32754.9511312,CENTRAL
63,2016-01-01,1.352083,103.819836,1,Rangoon Road (R66 Apartments),26499.5783502,37132.0623973,NORTH
64,2016-01-01,1.352083,103.819836,1,Rangoon Road (Suites 123),26499.5783502,37132.0623973,NORTH
65,2016-01-01,1.3165419,103.8538477,1,Rangoon Lane,30284.729188,33202.1148197,CENTRAL
66,2016-01-01,1.3152005,103.8537717,2,Rangoon Road,30276.2723397,33053.7896217,CENTRAL
67,2016-01-01,1.307093,103.851957,5,Serangoon Road,30074.3203785,32157.3023393,CENTRAL
68,2016-01-01,1.3151066,103.8540976,22,Sing Avenue,30312.5419569,33043.4069409,CENTRAL
69,2016-01-01,1.352083,103.819836,3,Sing Avenue (Bliss Regalia),26499.5783502,37132.0623973,NORTH
70,2016-01-01,1.3149224,103.8549757,3,Sing Joo Walk,30410.2662094,33023.0398801,CENTRAL
71,2016-01-01,1.3140127,103.8535905,1,Starlight Road,30256.1075904,32922.44863,CENTRAL
72,2016-01-01,1.314549,103.855457,4,Tessensohn Road (Blk 683),30463.8306356,32981.7516936,CENTRAL
73,2016-01-01,1.3236096,103.9560325,3,Eastwood Drive,41656.8782342,33983.9531476,EAST
74,2016-01-01,1.3228287,103.9561278,4,Eastwood Green,41667.4884679,33897.6055587,EAST
75,2016-01-01,1.3221361,103.9562672,3,Eastwood Place,41683.0061253,33821.0219963,EAST
76,2016-01-01,1.3213954,103.9560475,4,Eastwood Road,41658.5596906,33739.1177943,EAST
77,2016-01-01,1.3218125,103.956911,12,Eastwood Terrace,41754.6566083,33785.2434421,EAST
78,2016-01-01,1.3224981,103.9567406,12,Eastwood Walk,41735.688969,33861.0528049,EAST
79,2016-01-01,1.3226937,103.9575063,6,Eastwood Way,41820.9028679,33882.6855493,EAST
80,2016-01-01,43.4429225,-80.4604887,2,Eastwood Road (Fairmount Condominium),130634282.181,-63285526.1176,NA
81,2016-01-01,1.352083,103.819836,3,Eastwood Road (Laguna 88),26499.5783502,37132.0623973,NORTH
82,2016-01-01,1.3237642,103.9551252,2,Jalan Greja,41555.9037586,34001.0430847,EAST
83,2016-01-01,1.352083,103.819836,8,How Sun Drive (Sun Rosier),26499.5783502,37132.0623973,NORTH
84,2016-01-01,1.352083,103.819836,1,How Sun Rd (Townhouse Condominium) /,26499.5783502,37132.0623973,NORTH
85,2016-01-01,1.3447844,103.8790052,1,How Sun Drive,33084.45762,36325.0638692,NORTH-EAST
86,2016-01-01,1.3448664,103.8779348,3,How Sun Walk,32965.3336338,36334.1288103,NORTH-EAST
87,2016-01-01,1.3464728,103.8785002,4,Jalan Kesoma,33028.2531832,36511.7575231,NORTH-EAST
88,2016-01-01,1.3457721,103.8769881,2,Jalan Rindu,32859.9744846,36434.274611,NORTH-EAST
89,2016-01-01,1.344607,103.8803012,4,Lorong How Sun,33228.6886345,36305.4506141,NORTH-EAST
90,2016-01-01,1.352083,103.819836,7,Lorong Ong Lye (Casa Rosa),26499.5783502,37132.0623973,NORTH
91,2016-01-01,1.3482609,103.8787281,1,Lorong Ong Lye,33053.6122614,36709.4770169,NORTH-EAST
92,2016-01-01,1.346151,103.877899,2,Serangoon Lane,32961.3468909,36476.173282,NORTH-EAST
93,2016-01-01,1.3538189,103.8388716,1,Jalan Chegar,28618.025178,37324.0058865,CENTRAL
94,2016-01-01,1.3538871,103.8382989,1,Jalan Hari Raya,28554.2901669,37331.5469564,CENTRAL
95,2016-01-01,1.3545512,103.8348724,2,Jalan Ikan Merah,28172.9596575,37404.9792334,CENTRAL
96,2016-01-01,1.353188,103.8371347,2,Jalan Isnin,28424.7280744,37254.2438127,CENTRAL
97,2016-01-01,1.3536753,103.837867,8,Jalan Khamis,28506.2246548,37308.1270993,CENTRAL
98,2016-01-01,1.3541633,103.8366619,5,Jalan Minggu,28372.1106509,37362.0874311,CENTRAL
99,2016-01-01,1.35424,103.8394643,1,Jalan Pintau,28683.9858285,37370.5691341,CENTRAL
100,2016-01-01,1.3534044,103.8375321,2,Jalan Rabu,28468.9541439,37278.172293,CENTRAL
101,2016-01-01,1.355428,103.835925,4,Jalan Terubok,28290.1019252,37501.9314027,CENTRAL
102,2016-01-01,1.354562,103.835851,2,Sin Ming Road (Blk 23),28281.8666719,37406.1735334,CENTRAL
103,2016-01-01,1.3548142,103.8387831,1,Sin Ming Road (Blk 25),28608.1758872,37434.0610588,CENTRAL
104,2016-01-01,1.3525392,103.8357847,1,Sin Ming Road (Sin Ming Plaza),28274.4884644,37182.5026273,CENTRAL
105,2016-01-01,1.352083,103.819836,1,Sin Ming Road (Thomson V Two),26499.5783502,37132.0623973,NORTH
106,2016-01-01,1.3583169,103.8783876,1,Ee Teow Leng Road,33015.6977364,37821.4178043,NORTH-EAST
107,2016-01-01,1.360238,103.881326,3,Flower Road,33342.7035153,38033.8496152,NORTH-EAST
108,2016-01-01,1.3592669,103.878699,1,Highland Close,33050.3509887,37926.4646409,NORTH-EAST
109,2016-01-01,1.3578622,103.8788124,2,Highland Road,33062.9740177,37771.140267,NORTH-EAST
110,2016-01-01,1.359539,103.87931,1,Highland Walk,33118.3476353,37956.5533668,NORTH-EAST
111,2016-01-01,1.3577136,103.8773821,3,Hillside Drive,32903.7984123,37754.7058851,NORTH-EAST
112,2016-01-01,1.3595474,103.8772902,3,Jansen Road,32893.5673124,37957.4780107,NORTH-EAST
113,2016-01-01,1.358028,103.879544,1,Jalan Sahabat,33144.3923163,37789.4751351,NORTH-EAST
114,2016-01-01,1.359667,103.883693,7,Kovan Road,33606.1244103,37970.7166891,NORTH-EAST
115,2016-01-01,1.3579429,103.880657,1,Kovan Road (Kovana),33268.2565674,37780.0676041,NORTH-EAST
116,2016-01-01,1.3579429,103.880657,2,Kovan Road (Kovan Lodge),33268.2565674,37780.0676041,NORTH-EAST
117,2016-01-01,1.352083,103.819836,3,Palm Grove Avenue (Palm Grove Condominium),26499.5783502,37132.0623973,NORTH
118,2016-01-01,1.3613224,103.8794974,1,Palm Grove Avenue,33139.1993091,38153.7531088,NORTH-EAST
119,2016-01-01,1.3348931,103.8701028,1,Upper Serangoon Road,32093.7342655,35231.3175755,CENTRAL
120,2016-01-01,1.3546508,103.861626,2,Golden Rise,31150.3301151,37416.0108176,NORTH-EAST
121,2016-01-01,1.3565959,103.8632575,2,Jalan Pacheli,31331.8948105,37631.0922605,NORTH-EAST
122,2016-01-01,1.3557054,103.8641606,10,Li Hwan Close,31432.4007211,37532.6265612,NORTH-EAST
123,2016-01-01,1.355245,103.863044,6,Li Hwan Drive,31308.1365459,37481.7163185,NORTH-EAST
124,2016-01-01,1.3554974,103.8654351,1,Li Hwan Palce,31574.23829,37509.6288218,NORTH-EAST
125,2016-01-01,1.355401,103.8646181,3,Li Hwan Terrace,31483.3156699,37498.9682104,NORTH-EAST
126,2016-01-01,1.3544869,103.8645421,2,Li Hwan View,31474.8590405,37397.8915732,NORTH-EAST
127,2016-01-01,1.356519,103.8625251,2,Tai Hwan Lane,31250.3872063,37622.5880542,NORTH-EAST
128,2016-01-01,1.354102,103.8741851,3,Joon Hiang Road,32548.015887,37355.3472371,NORTH-EAST
129,2016-01-01,1.3523202,103.8739753,1,Recreation Lane,32524.6708308,37158.3244468,NORTH-EAST
130,2016-01-01,1.35221,103.8749385,3,Recreation Road,32631.8643365,37146.140906,NORTH-EAST
131,2016-01-01,1.351274,103.873794,1,Serangoon Central (Blk 201),32504.4961129,37042.6406269,NORTH-EAST
132,2016-01-01,1.351527,103.873665,1,Serangoon Central (Blk 202),32490.1393973,37070.6158432,NORTH-EAST
133,2016-01-01,1.352066,103.873216,2,Serangoon Central (Blk 203),32440.1697669,37130.2149005,NORTH-EAST
134,2016-01-01,1.3525133,103.8732308,6,Serangoon Central (Blk 204),32441.8160273,37179.6750898,NORTH-EAST
135,2016-01-01,1.3527879,103.8733397,1,Serangoon Central (Blk 205),32453.9348675,37210.0391628,NORTH-EAST
136,2016-01-01,1.353471,103.873335,1,Serangoon Central (Blk 206),32453.4105653,37285.5728834,NORTH-EAST
137,2016-01-01,1.354066,103.873707,1,Serangoon Central (Blk 208),32494.8088545,37351.3656486,NORTH-EAST
138,2016-01-01,1.354907,103.873555,2,Serangoon Central (Blk 210),32477.8914379,37444.3588782,NORTH-EAST
139,2016-01-01,1.3116201,103.875783,1,Lorong 4 Geylang (Wang Lodge),32725.9249612,32657.9181436,CENTRAL
140,2016-01-01,1.352083,103.819836,1,Lorong 7 Geylang (Centra Residence),26499.5783502,37132.0623973,NORTH
141,2016-01-01,1.3128254,103.8763165,1,Lorong 9 Geylang (Kim Court),32785.2961799,32791.1950711,CENTRAL
142,2016-01-01,1.3094907,103.8761659,1,Lorong 4 Geylang,32768.5421387,32422.4607037,CENTRAL
143,2016-01-01,1.310715,103.8766677,2,Lorong 6 Geylang,32824.3854431,32557.8384988,CENTRAL
144,2016-01-01,1.3123871,103.876021,1,Lorong 7 Geylang,32752.4106652,32742.7295338,CENTRAL
145,2016-01-01,1.3094005,103.8774463,5,Lorong 8 Geylang,32911.0388561,32412.4893195,CENTRAL
146,2016-01-01,1.3128088,103.8764915,1,Lorong 9 Geylang,32804.7720486,32789.3598634,CENTRAL
147,2016-01-01,1.3129031,103.8770757,1,Lorong 11 Geylang,32869.7877755,32799.7882052,CENTRAL
148,2016-01-01,1.3129478,103.8777403,2,Lorong 13 Geylang,32943.7513509,32804.7322065,CENTRAL
149,2016-01-01,1.3171524,103.8937252,3,Sims Avenue,34722.7077355,33269.6928041,CENTRAL
150,2016-01-01,1.4118704,103.8333253,1,Yishun Street 81 (Blk 816),28000.7850984,43743.0453005,NORTH
151,2016-01-01,1.4134114,103.8339862,2,Yishun Street 81 (Blk 821),28074.3339158,43913.4413097,NORTH
152,2016-01-01,1.413955,103.83391,1,Yishun Street 81 (Blk 822),28065.8539192,43973.5498511,NORTH
153,2016-01-01,1.414388,103.8328949,1,Yishun Street 81 (Blk 825),27952.8876905,44021.428802,NORTH
154,2016-01-01,1.414615,103.8330299,1,Yishun Street 81 (Blk 829),27967.9112769,44046.5293138,NORTH
155,2016-01-01,1.4142649,103.8339891,4,Yishun Street 81 (Blk 830),28074.656618,44007.8170311,NORTH
156,2016-01-01,1.4146311,103.8340797,3,Yishun Street 81 (Blk 833),28084.7390991,44048.3095817,NORTH
157,2016-01-01,1.415124,103.833335,1,Yishun Street 81 (Blk 835),28001.8645715,44102.8119626,NORTH
158,2016-01-01,1.415572,103.832901,1,Yishun Street 81 (Blk 836),27953.5665582,44152.3495461,NORTH
159,2016-01-01,1.4134292,103.8352528,4,Yishun Street 81 (Orchid Park Condominium),28215.2885689,43915.4096219,NORTH
160,2016-01-01,1.3793534,103.7724732,1,Bangkit Road (Blk 257),21228.7088011,40147.5667449,WEST
161,2016-01-01,1.3793534,103.7724732,1,Bangkit Road (Blk 259A),21228.7088011,40147.5667449,WEST
162,2016-01-01,1.3793534,103.7724732,2,Bangkit Road (Blk 270),21228.7088011,40147.5667449,WEST
163,2016-01-01,1.3793534,103.7724732,3,Bangkit Road (Blk 273),21228.7088011,40147.5667449,WEST
164,2016-01-01,1.352083,103.819836,9,Bangkit Road (Chestervale),26499.5783502,37132.0623973,NORTH
165,2016-01-01,1.3175232,103.9408108,2,Lucky Heights,39962.8810946,33310.8704939,EAST
166,2016-01-01,1.3178975,103.9395054,5,Lucky View,39817.6007748,33352.2525086,EAST
167,2016-01-01,1.316119,103.939127,1,Sennett Close,39775.4968212,33155.592987,EAST
168,2016-01-01,1.352083,103.819836,7,Upper East Coast Road (The Summit),26499.5783502,37132.0623973,NORTH
169,2016-01-01,1.352083,103.819836,1,Upper East Coast Road (The Baycourt),26499.5783502,37132.0623973,NORTH
170,2016-01-01,1.3510064,103.837525,1,Shunfu Road (Blk 309),28468.1644524,37013.0136947,CENTRAL
171,2016-01-01,1.3509026,103.8384743,3,Shunfu Road (Blk 310),28573.8108901,37001.5362236,CENTRAL
172,2016-01-01,1.350988,103.839223,1,Shunfu Road (Blk 311),28657.1327604,37010.9795087,CENTRAL
173,2016-01-01,1.3513189,103.8380265,2,Shunfu Road (Blk 313),28523.9756954,37047.568451,CENTRAL
174,2016-01-01,1.3519898,103.8386631,1,Shunfu Road (Blk 315),28594.8219439,37121.7532936,CENTRAL
175,2016-01-01,1.3516645,103.8394235,5,Shunfu Road (Blk 316),28679.4459681,37085.7834794,CENTRAL
176,2016-01-01,1.3528243,103.8390747,1,Shunfu Road (Blk 317),28640.6281581,37214.0281478,CENTRAL
177,2016-01-01,1.3518875,103.8360813,1,Upper Thomson Road (Thomson Imperial Court),28307.4967694,37110.441004,CENTRAL
178,2016-01-01,1.3140819,103.8582214,3,Beatty Road,30771.4823286,32930.1050672,CENTRAL
179,2016-01-01,1.307093,103.851957,2,Serangoon Road,30074.3203785,32157.3023393,CENTRAL
180,2016-01-01,1.312968,103.8584371,2,Sturdee Road,30795.4889094,32806.9359597,CENTRAL
181,2016-01-01,1.3132789,103.8579597,3,Sturdee Road (Kerrisdale),30742.3585005,32841.3131582,CENTRAL
182,2016-01-01,1.352083,103.819836,2,Sturdee Road North (Sturdee View),26499.5783502,37132.0623973,NORTH
183,2016-01-01,1.352083,103.819836,1,Ang Mo Kio Avenue 1 (Kingsgrove),26499.5783502,37132.0623973,NORTH
184,2016-01-01,1.3580504,103.8609297,2,Tai Hwan Close,31072.8355771,37791.920391,NORTH-EAST
185,2016-01-01,1.3565657,103.8596001,6,Tai Hwan Grove,30924.8682449,37627.7481729,NORTH-EAST
186,2016-01-01,1.3577428,103.8617302,2,Tai Hwan Heights,31161.9223767,37757.9085794,NORTH-EAST
187,2016-01-01,1.3161086,103.8502139,2,Cambridge Road (Blk 41),29880.3227946,33154.1996977,CENTRAL
188,2016-01-01,1.312476,103.85009,1,Dorset Road (Blk 49),29866.5366179,32752.5253512,CENTRAL
189,2016-01-01,1.312113,103.8515819,1,Farrer Park Road (Blk 12),30032.5711871,32712.3878374,CENTRAL
190,2016-01-01,1.311672,103.851167,1,Farrer Park Road (Blk 13),29986.3971051,32663.6239898,CENTRAL
191,2016-01-01,1.3110329,103.851581,1,Farrer Park Road (Blk 15),30032.4718963,32592.9559269,CENTRAL
192,2016-01-01,1.3136862,103.8512945,1,Gloucester Road (Blk 9),30000.5850472,32886.3439823,CENTRAL
193,2016-01-01,1.3130285,103.8536787,2,Owen Road (Blk 47),30265.9242914,32813.6209264,CENTRAL
194,2016-01-01,1.3504814,103.8755699,1,Lorong Lew Lian (Blk 2),32702.1353623,36955.0023064,NORTH-EAST
195,2016-01-01,1.3507319,103.8758729,1,Lorong Lew Lian (Blk 7),32735.8553862,36982.7019126,NORTH-EAST
196,2016-01-01,1.347815,103.873793,2,Serangoon Central (Blk 410),32504.3911852,36660.1619787,NORTH-EAST
197,2016-01-01,1.349008,103.87429,1,Serangoon Central (Blk 414),32559.6995625,36792.0787816,NORTH-EAST
198,2016-01-01,1.34968,103.874517,1,Serangoon Central (Blk 415),32584.9608788,36866.3855543,NORTH-EAST
199,2016-01-01,1.349917,103.8750489,1,Serangoon Central (Blk 417),32644.1549647,36892.5928194,NORTH-EAST
200,2016-01-01,1.348844,103.875143,1,Serangoon Central (Blk 421),32654.6292826,36773.9461088,NORTH-EAST
201,2016-01-01,1.34812,103.8755925,1,Serangoon Central (Blk 424),32704.6550243,36693.8907299,NORTH-EAST
202,2016-01-01,1.3699293,103.8700793,7,Serangoon North Avenue 1 (Blk 107),32091.0603199,39105.4424518,NORTH-EAST
203,2016-01-01,1.3688288,103.8713082,1,Serangoon North Avenue 1 (Blk 114),32227.8239594,38983.7568685,NORTH-EAST
204,2016-01-01,1.3699889,103.8725304,1,Serangoon North Avenue 1 (Blk 153),32363.8380092,39112.0370399,NORTH-EAST
205,2016-01-01,1.4539593,103.7976106,1,Woodlands Industrial Park E3,24026.3141141,48397.0556081,NORTH
206,2016-01-01,1.4513693,103.7951372,2,Woodlands Industrial Park E5,23751.0596433,48110.6708267,NORTH
207,2016-01-01,1.4518347,103.7982334,5,Woodlands Industrial Park E7,24095.6180849,48162.1268539,NORTH
208,2016-01-01,1.4490569,103.7970034,1,Woodlands Industrial Park E9,23958.733816,47854.973754,NORTH
209,2016-01-01,1.3141099,103.9182794,4,Dunbar Walk,37455.3650642,32933.3480858,EAST
210,2016-01-01,1.313106,103.91784,3,Greenfield Drive,37406.4677582,32822.3402046,EAST
211,2016-01-01,1.3507089,103.8647179,1,Serangoon Avenue 3 (Blk 133),31494.4289799,36980.1398113,NORTH-EAST
212,2016-01-01,1.352083,103.819836,1,Serangoon Avenue 3 (Amaranda Gardens),26499.5783502,37132.0623973,NORTH
213,2016-01-01,1.352083,103.819836,3,Serangoon Avenue 3 (The Scala),26499.5783502,37132.0623973,NORTH
214,2016-01-01,1.352083,103.819836,1,Serangoon Avenue 3 (The Springbloom),26499.5783502,37132.0623973,NORTH
215,2016-01-01,1.437529,103.800409,1,Woodlands Ring Road (Blk 646),24337.7046677,46580.2704356,NORTH
216,2016-01-01,1.436545,103.799443,1,Woodlands Ring Road (Blk 658),24230.2020249,46471.4662144,NORTH
217,2016-01-01,1.435452,103.799352,2,Woodlands Ring Road (Blk 660),24220.0733157,46350.6078977,NORTH
218,2016-01-01,1.436228,103.798151,1,Woodlands Ring Road (Blk 663),24086.4215783,46436.4161138,NORTH
219,2016-01-01,1.436343,103.79786,1,Woodlands Ring Road (Blk 664),24054.0379063,46449.1327387,NORTH
220,2016-01-01,1.3316494,103.9307819,1,Bedok North Street 3 (Blk 525),38846.6990223,34872.8295887,EAST
221,2016-01-01,1.3325106,103.9241581,1,Bedok North Street 3 (Blk 526),38109.5342786,34968.0286453,EAST
222,2016-01-01,1.3316494,103.9307819,2,Bedok North Street 3 (Blk 529),38846.6990223,34872.8295887,EAST
223,2016-01-01,1.333639,103.924036,1,Bedok North Street 3 (Blk 533),38095.9412074,35092.800993,EAST
224,2016-01-01,1.32115,103.865792,1,Bendemeer Road (Blk 43),31614.0074322,33711.6690516,CENTRAL
225,2016-01-01,1.3222487,103.8663206,1,Bendemeer Road (Blk 44),31672.8337734,33833.1584524,CENTRAL
226,2016-01-01,1.3234308,103.8668042,2,Bendemeer Road (Blk 47),31726.6518867,33963.8697461,CENTRAL
227,2016-01-01,1.324448,103.866396,1,Whampoa South (Blk 49),31681.2218035,34076.3459121,CENTRAL
228,2016-01-01,1.352083,103.819836,1,Ceylon Road (Ceylon Residence),26499.5783502,37132.0623973,NORTH
229,2016-01-01,1.3079797,103.8994102,1,Haig Avenue,35355.4201252,32255.4381726,CENTRAL
230,2016-01-01,1.3089426,103.8986775,1,Haig Lane,35273.8746176,32361.9086352,CENTRAL
231,2016-01-01,1.3123569,103.8964002,1,Haig Road,35020.4227845,32739.4381108,CENTRAL
232,2016-01-01,1.352083,103.819836,1,Haig Road (Dunman View),26499.5783502,37132.0623973,NORTH
233,2016-01-01,1.3398949,103.7178875,3,Corporation Rise,15153.7894115,35784.6630906,WEST
234,2016-01-01,1.339475,103.7182739,2,Corporation Walk,15196.7894877,35738.2305805,WEST
235,2016-01-01,1.3214643,103.902121,1,Eunos Crescent (Blk 1),35657.0660361,33746.50512,CENTRAL
236,2016-01-01,1.3214663,103.902166,1,Eunos Crescent (Blk 10),35662.0740873,33746.7264086,CENTRAL
237,2016-01-01,1.3214663,103.902166,1,Eunos Crescent (Blk 31),35662.0740873,33746.7264086,CENTRAL
238,2016-01-01,1.3214663,103.902166,1,Eunos Crescent (Blk 35),35662.0740873,33746.7264086,CENTRAL
239,2016-01-01,1.3221442,103.9021157,1,Eunos Crescent (Blk 36),35656.4741163,33821.68501,CENTRAL
240,2016-01-01,1.3147949,103.8731622,4,Lorong 3 Geylang,32434.2491009,33008.9664975,CENTRAL
241,2016-01-01,1.318769,103.874187,1,Upper Boon Keng Road (Blk 39),32548.2923088,33448.4040122,CENTRAL
242,2016-01-01,1.3218372,103.8595704,2,McNair Road (Blk 108B),30921.6040745,33787.6479306,CENTRAL
243,2016-01-01,1.320063,103.858517,1,McNair Road,30804.3730952,33591.4647709,CENTRAL
244,2016-01-01,1.320827,103.857584,2,Towner Road,30700.5385565,33675.9429437,CENTRAL
245,2016-01-01,1.352083,103.819836,4,Mei Hwan Drive (Goldenhill Park Condominium),26499.5783502,37132.0623973,NORTH
246,2016-01-01,1.3536933,103.8610208,1,Mei Hwan Drive,31082.9794634,37310.1345644,NORTH-EAST
247,2016-01-01,1.3264771,103.9440356,1,New Upper Changi Road (Blk 52),40321.7264371,34300.9643642,EAST
248,2016-01-01,1.3264771,103.9440356,4,New Upper Changi Road (Blk 55),40321.7264371,34300.9643642,EAST
249,2016-01-01,1.352083,103.819836,5,Petir Road (Maysprings),26499.5783502,37132.0623973,NORTH
250,2016-01-01,1.4507412,103.8175455,1,Admiralty Drive (Blk 357A),26244.7450814,48041.1889193,NORTH
251,2016-01-01,1.4504073,103.8165404,1,Admiralty Drive (Blk 357B),26132.893207,48004.2687346,NORTH
252,2016-01-01,1.4504073,103.8165404,1,Admiralty Drive (Blk 357C),26132.893207,48004.2687346,NORTH
253,2016-01-01,1.4514693,103.8179857,1,Sembawang Drive (Blk 414),26293.732867,48121.6982339,NORTH
254,2016-01-01,1.3456705,103.7194592,2,Jurong West Street 52 (Blk 517),15328.732832,36423.292483,WEST
255,2016-01-01,1.345166,103.7180112,2,Jurong West Street 52 (Blk 518),15167.5834065,36367.5149077,WEST
256,2016-01-01,1.3120044,103.9155887,1,Kurau Terrace,37155.9232998,32700.5224588,EAST
257,2016-01-01,1.352083,103.819836,2,Lorong L Telok Kurau (The Espira),26499.5783502,37132.0623973,NORTH
258,2016-01-01,1.352083,103.819836,1,Lorong N Telok Kurau (The Lucent),26499.5783502,37132.0623973,NORTH
259,2016-01-01,1.3379922,103.8450399,1,Lorong 1 Toa Payoh (Blk 126),29304.495209,35573.9727043,CENTRAL
260,2016-01-01,1.336597,103.845298,1,Lorong 1A Toa Payoh (Blk 138A),29333.2197407,35419.698766,CENTRAL
261,2016-01-01,1.3370083,103.8460544,1,Lorong 2 Toa Payoh (Blk 121),29417.398813,35465.1786384,CENTRAL
262,2016-01-01,1.3377717,103.8467378,1,Lorong 3 Toa Payoh (Trevista),29493.4535208,35549.5919092,CENTRAL
263,2016-01-01,1.3572656,103.8676677,4,Lorong Chuan (Chuan Park),31822.6983713,37705.1507993,NORTH-EAST
264,2016-01-01,1.3500963,103.935336,1,Tampines Street 82 (Blk 832),39353.4389102,36912.6171649,EAST
265,2016-01-01,1.3508151,103.9353434,1,Tampines Street 82 (Blk 838),39354.2591135,36992.0985589,EAST
266,2016-01-01,1.3517954,103.9358119,1,Tampines Street 82 (Blk 842),39406.3934096,37100.4974945,EAST
267,2016-01-01,1.3529801,103.9366504,1,Tampines Street 82 (Blk 854),39499.703575,37231.4997396,EAST
268,2016-01-01,1.4281047,103.7733452,1,Woodlands Street 41 (Blk 414),21325.8897726,45538.239433,NORTH
269,2016-01-01,1.4272857,103.7744961,1,Woodlands Street 41 (Blk 424),21453.9655978,45447.6751787,NORTH
270,2016-01-01,1.4266121,103.7729233,2,Woodlands Street 41 (Blk 429),21278.9342094,45373.1963778,NORTH
271,2016-01-01,1.4476763,103.7713232,3,Admiralty Road West,21100.929855,47702.3758584,NORTH
272,2016-01-01,1.367577,103.849624,1,Ang Mo Kio Avenue 3 (Blk 311),29814.6347387,38845.3118925,NORTH-EAST
273,2016-01-01,1.367577,103.849624,1,Ang Mo Kio Avenue 3 (Blk 314),29814.6347387,38845.3118925,NORTH-EAST
274,2016-01-01,1.3671343,103.8497283,1,Ang Mo Kio Avenue 3 (Blk 346),29826.2424112,38796.3604577,NORTH-EAST
275,2016-01-01,1.328485,103.9273149,1,Bedok North Avenue 1 (Blk 424),38460.8706653,34522.9110043,EAST
276,2016-01-01,1.328566,103.930534,1,Bedok North Avenue 2 (Blk 416),38819.1237101,34531.8814394,EAST
277,2016-01-01,1.3287258,103.9288465,1,Bedok North Road ( Blk 422),38631.3212808,34549.5440058,EAST
278,2016-01-01,1.3215084,103.9407175,2,Bedok South Road (Blk 42),39952.4786766,33751.5337751,EAST
279,2016-01-01,1.322508,103.941235,1,New Upper Changi Road (Blk 60),40010.066593,33862.0671045,EAST
280,2016-01-01,1.3556731,103.8726445,2,Boundary Road,32376.5617911,37529.0686639,NORTH-EAST
281,2016-01-01,1.352083,103.819836,1,Lim Tua Tow Road (Casa Cambio),26499.5783502,37132.0623973,NORTH
282,2016-01-01,1.301963,103.893505,3,Bournemouth Road,34698.2419155,31590.1255657,CENTRAL
283,2016-01-01,1.31433,103.9200577,1,Bowmont Gardens,37653.2721766,32957.69244,EAST
284,2016-01-01,1.314281,103.920697,1,Jedburgh Gardens,37724.4204008,32952.2767448,EAST
285,2016-01-01,1.3175755,103.9058368,1,Changi Road,36070.6105708,33316.5129992,EAST
286,2016-01-01,1.3183007,103.9146358,1,Frankel Close,37049.8517972,33396.7321935,EAST
287,2016-01-01,1.3188968,103.9143763,1,Frankel Terrace,37020.9698098,33462.6449948,EAST
288,2016-01-01,1.305143,103.862027,1,Crawford Lane (Blk 463),31195.020473,31941.6919055,CENTRAL
289,2016-01-01,1.3050766,103.8624689,1,Crawford Lane (Blk 465),31244.1999707,31934.3502997,CENTRAL
290,2016-01-01,1.3052543,103.8629765,1,North Bridge Road (Blk 467),31300.6909604,31954.0001135,CENTRAL
291,2016-01-01,1.3553696,103.8911546,1,Hougang Avenue 1 (Blk 101),34436.5253524,37495.5504765,NORTH-EAST
292,2016-01-01,1.35398,103.8908827,1,Hougang Avenue 1 (Blk 106),34406.2696278,37341.8948019,NORTH-EAST
293,2016-01-01,1.3528142,103.889886,1,Hougang Avenue 1 (Blk 108),34295.3512128,37212.983916,NORTH-EAST
294,2016-01-01,1.3513939,103.8896764,1,Hougang Avenue 1 (Blk 169),34272.0287403,37055.9337751,NORTH-EAST
295,2016-01-01,1.3513939,103.8896764,1,Hougang Avenue 1 (Blk 173),34272.0287403,37055.9337751,NORTH-EAST
296,2016-01-01,1.3538962,103.8883212,1,Hougang Avenue 1 (Blk 174C),34121.2039062,37332.6220061,NORTH-EAST
297,2016-01-01,1.352083,103.819836,2,Joo Chiat Lane (D Castilia),26499.5783502,37132.0623973,NORTH
298,2016-01-01,1.3134583,103.9015915,1,Joo Chiat Place,35598.1621435,32861.2405115,CENTRAL
299,2016-01-01,1.352083,103.819836,3,Kitchener Link (City Square Residences),26499.5783502,37132.0623973,NORTH
300,2016-01-01,1.352083,103.819836,1,Kovan Road (Kovan Melody),26499.5783502,37132.0623973,NORTH
301,2016-01-01,1.3573223,103.8795935,1,Kovan Road (Kovan Residences),33149.9025883,37711.4425085,NORTH-EAST
302,2016-01-01,1.313372,103.8787173,1,Lorong 17 Geylang,33052.4813126,32851.6400287,CENTRAL
303,2016-01-01,1.3184199,103.8809078,1,Sims Drive (Blk 43A),33296.2524618,33409.8155979,CENTRAL
304,2016-01-01,1.3164043,103.8771131,1,Sims Drive (Blk 44),32873.943253,33186.9330926,CENTRAL
305,2016-01-01,1.321216,103.9112849,2,Lorong Mydin,36676.9189254,33719.0794733,EAST
306,2016-01-01,1.3201734,103.91094,1,Sims View,36638.5385357,33603.7928105,EAST
307,2016-01-01,1.40214,103.904432,1,Punggol Central (Blk 295),35913.9945272,42667.2269804,NORTH-EAST
308,2016-01-01,1.40245,103.9037029,1,Punggol Place (Blk 288C),35832.8545335,42701.502787,NORTH-EAST
309,2016-01-01,1.447329,103.8176644,1,Sembawang Close (Blk 321),26257.9741459,47663.8848464,NORTH
310,2016-01-01,1.4447097,103.8167888,1,Sembawang Crescent (Blk 327),26160.531574,47374.2564734,NORTH
311,2016-01-01,1.4447097,103.8167888,1,Sembawang Crescent (Blk 328),26160.531574,47374.2564734,NORTH
312,2016-01-01,1.3186787,103.9164837,1,Siglap Avenue,37255.5038176,33438.5363264,EAST
313,2016-01-01,1.317491,103.919961,2,Siglap Walk,37642.4982465,33307.2196052,EAST
314,2016-01-01,1.3469153,103.9473468,1,Tampines Street 11 (Blk 111),40690.125223,36560.9371063,EAST
315,2016-01-01,1.3462368,103.9475961,1,Tampines Street 11 (Blk 112),40717.8731269,36485.9131932,EAST
316,2016-01-01,1.345232,103.946547,1,Tampines Street 11 (Blk 119),40601.1247936,36374.8018822,EAST
317,2016-01-01,1.3159783,103.8713795,2,Upper Boon Keng Road (Blk 15),32235.8497025,33139.8177232,CENTRAL
318,2016-01-01,1.3155916,103.8718552,1,Upper Boon Keng Road (Blk 16),32288.7911826,33097.0592271,CENTRAL
319,2016-01-01,1.44368,103.796672,1,Woodlands Circle (Blk 721),23921.8446456,47260.4235983,NORTH
320,2016-01-01,1.444793,103.7973081,1,Woodlands Circle (Blk 726),23992.6346116,47383.4924455,NORTH
321,2016-01-01,1.443685,103.7987597,1,Woodlands Circle (Blk 733),24154.1731231,47260.9728346,NORTH
322,2016-01-01,1.426276,103.833059,3,Yishun Street 72 (Blk 759),27971.1498463,45335.9439001,NORTH
323,2016-01-01,1.454842,103.817248,1,Admiralty Link (Blk 486),26211.6413035,48494.6350875,NORTH
324,2016-01-01,1.454951,103.81693,1,Admiralty Link (Blk 489),26176.2531265,48506.6880168,NORTH
325,2016-01-01,1.3194707,103.8844493,2,Aljunied Crescent (Blk 109),33690.3845289,33526.0155218,CENTRAL
326,2016-01-01,1.3693402,103.8544579,1,Ang Mo Kio Avenue 3 (Blk 427),30352.5880864,39040.2817777,NORTH-EAST
327,2016-01-01,1.3682897,103.8535289,1,Ang Mo Kio Avenue 10 (Blk 432),30249.2025865,38924.1219372,NORTH-EAST
328,2016-01-01,1.3230091,103.9529433,1,Bedok Garden,41313.0836352,33917.5360012,EAST
329,2016-01-01,1.3224649,103.9534485,1,Bilal Lane,41369.3103858,33857.363741,EAST
330,2016-01-01,1.3338199,103.9150453,1,Bedok Reservoir Road (Blk 634),37095.3685539,35112.76897,EAST
331,2016-01-01,1.3338199,103.9150453,1,Bedok Reservoir Road (Blk 635),37095.3685539,35112.76897,EAST
332,2016-01-01,1.318858,103.862831,1,Bendemeer Road (Blk 27),31284.4804142,33458.2273192,CENTRAL
333,2016-01-01,1.3194317,103.8640138,1,Bendemeer Road (Blk 30),31416.1136969,33521.6657191,CENTRAL
334,2016-01-01,1.3566609,103.8661662,1,Cardiff Grove,31655.599616,37638.2838272,NORTH-EAST
335,2016-01-01,1.3563771,103.8655757,1,Chiselhurst Grove,31589.8841671,37606.9017825,NORTH-EAST
336,2016-01-01,1.3175755,103.9058368,1,Changi Road,36070.6105708,33316.5129992,EAST
337,2016-01-01,1.352083,103.819836,1,Kampong Eunos (Eunos Park),26499.5783502,37132.0623973,NORTH
338,2016-01-01,1.401267,103.749749,1,Choa Chu Kang Crescent (Blk 660),18699.8742711,42570.7408473,WEST
339,2016-01-01,1.4006074,103.7513186,1,Choa Chu Kang Crescent (Blk 692B),18874.5470722,42497.7993692,WEST
340,2016-01-01,1.3868306,103.899761,2,Compassvale Lane (Blk 206A),35394.2232226,40974.3746851,NORTH-EAST
341,2016-01-01,1.352083,103.819836,2,Dover Rise (Heritage View),26499.5783502,37132.0623973,NORTH
342,2016-01-01,1.36162,103.878666,2,Glasgow Road,33046.6735835,38186.658455,NORTH-EAST
343,2016-01-01,1.2837341,103.8189442,1,Jalan Bukit Merah (Blk 104),26400.2874281,29574.3924522,CENTRAL
344,2016-01-01,1.2803142,103.8242073,1,Jalan Bukit Merah (Blk 106),26986.0256377,29196.2348879,CENTRAL
345,2016-01-01,1.3102669,103.9209931,1,Jalan Dondang Sayang,37757.3890794,32508.4188386,EAST
346,2016-01-01,1.3097867,103.9211976,1,Jalan Puteri Jula Juli,37780.1498911,32455.321527,EAST
347,2016-01-01,1.4392696,103.8259988,1,Jalan Salang,27185.4584437,46772.7121407,NORTH
348,2016-01-01,1.4624517,103.8382386,1,Sembawang Road,28547.5542047,49336.0718465,NORTH
349,2016-01-01,1.352083,103.819836,1,Joo Chiat Terrace (One Eighties Residences),26499.5783502,37132.0623973,NORTH
350,2016-01-01,1.352083,103.819836,1,Joo Chiat Place (Flora East),26499.5783502,37132.0623973,NORTH
351,2016-01-01,1.3465954,103.7340336,1,Jurong East Street 32 (Blk 316),16950.7101538,36525.4924921,WEST
352,2016-01-01,1.352083,103.819836,1,Jurong East Street 32 (The Mayfair),26499.5783502,37132.0623973,NORTH
353,2016-01-01,1.308777,103.8522,2,Klang Lane (Blk 671A),30101.3626249,32343.510606,CENTRAL
354,2016-01-01,1.3113118,103.8791529,1,Lorong 14 Geylang,33100.9636167,32623.8345169,CENTRAL
355,2016-01-01,1.310337,103.8792887,1,Lorong 14 Geylang (Wing Fong Mansion),33116.0788536,32516.0463885,CENTRAL
356,2016-01-01,1.3216359,103.9083652,1,Lorong Marican,36351.9835462,33765.4998973,EAST
357,2016-01-01,1.3197205,103.9077415,1,Lorong Sarina,36282.5782067,33553.7025322,EAST
358,2016-01-01,1.352083,103.819836,2,Marine Parade Road (Laguna Park),26499.5783502,37132.0623973,NORTH
359,2016-01-01,1.371335,103.958606,1,Pasir Ris Drive 4 (Blk 461),41943.0123584,39261.2109987,EAST
360,2016-01-01,1.3720655,103.9579996,1,Pasir Ris Drive 6 (Blk 454),41875.5230551,39341.9826416,EAST
361,2016-01-01,1.3717232,103.9615797,2,Pasir Ris Street 21 (Blk 227),42273.9474662,39304.1538097,EAST
362,2016-01-01,1.374133,103.89574,1,Punggol East (Blk 167A),34946.7743473,39570.3255635,NORTH-EAST
363,2016-01-01,1.374133,103.89574,1,Punggol East (Blk 167D),34946.7743473,39570.3255635,NORTH-EAST
364,2016-01-01,1.2864383,103.8169141,1,Redhill Close (Blk 1),26174.355985,29873.4102923,CENTRAL
365,2016-01-01,1.2864383,103.8169141,1,Redhill Close (Blk 90),26174.355985,29873.4102923,CENTRAL
366,2016-01-01,1.3150295,103.9179912,2,Roseburn Avenue,37423.2876862,33035.0317501,EAST
367,2016-01-01,1.3234236,103.8616403,1,Saint Georges Road (Blk 1),31151.9614075,33963.0664512,CENTRAL
368,2016-01-01,1.3233982,103.8628859,1,Saint Georges Road (Blk 13),31290.5842766,33960.2594657,CENTRAL
369,2016-01-01,1.356988,103.93866,1,Tampines Central 7 (Blk 515B),39723.3303802,37674.6832359,EAST
370,2016-01-01,1.3563593,103.9401342,1,Tampines Central 8 (Blk 519C),39887.3952083,37605.1718682,EAST
371,2016-01-01,1.3524335,103.952386,2,Tampines Street 21 (Blk 203),41250.9037463,37171.1396105,EAST
372,2016-01-01,1.3500494,103.9528594,1,Tampines Street 22 (Blk 285),41303.6008946,36907.5200195,EAST
373,2016-01-01,1.348747,103.954419,1,Tampines Street 22 (Blk 288),41477.1744534,36763.5155438,EAST
374,2016-01-01,1.3515762,103.9326168,1,Tampines Street 83 (Blk 884),39050.8152666,37076.2446715,EAST
375,2016-01-01,1.351868,103.932798,1,Tampines Street 84 (Blk 883),39070.9794931,37108.5112994,EAST
376,2016-01-01,1.3573888,103.8256863,2,Windsor Park Road,27150.6525169,37718.7478536,CENTRAL
377,2016-01-01,42.103525,-83.2255529,1,Woodgrove Avenue (Woodhaven),153424655.047,-55155499.4108,NA
378,2016-01-01,1.43168,103.784662,1,Woodlands Avenue 1 (Blk 352),22585.2904493,45933.5484945,NORTH
379,2016-01-01,1.4378389,103.7948685,1,Woodlands Drive 50 (Blk 899B),23721.1323001,46614.5472643,NORTH
380,2016-01-01,1.4362613,103.7967346,1,Woodlands Ring Road (Blk 608),23928.7978822,46440.1007359,NORTH
381,2016-01-01,1.426709,103.848389,1,Yishun Avenue 6 (Blk 404),29677.1521677,45383.8283388,NORTH
382,2016-01-01,1.4262147,103.8321137,1,Yishun Ring Road (Blk 412),27865.9519123,45329.1656889,NORTH
383,2016-01-01,1.4262147,103.8321137,1,Yishun Ring Road (Blk 855),27865.9519123,45329.1656889,NORTH
384,2016-01-01,1.41596,103.83677,1,Yishun Street 81 (Blk 852),28384.1310416,44195.2529071,NORTH
